source_area,quarter,assets_pct_gdp,series_title,observation_status
AU,1969Q3,7.9725106182161,"Australia - Central bank, assets, total, BIS-spliced, GDP",A: Normal value
AU,1969Q4,8.3366848606722,"Australia - Central bank, assets, total, BIS-spliced, GDP",A: Normal value
AU,1970Q1,8.3068162786803,"Australia - Central bank, assets, total, BIS-spliced, GDP",A: Normal value
AU,1970Q2,8.1623260598841,"Australia - Central bank, assets, total, BIS-spliced, GDP",A: Normal value
AU,1970Q3,7.8148148148148,"Australia - Central bank, assets, total, BIS-spliced, GDP",A: Normal value
AU,1970Q4,7.8349607604445,"Australia - Central bank, assets, total, BIS-spliced, GDP",A: Normal value
AU,1971Q1,8.1366553797948,"Australia - Central bank, assets, total, BIS-spliced, GDP",A: Normal value
AU,1971Q2,8.8090465939178,"Australia - Central bank, assets, total, BIS-spliced, GDP",A: Normal value
AU,1971Q3,8.4280872136349,"Australia - Central bank, assets, total, BIS-spliced, GDP",A: Normal value
AU,1971Q4,8.706053427774,"Australia - Central bank, assets, total, BIS-spliced, GDP",A: Normal value
AU,1972Q1,9.548004414199,"Australia - Central bank, assets, total, BIS-spliced, GDP",A: Normal value
AU,1972Q2,10.654394432596,"Australia - Central bank, assets, total, BIS-spliced, GDP",A: Normal value
AU,1972Q3,10.611740837119,"Australia - Central bank, assets, total, BIS-spliced, GDP",A: Normal value
AU,1972Q4,11.433791917455,"Australia - Central bank, assets, total, BIS-spliced, GDP",A: Normal value
AU,1973Q1,11.910850537433,"Australia - Central bank, assets, total, BIS-spliced, GDP",A: Normal value
AU,1973Q2,11.560218246008,"Australia - Central bank, assets, total, BIS-spliced, GDP",A: Normal value
AU,1973Q3,10.81816439931,"Australia - Central bank, assets, total, BIS-spliced, GDP",A: Normal value
AU,1973Q4,10.293797210924,"Australia - Central bank, assets, total, BIS-spliced, GDP",A: Normal value
AU,1974Q1,9.8363771446343,"Australia - Central bank, assets, total, BIS-spliced, GDP",A: Normal value
AU,1974Q2,10.559191450584,"Australia - Central bank, assets, total, BIS-spliced, GDP",A: Normal value
AU,1974Q3,8.9529758696135,"Australia - Central bank, assets, total, BIS-spliced, GDP",A: Normal value
AU,1974Q4,7.8411095565424,"Australia - Central bank, assets, total, BIS-spliced, GDP",A: Normal value
AU,1975Q1,7.3834253819897,"Australia - Central bank, assets, total, BIS-spliced, GDP",A: Normal value
AU,1975Q2,7.7486015505615,"Australia - Central bank, assets, total, BIS-spliced, GDP",A: Normal value
AU,1975Q3,6.8502223483773,"Australia - Central bank, assets, total, BIS-spliced, GDP",A: Normal value
AU,1975Q4,8.1053235608649,"Australia - Central bank, assets, total, BIS-spliced, GDP",A: Normal value
AU,1976Q1,7.6712465775689,"Australia - Central bank, assets, total, BIS-spliced, GDP",A: Normal value
AU,1976Q2,6.9939209361998,"Australia - Central bank, assets, total, BIS-spliced, GDP",A: Normal value
AU,1976Q3,7.4432020593204,"Australia - Central bank, assets, total, BIS-spliced, GDP",A: Normal value
AU,1976Q4,8.4370922440675,"Australia - Central bank, assets, total, BIS-spliced, GDP",A: Normal value
AU,1977Q1,8.6978397242383,"Australia - Central bank, assets, total, BIS-spliced, GDP",A: Normal value
AU,1977Q2,8.0493555322442,"Australia - Central bank, assets, total, BIS-spliced, GDP",A: Normal value
AU,1977Q3,8.2888431887024,"Australia - Central bank, assets, total, BIS-spliced, GDP",A: Normal value
AU,1977Q4,8.7948756144794,"Australia - Central bank, assets, total, BIS-spliced, GDP",A: Normal value
AU,1978Q1,8.7750980620607,"Australia - Central bank, assets, total, BIS-spliced, GDP",A: Normal value
AU,1978Q2,8.0004559746934,"Australia - Central bank, assets, total, BIS-spliced, GDP",A: Normal value
AU,1978Q3,8.0695880579346,"Australia - Central bank, assets, total, BIS-spliced, GDP",A: Normal value
AU,1978Q4,7.9707803862445,"Australia - Central bank, assets, total, BIS-spliced, GDP",A: Normal value
AU,1979Q1,8.7357178771434,"Australia - Central bank, assets, total, BIS-spliced, GDP",A: Normal value
AU,1979Q2,8.1145384078623,"Australia - Central bank, assets, total, BIS-spliced, GDP",A: Normal value
AU,1979Q3,7.9637795147237,"Australia - Central bank, assets, total, BIS-spliced, GDP",A: Normal value
AU,1979Q4,8.7198267375468,"Australia - Central bank, assets, total, BIS-spliced, GDP",A: Normal value
AU,1980Q1,10.052942436576,"Australia - Central bank, assets, total, BIS-spliced, GDP",A: Normal value
AU,1980Q2,8.4834316672233,"Australia - Central bank, assets, total, BIS-spliced, GDP",A: Normal value
AU,1980Q3,8.7535735117269,"Australia - Central bank, assets, total, BIS-spliced, GDP",A: Normal value
AU,1980Q4,9.1630048127223,"Australia - Central bank, assets, total, BIS-spliced, GDP",A: Normal value
AU,1981Q1,8.1672443674177,"Australia - Central bank, assets, total, BIS-spliced, GDP",A: Normal value
AU,1981Q2,7.9159491084817,"Australia - Central bank, assets, total, BIS-spliced, GDP",A: Normal value
AU,1981Q3,7.3801319163144,"Australia - Central bank, assets, total, BIS-spliced, GDP",A: Normal value
AU,1981Q4,7.6403851538059,"Australia - Central bank, assets, total, BIS-spliced, GDP",A: Normal value
AU,1982Q1,7.3872591686466,"Australia - Central bank, assets, total, BIS-spliced, GDP",A: Normal value
AU,1982Q2,7.1265451736048,"Australia - Central bank, assets, total, BIS-spliced, GDP",A: Normal value
AU,1982Q3,7.370439543996,"Australia - Central bank, assets, total, BIS-spliced, GDP",A: Normal value
AU,1982Q4,7.8809344304086,"Australia - Central bank, assets, total, BIS-spliced, GDP",A: Normal value
AU,1983Q1,8.5620104056278,"Australia - Central bank, assets, total, BIS-spliced, GDP",A: Normal value
AU,1983Q2,8.296582429033,"Australia - Central bank, assets, total, BIS-spliced, GDP",A: Normal value
AU,1983Q3,8.1284423485367,"Australia - Central bank, assets, total, BIS-spliced, GDP",A: Normal value
AU,1983Q4,9.0418495580542,"Australia - Central bank, assets, total, BIS-spliced, GDP",A: Normal value
AU,1984Q1,8.3315975838367,"Australia - Central bank, assets, total, BIS-spliced, GDP",A: Normal value
AU,1984Q2,7.8505755718344,"Australia - Central bank, assets, total, BIS-spliced, GDP",A: Normal value
AU,1984Q3,7.8331253245393,"Australia - Central bank, assets, total, BIS-spliced, GDP",A: Normal value
AU,1984Q4,8.1510146463544,"Australia - Central bank, assets, total, BIS-spliced, GDP",A: Normal value
AU,1985Q1,8.7025633432337,"Australia - Central bank, assets, total, BIS-spliced, GDP",A: Normal value
AU,1985Q2,8.8586709872799,"Australia - Central bank, assets, total, BIS-spliced, GDP",A: Normal value
AU,1985Q3,8.6024739787215,"Australia - Central bank, assets, total, BIS-spliced, GDP",A: Normal value
AU,1985Q4,8.7274211490904,"Australia - Central bank, assets, total, BIS-spliced, GDP",A: Normal value
AU,1986Q1,8.6372083580598,"Australia - Central bank, assets, total, BIS-spliced, GDP",A: Normal value
AU,1986Q2,8.8064375349325,"Australia - Central bank, assets, total, BIS-spliced, GDP",A: Normal value
AU,1986Q3,9.306555627377,"Australia - Central bank, assets, total, BIS-spliced, GDP",A: Normal value
AU,1986Q4,9.3372154150997,"Australia - Central bank, assets, total, BIS-spliced, GDP",A: Normal value
AU,1987Q1,9.1603354923954,"Australia - Central bank, assets, total, BIS-spliced, GDP",A: Normal value
AU,1987Q2,9.261773070682,"Australia - Central bank, assets, total, BIS-spliced, GDP",A: Normal value
AU,1987Q3,8.7246688439459,"Australia - Central bank, assets, total, BIS-spliced, GDP",A: Normal value
AU,1987Q4,8.5306565346953,"Australia - Central bank, assets, total, BIS-spliced, GDP",A: Normal value
AU,1988Q1,8.1000272674813,"Australia - Central bank, assets, total, BIS-spliced, GDP",A: Normal value
AU,1988Q2,7.9531051964512,"Australia - Central bank, assets, total, BIS-spliced, GDP",A: Normal value
AU,1988Q3,7.4197655660616,"Australia - Central bank, assets, total, BIS-spliced, GDP",A: Normal value
AU,1988Q4,7.1214191420095,"Australia - Central bank, assets, total, BIS-spliced, GDP",A: Normal value
AU,1989Q1,6.8415623440767,"Australia - Central bank, assets, total, BIS-spliced, GDP",A: Normal value
AU,1989Q2,6.6785222454755,"Australia - Central bank, assets, total, BIS-spliced, GDP",A: Normal value
AU,1989Q3,6.4700570980301,"Australia - Central bank, assets, total, BIS-spliced, GDP",A: Normal value
AU,1989Q4,6.5085250234133,"Australia - Central bank, assets, total, BIS-spliced, GDP",A: Normal value
AU,1990Q1,6.5503355031544,"Australia - Central bank, assets, total, BIS-spliced, GDP",A: Normal value
AU,1990Q2,6.3327818645553,"Australia - Central bank, assets, total, BIS-spliced, GDP",A: Normal value
AU,1990Q3,6.2215086720669,"Australia - Central bank, assets, total, BIS-spliced, GDP",A: Normal value
AU,1990Q4,6.8243080625752,"Australia - Central bank, assets, total, BIS-spliced, GDP",A: Normal value
AU,1991Q1,6.8088108940974,"Australia - Central bank, assets, total, BIS-spliced, GDP",A: Normal value
AU,1991Q2,6.7623803078639,"Australia - Central bank, assets, total, BIS-spliced, GDP",A: Normal value
AU,1991Q3,6.8684444231092,"Australia - Central bank, assets, total, BIS-spliced, GDP",A: Normal value
AU,1991Q4,7.156319689231,"Australia - Central bank, assets, total, BIS-spliced, GDP",A: Normal value
AU,1992Q1,7.502943940241,"Australia - Central bank, assets, total, BIS-spliced, GDP",A: Normal value
AU,1992Q2,7.3013582002608,"Australia - Central bank, assets, total, BIS-spliced, GDP",A: Normal value
AU,1992Q3,7.465825446898,"Australia - Central bank, assets, total, BIS-spliced, GDP",A: Normal value
AU,1992Q4,7.8833805509569,"Australia - Central bank, assets, total, BIS-spliced, GDP",A: Normal value
AU,1993Q1,7.5396418271149,"Australia - Central bank, assets, total, BIS-spliced, GDP",A: Normal value
AU,1993Q2,8.1847894010439,"Australia - Central bank, assets, total, BIS-spliced, GDP",A: Normal value
AU,1993Q3,7.4826756988616,"Australia - Central bank, assets, total, BIS-spliced, GDP",A: Normal value
AU,1993Q4,7.7703088616493,"Australia - Central bank, assets, total, BIS-spliced, GDP",A: Normal value
AU,1994Q1,7.5041596976816,"Australia - Central bank, assets, total, BIS-spliced, GDP",A: Normal value
AU,1994Q2,7.18939136057,"Australia - Central bank, assets, total, BIS-spliced, GDP",A: Normal value
AU,1994Q3,6.814397926618,"Australia - Central bank, assets, total, BIS-spliced, GDP",A: Normal value
AU,1994Q4,6.5663822564406,"Australia - Central bank, assets, total, BIS-spliced, GDP",A: Normal value
AU,1995Q1,7.0100043852045,"Australia - Central bank, assets, total, BIS-spliced, GDP",A: Normal value
AU,1995Q2,7.368169042987,"Australia - Central bank, assets, total, BIS-spliced, GDP",A: Normal value
AU,1995Q3,6.639404228925,"Australia - Central bank, assets, total, BIS-spliced, GDP",A: Normal value
AU,1995Q4,7.3041923158772,"Australia - Central bank, assets, total, BIS-spliced, GDP",A: Normal value
AU,1996Q1,6.7741842582726,"Australia - Central bank, assets, total, BIS-spliced, GDP",A: Normal value
AU,1996Q2,6.6985970990862,"Australia - Central bank, assets, total, BIS-spliced, GDP",A: Normal value
AU,1996Q3,7.7045864314345,"Australia - Central bank, assets, total, BIS-spliced, GDP",A: Normal value
AU,1996Q4,8.341279512847,"Australia - Central bank, assets, total, BIS-spliced, GDP",A: Normal value
AU,1997Q1,7.7449941557519,"Australia - Central bank, assets, total, BIS-spliced, GDP",A: Normal value
AU,1997Q2,8.766837367955,"Australia - Central bank, assets, total, BIS-spliced, GDP",A: Normal value
AU,1997Q3,7.6349469566511,"Australia - Central bank, assets, total, BIS-spliced, GDP",A: Normal value
AU,1997Q4,7.6807698538929,"Australia - Central bank, assets, total, BIS-spliced, GDP",A: Normal value
AU,1998Q1,7.4777311766954,"Australia - Central bank, assets, total, BIS-spliced, GDP",A: Normal value
AU,1998Q2,8.2717895481972,"Australia - Central bank, assets, total, BIS-spliced, GDP",A: Normal value
AU,1998Q3,7.4340435543645,"Australia - Central bank, assets, total, BIS-spliced, GDP",A: Normal value
AU,1998Q4,8.09448284608,"Australia - Central bank, assets, total, BIS-spliced, GDP",A: Normal value
AU,1999Q1,7.8413529973806,"Australia - Central bank, assets, total, BIS-spliced, GDP",A: Normal value
AU,1999Q2,7.8567796107144,"Australia - Central bank, assets, total, BIS-spliced, GDP",A: Normal value
AU,1999Q3,6.9992651856356,"Australia - Central bank, assets, total, BIS-spliced, GDP",A: Normal value
AU,1999Q4,8.0513510132599,"Australia - Central bank, assets, total, BIS-spliced, GDP",A: Normal value
AU,2000Q1,7.7282487489748,"Australia - Central bank, assets, total, BIS-spliced, GDP",A: Normal value
AU,2000Q2,8.1508592773335,"Australia - Central bank, assets, total, BIS-spliced, GDP",A: Normal value
AU,2000Q3,7.6127552096158,"Australia - Central bank, assets, total, BIS-spliced, GDP",A: Normal value
AU,2000Q4,8.2357519009323,"Australia - Central bank, assets, total, BIS-spliced, GDP",A: Normal value
AU,2001Q1,8.4214214715284,"Australia - Central bank, assets, total, BIS-spliced, GDP",A: Normal value
AU,2001Q2,8.5873404157825,"Australia - Central bank, assets, total, BIS-spliced, GDP",A: Normal value
AU,2001Q3,8.2327998753534,"Australia - Central bank, assets, total, BIS-spliced, GDP",A: Normal value
AU,2001Q4,8.4461079930962,"Australia - Central bank, assets, total, BIS-spliced, GDP",A: Normal value
AU,2002Q1,7.9942686862469,"Australia - Central bank, assets, total, BIS-spliced, GDP",A: Normal value
AU,2002Q2,7.6466613168898,"Australia - Central bank, assets, total, BIS-spliced, GDP",A: Normal value
AU,2002Q3,7.9233628334668,"Australia - Central bank, assets, total, BIS-spliced, GDP",A: Normal value
AU,2002Q4,8.0444927068353,"Australia - Central bank, assets, total, BIS-spliced, GDP",A: Normal value
AU,2003Q1,8.435844194391,"Australia - Central bank, assets, total, BIS-spliced, GDP",A: Normal value
AU,2003Q2,8.2715282779861,"Australia - Central bank, assets, total, BIS-spliced, GDP",A: Normal value
AU,2003Q3,7.7405857740586,"Australia - Central bank, assets, total, BIS-spliced, GDP",A: Normal value
AU,2003Q4,7.8283144121609,"Australia - Central bank, assets, total, BIS-spliced, GDP",A: Normal value
AU,2004Q1,7.9818127549028,"Australia - Central bank, assets, total, BIS-spliced, GDP",A: Normal value
AU,2004Q2,8.778106283186,"Australia - Central bank, assets, total, BIS-spliced, GDP",A: Normal value
AU,2004Q3,7.6569250865643,"Australia - Central bank, assets, total, BIS-spliced, GDP",A: Normal value
AU,2004Q4,7.9250110799891,"Australia - Central bank, assets, total, BIS-spliced, GDP",A: Normal value
AU,2005Q1,7.7592067273109,"Australia - Central bank, assets, total, BIS-spliced, GDP",A: Normal value
AU,2005Q2,9.3026141315665,"Australia - Central bank, assets, total, BIS-spliced, GDP",A: Normal value
AU,2005Q3,8.4716169212368,"Australia - Central bank, assets, total, BIS-spliced, GDP",A: Normal value
AU,2005Q4,9.2023396463195,"Australia - Central bank, assets, total, BIS-spliced, GDP",A: Normal value
AU,2006Q1,9.3927920718071,"Australia - Central bank, assets, total, BIS-spliced, GDP",A: Normal value
AU,2006Q2,10.972746799965,"Australia - Central bank, assets, total, BIS-spliced, GDP",A: Normal value
AU,2006Q3,10.340984325847,"Australia - Central bank, assets, total, BIS-spliced, GDP",A: Normal value
AU,2006Q4,11.051174648028,"Australia - Central bank, assets, total, BIS-spliced, GDP",A: Normal value
AU,2007Q1,11.491490684336,"Australia - Central bank, assets, total, BIS-spliced, GDP",A: Normal value
AU,2007Q2,12.323932376113,"Australia - Central bank, assets, total, BIS-spliced, GDP",A: Normal value
AU,2007Q3,11.344039755601,"Australia - Central bank, assets, total, BIS-spliced, GDP",A: Normal value
AU,2007Q4,8.1757560275191,"Australia - Central bank, assets, total, BIS-spliced, GDP",A: Normal value
AU,2008Q1,7.7545237819457,"Australia - Central bank, assets, total, BIS-spliced, GDP",A: Normal value
AU,2008Q2,8.9753533665293,"Australia - Central bank, assets, total, BIS-spliced, GDP",A: Normal value
AU,2008Q3,7.9825881208444,"Australia - Central bank, assets, total, BIS-spliced, GDP",A: Normal value
AU,2008Q4,13.008686611188,"Australia - Central bank, assets, total, BIS-spliced, GDP",A: Normal value
AU,2009Q1,9.6515897909443,"Australia - Central bank, assets, total, BIS-spliced, GDP",A: Normal value
AU,2009Q2,9.0785826487944,"Australia - Central bank, assets, total, BIS-spliced, GDP",A: Normal value
AU,2009Q3,7.4372326017063,"Australia - Central bank, assets, total, BIS-spliced, GDP",A: Normal value
AU,2009Q4,6.9849574885546,"Australia - Central bank, assets, total, BIS-spliced, GDP",A: Normal value
AU,2010Q1,6.585616213632,"Australia - Central bank, assets, total, BIS-spliced, GDP",A: Normal value
AU,2010Q2,6.9264701720354,"Australia - Central bank, assets, total, BIS-spliced, GDP",A: Normal value
AU,2010Q3,5.5702860302056,"Australia - Central bank, assets, total, BIS-spliced, GDP",A: Normal value
AU,2010Q4,5.7045574938351,"Australia - Central bank, assets, total, BIS-spliced, GDP",A: Normal value
AU,2011Q1,5.4448883538437,"Australia - Central bank, assets, total, BIS-spliced, GDP",A: Normal value
AU,2011Q2,5.6974086972653,"Australia - Central bank, assets, total, BIS-spliced, GDP",A: Normal value
AU,2011Q3,5.1384483663113,"Australia - Central bank, assets, total, BIS-spliced, GDP",A: Normal value
AU,2011Q4,6.0834682062089,"Australia - Central bank, assets, total, BIS-spliced, GDP",A: Normal value
AU,2012Q1,6.0421835728826,"Australia - Central bank, assets, total, BIS-spliced, GDP",A: Normal value
AU,2012Q2,6.10822970693,"Australia - Central bank, assets, total, BIS-spliced, GDP",A: Normal value
AU,2012Q3,5.6127953963653,"Australia - Central bank, assets, total, BIS-spliced, GDP",A: Normal value
AU,2012Q4,6.2667355477823,"Australia - Central bank, assets, total, BIS-spliced, GDP",A: Normal value
AU,2013Q1,6.0847787593305,"Australia - Central bank, assets, total, BIS-spliced, GDP",A: Normal value
AU,2013Q2,6.4506414698435,"Australia - Central bank, assets, total, BIS-spliced, GDP",A: Normal value
AU,2013Q3,6.1656580127174,"Australia - Central bank, assets, total, BIS-spliced, GDP",A: Normal value
AU,2013Q4,8.576739111128,"Australia - Central bank, assets, total, BIS-spliced, GDP",A: Normal value
AU,2014Q1,8.2907593558198,"Australia - Central bank, assets, total, BIS-spliced, GDP",A: Normal value
AU,2014Q2,9.4248852365369,"Australia - Central bank, assets, total, BIS-spliced, GDP",A: Normal value
AU,2014Q3,8.5375832163539,"Australia - Central bank, assets, total, BIS-spliced, GDP",A: Normal value
AU,2014Q4,9.2604715070246,"Australia - Central bank, assets, total, BIS-spliced, GDP",A: Normal value
AU,2015Q1,9.3182044660751,"Australia - Central bank, assets, total, BIS-spliced, GDP",A: Normal value
AU,2015Q2,10.037236294038,"Australia - Central bank, assets, total, BIS-spliced, GDP",A: Normal value
AU,2015Q3,9.9675404493827,"Australia - Central bank, assets, total, BIS-spliced, GDP",A: Normal value
AU,2015Q4,9.3811186920708,"Australia - Central bank, assets, total, BIS-spliced, GDP",A: Normal value
AU,2016Q1,9.8723103962505,"Australia - Central bank, assets, total, BIS-spliced, GDP",A: Normal value
AU,2016Q2,10.062116876827,"Australia - Central bank, assets, total, BIS-spliced, GDP",A: Normal value
AU,2016Q3,9.5260723978879,"Australia - Central bank, assets, total, BIS-spliced, GDP",A: Normal value
AU,2016Q4,10.159392241526,"Australia - Central bank, assets, total, BIS-spliced, GDP",A: Normal value
AU,2017Q1,10.207187737001,"Australia - Central bank, assets, total, BIS-spliced, GDP",A: Normal value
AU,2017Q2,10.997129290758,"Australia - Central bank, assets, total, BIS-spliced, GDP",A: Normal value
AU,2017Q3,9.555561260309,"Australia - Central bank, assets, total, BIS-spliced, GDP",A: Normal value
AU,2017Q4,10.099261470764,"Australia - Central bank, assets, total, BIS-spliced, GDP",A: Normal value
AU,2018Q1,9.9708210110635,"Australia - Central bank, assets, total, BIS-spliced, GDP",A: Normal value
AU,2018Q2,10.076776833355,"Australia - Central bank, assets, total, BIS-spliced, GDP",A: Normal value
AU,2018Q3,9.6054932441699,"Australia - Central bank, assets, total, BIS-spliced, GDP",A: Normal value
AU,2018Q4,9.4679967667818,"Australia - Central bank, assets, total, BIS-spliced, GDP",A: Normal value
AU,2019Q1,8.8275092041856,"Australia - Central bank, assets, total, BIS-spliced, GDP",A: Normal value
AU,2019Q2,9.3005765086538,"Australia - Central bank, assets, total, BIS-spliced, GDP",A: Normal value
AU,2019Q3,9.0790739654499,"Australia - Central bank, assets, total, BIS-spliced, GDP",A: Normal value
AU,2019Q4,8.8560468975909,"Australia - Central bank, assets, total, BIS-spliced, GDP",A: Normal value
AU,2020Q1,13.518920101024,"Australia - Central bank, assets, total, BIS-spliced, GDP",A: Normal value
AU,2020Q2,14.019934892099,"Australia - Central bank, assets, total, BIS-spliced, GDP",A: Normal value
AU,2020Q3,15.422050671134,"Australia - Central bank, assets, total, BIS-spliced, GDP",A: Normal value
AU,2020Q4,16.252144515597,"Australia - Central bank, assets, total, BIS-spliced, GDP",A: Normal value
AU,2021Q1,19.903769876862,"Australia - Central bank, assets, total, BIS-spliced, GDP",A: Normal value
AU,2021Q2,25.829167798952,"Australia - Central bank, assets, total, BIS-spliced, GDP",A: Normal value
AU,2021Q3,27.649620284231,"Australia - Central bank, assets, total, BIS-spliced, GDP",A: Normal value
AU,2021Q4,28.572146654899,"Australia - Central bank, assets, total, BIS-spliced, GDP",A: Normal value
AU,2022Q1,27.573134436222,"Australia - Central bank, assets, total, BIS-spliced, GDP",A: Normal value
AU,2022Q2,26.216437448573,"Australia - Central bank, assets, total, BIS-spliced, GDP",A: Normal value
AU,2022Q3,25.532431805965,"Australia - Central bank, assets, total, BIS-spliced, GDP",A: Normal value
AU,2022Q4,25.1268192954,"Australia - Central bank, assets, total, BIS-spliced, GDP",A: Normal value
AU,2023Q1,24.85854227332,"Australia - Central bank, assets, total, BIS-spliced, GDP",A: Normal value
AU,2023Q2,23.210995035324,"Australia - Central bank, assets, total, BIS-spliced, GDP",A: Normal value
AU,2023Q3,20.515810325273,"Australia - Central bank, assets, total, BIS-spliced, GDP",A: Normal value
AU,2023Q4,20.194993911432,"Australia - Central bank, assets, total, BIS-spliced, GDP",A: Normal value
AU,2024Q1,19.765879290815,"Australia - Central bank, assets, total, BIS-spliced, GDP",A: Normal value
AU,2024Q2,15.437859109236,"Australia - Central bank, assets, total, BIS-spliced, GDP",A: Normal value
AU,2024Q3,15.854115573537,"Australia - Central bank, assets, total, BIS-spliced, GDP",A: Normal value
AU,2024Q4,15.341427661679,"Australia - Central bank, assets, total, BIS-spliced, GDP",A: Normal value
AU,2025Q1,15.482905729584,"Australia - Central bank, assets, total, BIS-spliced, GDP",A: Normal value
AU,2025Q2,14.530024736678,"Australia - Central bank, assets, total, BIS-spliced, GDP",A: Normal value
AU,2025Q3,14.205649868543,"Australia - Central bank, assets, total, BIS-spliced, GDP",A: Normal value
AU,2025Q4,13.267244040035,"Australia - Central bank, assets, total, BIS-spliced, GDP",A: Normal value
BE,1999Q1,30.157429766684,"Belgium - Central bank, assets, total, BIS-spliced, GDP",A: Normal value
BE,1999Q2,34.314327789902,"Belgium - Central bank, assets, total, BIS-spliced, GDP",A: Normal value
BE,1999Q3,14.267294854026,"Belgium - Central bank, assets, total, BIS-spliced, GDP",A: Normal value
BE,1999Q4,17.019566054249,"Belgium - Central bank, assets, total, BIS-spliced, GDP",A: Normal value
BE,2000Q1,15.330674680719,"Belgium - Central bank, assets, total, BIS-spliced, GDP",A: Normal value
BE,2000Q2,17.644958629923,"Belgium - Central bank, assets, total, BIS-spliced, GDP",A: Normal value
BE,2000Q3,16.351831843446,"Belgium - Central bank, assets, total, BIS-spliced, GDP",A: Normal value
BE,2000Q4,14.115979603822,"Belgium - Central bank, assets, total, BIS-spliced, GDP",A: Normal value
BE,2001Q1,13.786133047571,"Belgium - Central bank, assets, total, BIS-spliced, GDP",A: Normal value
BE,2001Q2,13.593366432333,"Belgium - Central bank, assets, total, BIS-spliced, GDP",A: Normal value
BE,2001Q3,13.197513492526,"Belgium - Central bank, assets, total, BIS-spliced, GDP",A: Normal value
BE,2001Q4,11.672663300891,"Belgium - Central bank, assets, total, BIS-spliced, GDP",A: Normal value
BE,2002Q1,13.114804091428,"Belgium - Central bank, assets, total, BIS-spliced, GDP",A: Normal value
BE,2002Q2,10.747786644505,"Belgium - Central bank, assets, total, BIS-spliced, GDP",A: Normal value
BE,2002Q3,12.413830907744,"Belgium - Central bank, assets, total, BIS-spliced, GDP",A: Normal value
BE,2002Q4,13.660143047355,"Belgium - Central bank, assets, total, BIS-spliced, GDP",A: Normal value
BE,2003Q1,12.102734747685,"Belgium - Central bank, assets, total, BIS-spliced, GDP",A: Normal value
BE,2003Q2,14.278617422507,"Belgium - Central bank, assets, total, BIS-spliced, GDP",A: Normal value
BE,2003Q3,14.26956149461,"Belgium - Central bank, assets, total, BIS-spliced, GDP",A: Normal value
BE,2003Q4,17.001830823809,"Belgium - Central bank, assets, total, BIS-spliced, GDP",A: Normal value
BE,2004Q1,17.451296589655,"Belgium - Central bank, assets, total, BIS-spliced, GDP",A: Normal value
BE,2004Q2,18.86806772606,"Belgium - Central bank, assets, total, BIS-spliced, GDP",A: Normal value
BE,2004Q3,19.368084020064,"Belgium - Central bank, assets, total, BIS-spliced, GDP",A: Normal value
BE,2004Q4,19.920199021918,"Belgium - Central bank, assets, total, BIS-spliced, GDP",A: Normal value
BE,2005Q1,20.459315611396,"Belgium - Central bank, assets, total, BIS-spliced, GDP",A: Normal value
BE,2005Q2,21.635417799663,"Belgium - Central bank, assets, total, BIS-spliced, GDP",A: Normal value
BE,2005Q3,20.873324858595,"Belgium - Central bank, assets, total, BIS-spliced, GDP",A: Normal value
BE,2005Q4,22.294623154173,"Belgium - Central bank, assets, total, BIS-spliced, GDP",A: Normal value
BE,2006Q1,20.486553119348,"Belgium - Central bank, assets, total, BIS-spliced, GDP",A: Normal value
BE,2006Q2,23.798113496691,"Belgium - Central bank, assets, total, BIS-spliced, GDP",A: Normal value
BE,2006Q3,22.719170581245,"Belgium - Central bank, assets, total, BIS-spliced, GDP",A: Normal value
BE,2006Q4,25.389644736606,"Belgium - Central bank, assets, total, BIS-spliced, GDP",A: Normal value
BE,2007Q1,24.460406765887,"Belgium - Central bank, assets, total, BIS-spliced, GDP",A: Normal value
BE,2007Q2,25.790852111385,"Belgium - Central bank, assets, total, BIS-spliced, GDP",A: Normal value
BE,2007Q3,25.028299008748,"Belgium - Central bank, assets, total, BIS-spliced, GDP",A: Normal value
BE,2007Q4,32.651271984792,"Belgium - Central bank, assets, total, BIS-spliced, GDP",A: Normal value
BE,2008Q1,32.729751383779,"Belgium - Central bank, assets, total, BIS-spliced, GDP",A: Normal value
BE,2008Q2,27.336246869023,"Belgium - Central bank, assets, total, BIS-spliced, GDP",A: Normal value
BE,2008Q3,51.911573234089,"Belgium - Central bank, assets, total, BIS-spliced, GDP",A: Normal value
BE,2008Q4,43.544610343842,"Belgium - Central bank, assets, total, BIS-spliced, GDP",A: Normal value
BE,2009Q1,38.230483922963,"Belgium - Central bank, assets, total, BIS-spliced, GDP",A: Normal value
BE,2009Q2,32.879034951212,"Belgium - Central bank, assets, total, BIS-spliced, GDP",A: Normal value
BE,2009Q3,30.624235038412,"Belgium - Central bank, assets, total, BIS-spliced, GDP",A: Normal value
BE,2009Q4,29.139586986874,"Belgium - Central bank, assets, total, BIS-spliced, GDP",A: Normal value
BE,2010Q1,27.881117871954,"Belgium - Central bank, assets, total, BIS-spliced, GDP",A: Normal value
BE,2010Q2,29.531055206792,"Belgium - Central bank, assets, total, BIS-spliced, GDP",A: Normal value
BE,2010Q3,20.019360854456,"Belgium - Central bank, assets, total, BIS-spliced, GDP",A: Normal value
BE,2010Q4,20.507010548254,"Belgium - Central bank, assets, total, BIS-spliced, GDP",A: Normal value
BE,2011Q1,19.14055859719,"Belgium - Central bank, assets, total, BIS-spliced, GDP",A: Normal value
BE,2011Q2,20.963425960553,"Belgium - Central bank, assets, total, BIS-spliced, GDP",A: Normal value
BE,2011Q3,23.207902305771,"Belgium - Central bank, assets, total, BIS-spliced, GDP",A: Normal value
BE,2011Q4,33.688993277431,"Belgium - Central bank, assets, total, BIS-spliced, GDP",A: Normal value
BE,2012Q1,30.730001604509,"Belgium - Central bank, assets, total, BIS-spliced, GDP",A: Normal value
BE,2012Q2,29.847379712747,"Belgium - Central bank, assets, total, BIS-spliced, GDP",A: Normal value
BE,2012Q3,29.040743879506,"Belgium - Central bank, assets, total, BIS-spliced, GDP",A: Normal value
BE,2012Q4,28.24630372684,"Belgium - Central bank, assets, total, BIS-spliced, GDP",A: Normal value
BE,2013Q1,21.762179530152,"Belgium - Central bank, assets, total, BIS-spliced, GDP",A: Normal value
BE,2013Q2,20.143866481428,"Belgium - Central bank, assets, total, BIS-spliced, GDP",A: Normal value
BE,2013Q3,19.687251440129,"Belgium - Central bank, assets, total, BIS-spliced, GDP",A: Normal value
BE,2013Q4,19.660172427667,"Belgium - Central bank, assets, total, BIS-spliced, GDP",A: Normal value
BE,2014Q1,19.654145341806,"Belgium - Central bank, assets, total, BIS-spliced, GDP",A: Normal value
BE,2014Q2,19.390252168454,"Belgium - Central bank, assets, total, BIS-spliced, GDP",A: Normal value
BE,2014Q3,19.201119674191,"Belgium - Central bank, assets, total, BIS-spliced, GDP",A: Normal value
BE,2014Q4,18.595467741417,"Belgium - Central bank, assets, total, BIS-spliced, GDP",A: Normal value
BE,2015Q1,18.496701998829,"Belgium - Central bank, assets, total, BIS-spliced, GDP",A: Normal value
BE,2015Q2,19.498053130363,"Belgium - Central bank, assets, total, BIS-spliced, GDP",A: Normal value
BE,2015Q3,20.317657410964,"Belgium - Central bank, assets, total, BIS-spliced, GDP",A: Normal value
BE,2015Q4,21.365935552729,"Belgium - Central bank, assets, total, BIS-spliced, GDP",A: Normal value
BE,2016Q1,22.36609394073,"Belgium - Central bank, assets, total, BIS-spliced, GDP",A: Normal value
BE,2016Q2,25.714251818106,"Belgium - Central bank, assets, total, BIS-spliced, GDP",A: Normal value
BE,2016Q3,28.325873210865,"Belgium - Central bank, assets, total, BIS-spliced, GDP",A: Normal value
BE,2016Q4,30.479593527623,"Belgium - Central bank, assets, total, BIS-spliced, GDP",A: Normal value
BE,2017Q1,35.015092911409,"Belgium - Central bank, assets, total, BIS-spliced, GDP",A: Normal value
BE,2017Q2,36.355582010279,"Belgium - Central bank, assets, total, BIS-spliced, GDP",A: Normal value
BE,2017Q3,37.28365482972,"Belgium - Central bank, assets, total, BIS-spliced, GDP",A: Normal value
BE,2017Q4,38.859106870212,"Belgium - Central bank, assets, total, BIS-spliced, GDP",A: Normal value
BE,2018Q1,39.741377765031,"Belgium - Central bank, assets, total, BIS-spliced, GDP",A: Normal value
BE,2018Q2,40.329619539857,"Belgium - Central bank, assets, total, BIS-spliced, GDP",A: Normal value
BE,2018Q3,40.113455755777,"Belgium - Central bank, assets, total, BIS-spliced, GDP",A: Normal value
BE,2018Q4,40.650326882731,"Belgium - Central bank, assets, total, BIS-spliced, GDP",A: Normal value
BE,2019Q1,39.816685694591,"Belgium - Central bank, assets, total, BIS-spliced, GDP",A: Normal value
BE,2019Q2,39.334085658395,"Belgium - Central bank, assets, total, BIS-spliced, GDP",A: Normal value
BE,2019Q3,37.601849627166,"Belgium - Central bank, assets, total, BIS-spliced, GDP",A: Normal value
BE,2019Q4,37.761657252985,"Belgium - Central bank, assets, total, BIS-spliced, GDP",A: Normal value
BE,2020Q1,44.189574484003,"Belgium - Central bank, assets, total, BIS-spliced, GDP",A: Normal value
BE,2020Q2,58.340651287212,"Belgium - Central bank, assets, total, BIS-spliced, GDP",A: Normal value
BE,2020Q3,61.411763696647,"Belgium - Central bank, assets, total, BIS-spliced, GDP",A: Normal value
BE,2020Q4,64.325036495878,"Belgium - Central bank, assets, total, BIS-spliced, GDP",A: Normal value
BE,2021Q1,67.626539398305,"Belgium - Central bank, assets, total, BIS-spliced, GDP",A: Normal value
BE,2021Q2,68.064181661146,"Belgium - Central bank, assets, total, BIS-spliced, GDP",A: Normal value
BE,2021Q3,70.026088734079,"Belgium - Central bank, assets, total, BIS-spliced, GDP",A: Normal value
BE,2021Q4,70.951907629133,"Belgium - Central bank, assets, total, BIS-spliced, GDP",A: Normal value
BE,2022Q1,71.237708978686,"Belgium - Central bank, assets, total, BIS-spliced, GDP",A: Normal value
BE,2022Q2,71.003054225637,"Belgium - Central bank, assets, total, BIS-spliced, GDP",A: Normal value
BE,2022Q3,68.636797994544,"Belgium - Central bank, assets, total, BIS-spliced, GDP",A: Normal value
BE,2022Q4,60.212004061927,"Belgium - Central bank, assets, total, BIS-spliced, GDP",A: Normal value
BE,2023Q1,58.253646269325,"Belgium - Central bank, assets, total, BIS-spliced, GDP",A: Normal value
BE,2023Q2,56.620162169528,"Belgium - Central bank, assets, total, BIS-spliced, GDP",A: Normal value
BE,2023Q3,54.686802658998,"Belgium - Central bank, assets, total, BIS-spliced, GDP",A: Normal value
BE,2023Q4,47.598011872983,"Belgium - Central bank, assets, total, BIS-spliced, GDP",A: Normal value
BE,2024Q1,55.987854077395,"Belgium - Central bank, assets, total, BIS-spliced, GDP",A: Normal value
BE,2024Q2,52.126717134749,"Belgium - Central bank, assets, total, BIS-spliced, GDP",A: Normal value
BE,2024Q3,52.326397691153,"Belgium - Central bank, assets, total, BIS-spliced, GDP",A: Normal value
BE,2024Q4,52.633038408956,"Belgium - Central bank, assets, total, BIS-spliced, GDP",A: Normal value
BE,2025Q1,53.418251764563,"Belgium - Central bank, assets, total, BIS-spliced, GDP",A: Normal value
BE,2025Q2,52.654767051654,"Belgium - Central bank, assets, total, BIS-spliced, GDP",A: Normal value
BE,2025Q3,55.570460310853,"Belgium - Central bank, assets, total, BIS-spliced, GDP",A: Normal value
BE,2025Q4,54.911286666594,"Belgium - Central bank, assets, total, BIS-spliced, GDP",A: Normal value
BR,1996Q1,18.9215605844,"Brazil - Central bank, assets, total, BIS-spliced, GDP",A: Normal value
BR,1996Q2,19.997618484906,"Brazil - Central bank, assets, total, BIS-spliced, GDP",A: Normal value
BR,1996Q3,20.280947978863,"Brazil - Central bank, assets, total, BIS-spliced, GDP",A: Normal value
BR,1996Q4,20.594771251785,"Brazil - Central bank, assets, total, BIS-spliced, GDP",A: Normal value
BR,1997Q1,20.085799217239,"Brazil - Central bank, assets, total, BIS-spliced, GDP",A: Normal value
BR,1997Q2,20.544075550701,"Brazil - Central bank, assets, total, BIS-spliced, GDP",A: Normal value
BR,1997Q3,20.562926147156,"Brazil - Central bank, assets, total, BIS-spliced, GDP",A: Normal value
BR,1997Q4,19.718880167888,"Brazil - Central bank, assets, total, BIS-spliced, GDP",A: Normal value
BR,1998Q1,25.782017512122,"Brazil - Central bank, assets, total, BIS-spliced, GDP",A: Normal value
BR,1998Q2,27.104864192935,"Brazil - Central bank, assets, total, BIS-spliced, GDP",A: Normal value
BR,1998Q3,24.382395887202,"Brazil - Central bank, assets, total, BIS-spliced, GDP",A: Normal value
BR,1998Q4,24.283138287537,"Brazil - Central bank, assets, total, BIS-spliced, GDP",A: Normal value
BR,1999Q1,25.944921953411,"Brazil - Central bank, assets, total, BIS-spliced, GDP",A: Normal value
BR,1999Q2,27.901040884012,"Brazil - Central bank, assets, total, BIS-spliced, GDP",A: Normal value
BR,1999Q3,29.278614864064,"Brazil - Central bank, assets, total, BIS-spliced, GDP",A: Normal value
BR,1999Q4,22.749337345793,"Brazil - Central bank, assets, total, BIS-spliced, GDP",A: Normal value
BR,2000Q1,21.695927368812,"Brazil - Central bank, assets, total, BIS-spliced, GDP",A: Normal value
BR,2000Q2,19.425909619332,"Brazil - Central bank, assets, total, BIS-spliced, GDP",A: Normal value
BR,2000Q3,21.548275787968,"Brazil - Central bank, assets, total, BIS-spliced, GDP",A: Normal value
BR,2000Q4,22.821900276471,"Brazil - Central bank, assets, total, BIS-spliced, GDP",A: Normal value
BR,2001Q1,22.415059946585,"Brazil - Central bank, assets, total, BIS-spliced, GDP",A: Normal value
BR,2001Q2,24.537651210358,"Brazil - Central bank, assets, total, BIS-spliced, GDP",A: Normal value
BR,2001Q3,28.334801195704,"Brazil - Central bank, assets, total, BIS-spliced, GDP",A: Normal value
BR,2001Q4,25.961096111207,"Brazil - Central bank, assets, total, BIS-spliced, GDP",A: Normal value
BR,2002Q1,24.753591136905,"Brazil - Central bank, assets, total, BIS-spliced, GDP",A: Normal value
BR,2002Q2,28.481742148705,"Brazil - Central bank, assets, total, BIS-spliced, GDP",A: Normal value
BR,2002Q3,33.039748266777,"Brazil - Central bank, assets, total, BIS-spliced, GDP",A: Normal value
BR,2002Q4,33.021725019434,"Brazil - Central bank, assets, total, BIS-spliced, GDP",A: Normal value
BR,2003Q1,32.752499186323,"Brazil - Central bank, assets, total, BIS-spliced, GDP",A: Normal value
BR,2003Q2,31.506988368036,"Brazil - Central bank, assets, total, BIS-spliced, GDP",A: Normal value
BR,2003Q3,32.27790478486,"Brazil - Central bank, assets, total, BIS-spliced, GDP",A: Normal value
BR,2003Q4,28.518311484658,"Brazil - Central bank, assets, total, BIS-spliced, GDP",A: Normal value
BR,2004Q1,28.643920943789,"Brazil - Central bank, assets, total, BIS-spliced, GDP",A: Normal value
BR,2004Q2,28.772846389805,"Brazil - Central bank, assets, total, BIS-spliced, GDP",A: Normal value
BR,2004Q3,26.528117991814,"Brazil - Central bank, assets, total, BIS-spliced, GDP",A: Normal value
BR,2004Q4,25.452656468386,"Brazil - Central bank, assets, total, BIS-spliced, GDP",A: Normal value
BR,2005Q1,27.402495707727,"Brazil - Central bank, assets, total, BIS-spliced, GDP",A: Normal value
BR,2005Q2,24.862903444642,"Brazil - Central bank, assets, total, BIS-spliced, GDP",A: Normal value
BR,2005Q3,23.332200118247,"Brazil - Central bank, assets, total, BIS-spliced, GDP",A: Normal value
BR,2005Q4,22.307786782365,"Brazil - Central bank, assets, total, BIS-spliced, GDP",A: Normal value
BR,2006Q1,21.7878369765,"Brazil - Central bank, assets, total, BIS-spliced, GDP",A: Normal value
BR,2006Q2,21.507072073174,"Brazil - Central bank, assets, total, BIS-spliced, GDP",A: Normal value
BR,2006Q3,21.792272520543,"Brazil - Central bank, assets, total, BIS-spliced, GDP",A: Normal value
BR,2006Q4,22.621013572483,"Brazil - Central bank, assets, total, BIS-spliced, GDP",A: Normal value
BR,2007Q1,23.596608626712,"Brazil - Central bank, assets, total, BIS-spliced, GDP",A: Normal value
BR,2007Q2,27.01251251059,"Brazil - Central bank, assets, total, BIS-spliced, GDP",A: Normal value
BR,2007Q3,27.109034165862,"Brazil - Central bank, assets, total, BIS-spliced, GDP",A: Normal value
BR,2007Q4,28.192041915187,"Brazil - Central bank, assets, total, BIS-spliced, GDP",A: Normal value
BR,2008Q1,27.79393254355,"Brazil - Central bank, assets, total, BIS-spliced, GDP",A: Normal value
BR,2008Q2,29.528723896351,"Brazil - Central bank, assets, total, BIS-spliced, GDP",A: Normal value
BR,2008Q3,29.892614918567,"Brazil - Central bank, assets, total, BIS-spliced, GDP",A: Normal value
BR,2008Q4,33.690241553896,"Brazil - Central bank, assets, total, BIS-spliced, GDP",A: Normal value
BR,2009Q1,32.93004380258,"Brazil - Central bank, assets, total, BIS-spliced, GDP",A: Normal value
BR,2009Q2,33.604475208828,"Brazil - Central bank, assets, total, BIS-spliced, GDP",A: Normal value
BR,2009Q3,34.315568644879,"Brazil - Central bank, assets, total, BIS-spliced, GDP",A: Normal value
BR,2009Q4,34.762894229955,"Brazil - Central bank, assets, total, BIS-spliced, GDP",A: Normal value
BR,2010Q1,33.601174239472,"Brazil - Central bank, assets, total, BIS-spliced, GDP",A: Normal value
BR,2010Q2,33.587345631044,"Brazil - Central bank, assets, total, BIS-spliced, GDP",A: Normal value
BR,2010Q3,33.442782173533,"Brazil - Central bank, assets, total, BIS-spliced, GDP",A: Normal value
BR,2010Q4,33.221630760073,"Brazil - Central bank, assets, total, BIS-spliced, GDP",A: Normal value
BR,2011Q1,33.899556888767,"Brazil - Central bank, assets, total, BIS-spliced, GDP",A: Normal value
BR,2011Q2,33.80524709769,"Brazil - Central bank, assets, total, BIS-spliced, GDP",A: Normal value
BR,2011Q3,35.780045363678,"Brazil - Central bank, assets, total, BIS-spliced, GDP",A: Normal value
BR,2011Q4,36.18143917404,"Brazil - Central bank, assets, total, BIS-spliced, GDP",A: Normal value
BR,2012Q1,35.060590204571,"Brazil - Central bank, assets, total, BIS-spliced, GDP",A: Normal value
BR,2012Q2,37.041921130394,"Brazil - Central bank, assets, total, BIS-spliced, GDP",A: Normal value
BR,2012Q3,36.239913312515,"Brazil - Central bank, assets, total, BIS-spliced, GDP",A: Normal value
BR,2012Q4,37.565673548319,"Brazil - Central bank, assets, total, BIS-spliced, GDP",A: Normal value
BR,2013Q1,36.093264306554,"Brazil - Central bank, assets, total, BIS-spliced, GDP",A: Normal value
BR,2013Q2,35.617168987582,"Brazil - Central bank, assets, total, BIS-spliced, GDP",A: Normal value
BR,2013Q3,35.617238279593,"Brazil - Central bank, assets, total, BIS-spliced, GDP",A: Normal value
BR,2013Q4,35.782729170302,"Brazil - Central bank, assets, total, BIS-spliced, GDP",A: Normal value
BR,2014Q1,35.509486259805,"Brazil - Central bank, assets, total, BIS-spliced, GDP",A: Normal value
BR,2014Q2,34.949546702044,"Brazil - Central bank, assets, total, BIS-spliced, GDP",A: Normal value
BR,2014Q3,35.718049845256,"Brazil - Central bank, assets, total, BIS-spliced, GDP",A: Normal value
BR,2014Q4,37.322712444128,"Brazil - Central bank, assets, total, BIS-spliced, GDP",A: Normal value
BR,2015Q1,41.69944597007,"Brazil - Central bank, assets, total, BIS-spliced, GDP",A: Normal value
BR,2015Q2,39.44603413231,"Brazil - Central bank, assets, total, BIS-spliced, GDP",A: Normal value
BR,2015Q3,47.545113647744,"Brazil - Central bank, assets, total, BIS-spliced, GDP",A: Normal value
BR,2015Q4,46.430341653552,"Brazil - Central bank, assets, total, BIS-spliced, GDP",A: Normal value
BR,2016Q1,47.307667654279,"Brazil - Central bank, assets, total, BIS-spliced, GDP",A: Normal value
BR,2016Q2,46.240163152698,"Brazil - Central bank, assets, total, BIS-spliced, GDP",A: Normal value
BR,2016Q3,46.954134048631,"Brazil - Central bank, assets, total, BIS-spliced, GDP",A: Normal value
BR,2016Q4,48.373048689742,"Brazil - Central bank, assets, total, BIS-spliced, GDP",A: Normal value
BR,2017Q1,47.917249934288,"Brazil - Central bank, assets, total, BIS-spliced, GDP",A: Normal value
BR,2017Q2,47.516762233211,"Brazil - Central bank, assets, total, BIS-spliced, GDP",A: Normal value
BR,2017Q3,48.1575747831,"Brazil - Central bank, assets, total, BIS-spliced, GDP",A: Normal value
BR,2017Q4,48.238206442252,"Brazil - Central bank, assets, total, BIS-spliced, GDP",A: Normal value
BR,2018Q1,47.521465933114,"Brazil - Central bank, assets, total, BIS-spliced, GDP",A: Normal value
BR,2018Q2,50.235855530941,"Brazil - Central bank, assets, total, BIS-spliced, GDP",A: Normal value
BR,2018Q3,50.275650474269,"Brazil - Central bank, assets, total, BIS-spliced, GDP",A: Normal value
BR,2018Q4,49.701284987511,"Brazil - Central bank, assets, total, BIS-spliced, GDP",A: Normal value
BR,2019Q1,49.493995387454,"Brazil - Central bank, assets, total, BIS-spliced, GDP",A: Normal value
BR,2019Q2,49.57706309003,"Brazil - Central bank, assets, total, BIS-spliced, GDP",A: Normal value
BR,2019Q3,48.888749682787,"Brazil - Central bank, assets, total, BIS-spliced, GDP",A: Normal value
BR,2019Q4,47.081910090617,"Brazil - Central bank, assets, total, BIS-spliced, GDP",A: Normal value
BR,2020Q1,51.382671756856,"Brazil - Central bank, assets, total, BIS-spliced, GDP",A: Normal value
BR,2020Q2,54.620557034216,"Brazil - Central bank, assets, total, BIS-spliced, GDP",A: Normal value
BR,2020Q3,54.772560534433,"Brazil - Central bank, assets, total, BIS-spliced, GDP",A: Normal value
BR,2020Q4,52.367143133468,"Brazil - Central bank, assets, total, BIS-spliced, GDP",A: Normal value
BR,2021Q1,52.522077801893,"Brazil - Central bank, assets, total, BIS-spliced, GDP",A: Normal value
BR,2021Q2,46.927118982074,"Brazil - Central bank, assets, total, BIS-spliced, GDP",A: Normal value
BR,2021Q3,47.699696514497,"Brazil - Central bank, assets, total, BIS-spliced, GDP",A: Normal value
BR,2021Q4,47.594179339907,"Brazil - Central bank, assets, total, BIS-spliced, GDP",A: Normal value
BR,2022Q1,42.847786144931,"Brazil - Central bank, assets, total, BIS-spliced, GDP",A: Normal value
BR,2022Q2,42.533367955718,"Brazil - Central bank, assets, total, BIS-spliced, GDP",A: Normal value
BR,2022Q3,41.504130242429,"Brazil - Central bank, assets, total, BIS-spliced, GDP",A: Normal value
BR,2022Q4,40.734632673093,"Brazil - Central bank, assets, total, BIS-spliced, GDP",A: Normal value
BR,2023Q1,40.440627516065,"Brazil - Central bank, assets, total, BIS-spliced, GDP",A: Normal value
BR,2023Q2,39.115857482093,"Brazil - Central bank, assets, total, BIS-spliced, GDP",A: Normal value
BR,2023Q3,38.248521951381,"Brazil - Central bank, assets, total, BIS-spliced, GDP",A: Normal value
BR,2023Q4,39.252726886623,"Brazil - Central bank, assets, total, BIS-spliced, GDP",A: Normal value
BR,2024Q1,39.469008279292,"Brazil - Central bank, assets, total, BIS-spliced, GDP",A: Normal value
BR,2024Q2,41.678778338754,"Brazil - Central bank, assets, total, BIS-spliced, GDP",A: Normal value
BR,2024Q3,41.261830509655,"Brazil - Central bank, assets, total, BIS-spliced, GDP",A: Normal value
BR,2024Q4,41.184422450154,"Brazil - Central bank, assets, total, BIS-spliced, GDP",A: Normal value
BR,2025Q1,39.360059406711,"Brazil - Central bank, assets, total, BIS-spliced, GDP",A: Normal value
BR,2025Q2,38.8169400984,"Brazil - Central bank, assets, total, BIS-spliced, GDP",A: Normal value
BR,2025Q3,38.608504542629,"Brazil - Central bank, assets, total, BIS-spliced, GDP",A: Normal value
BR,2025Q4,39.047997087387,"Brazil - Central bank, assets, total, BIS-spliced, GDP",A: Normal value
CA,1955Q4,8.7106988962782,"Canada - Central bank, assets, total, BIS-spliced, GDP",A: Normal value
CA,1956Q1,7.7512811116974,"Canada - Central bank, assets, total, BIS-spliced, GDP",A: Normal value
CA,1956Q2,8.0887897091555,"Canada - Central bank, assets, total, BIS-spliced, GDP",A: Normal value
CA,1956Q3,7.9178004323564,"Canada - Central bank, assets, total, BIS-spliced, GDP",A: Normal value
CA,1956Q4,7.5310469352693,"Canada - Central bank, assets, total, BIS-spliced, GDP",A: Normal value
CA,1957Q1,7.3955522605231,"Canada - Central bank, assets, total, BIS-spliced, GDP",A: Normal value
CA,1957Q2,7.6477259465884,"Canada - Central bank, assets, total, BIS-spliced, GDP",A: Normal value
CA,1957Q3,7.2909423807121,"Canada - Central bank, assets, total, BIS-spliced, GDP",A: Normal value
CA,1957Q4,7.5022739799904,"Canada - Central bank, assets, total, BIS-spliced, GDP",A: Normal value
CA,1958Q1,7.5024082222221,"Canada - Central bank, assets, total, BIS-spliced, GDP",A: Normal value
CA,1958Q2,7.7616581482992,"Canada - Central bank, assets, total, BIS-spliced, GDP",A: Normal value
CA,1958Q3,8.2026543078197,"Canada - Central bank, assets, total, BIS-spliced, GDP",A: Normal value
CA,1958Q4,8.0220307308695,"Canada - Central bank, assets, total, BIS-spliced, GDP",A: Normal value
CA,1959Q1,7.5611831799947,"Canada - Central bank, assets, total, BIS-spliced, GDP",A: Normal value
CA,1959Q2,7.6123144087241,"Canada - Central bank, assets, total, BIS-spliced, GDP",A: Normal value
CA,1959Q3,7.5986771316426,"Canada - Central bank, assets, total, BIS-spliced, GDP",A: Normal value
CA,1959Q4,7.6203692728843,"Canada - Central bank, assets, total, BIS-spliced, GDP",A: Normal value
CA,1960Q1,7.011765230977,"Canada - Central bank, assets, total, BIS-spliced, GDP",A: Normal value
CA,1960Q2,7.3852918476001,"Canada - Central bank, assets, total, BIS-spliced, GDP",A: Normal value
CA,1960Q3,7.3967787151825,"Canada - Central bank, assets, total, BIS-spliced, GDP",A: Normal value
CA,1960Q4,7.5040860677948,"Canada - Central bank, assets, total, BIS-spliced, GDP",A: Normal value
CA,1961Q1,7.358817813401,"Canada - Central bank, assets, total, BIS-spliced, GDP",A: Normal value
CA,1961Q2,7.4050597829107,"Canada - Central bank, assets, total, BIS-spliced, GDP",A: Normal value
CA,1961Q3,7.695434017889,"Canada - Central bank, assets, total, BIS-spliced, GDP",A: Normal value
CA,1961Q4,7.7166515966307,"Canada - Central bank, assets, total, BIS-spliced, GDP",A: Normal value
CA,1962Q1,7.3340769659788,"Canada - Central bank, assets, total, BIS-spliced, GDP",A: Normal value
CA,1962Q2,7.569240572586,"Canada - Central bank, assets, total, BIS-spliced, GDP",A: Normal value
CA,1962Q3,7.3381391300466,"Canada - Central bank, assets, total, BIS-spliced, GDP",A: Normal value
CA,1962Q4,7.0639935284987,"Canada - Central bank, assets, total, BIS-spliced, GDP",A: Normal value
CA,1963Q1,6.9665870608232,"Canada - Central bank, assets, total, BIS-spliced, GDP",A: Normal value
CA,1963Q2,7.1110172177036,"Canada - Central bank, assets, total, BIS-spliced, GDP",A: Normal value
CA,1963Q3,6.9025666583603,"Canada - Central bank, assets, total, BIS-spliced, GDP",A: Normal value
CA,1963Q4,7.0001828785077,"Canada - Central bank, assets, total, BIS-spliced, GDP",A: Normal value
CA,1964Q1,6.8666891262559,"Canada - Central bank, assets, total, BIS-spliced, GDP",A: Normal value
CA,1964Q2,6.4148460630455,"Canada - Central bank, assets, total, BIS-spliced, GDP",A: Normal value
CA,1964Q3,6.4774271478182,"Canada - Central bank, assets, total, BIS-spliced, GDP",A: Normal value
CA,1964Q4,6.747568318666,"Canada - Central bank, assets, total, BIS-spliced, GDP",A: Normal value
CA,1965Q1,6.3519982592297,"Canada - Central bank, assets, total, BIS-spliced, GDP",A: Normal value
CA,1965Q2,6.3446516818109,"Canada - Central bank, assets, total, BIS-spliced, GDP",A: Normal value
CA,1965Q3,6.2409213529778,"Canada - Central bank, assets, total, BIS-spliced, GDP",A: Normal value
CA,1965Q4,6.6430454568353,"Canada - Central bank, assets, total, BIS-spliced, GDP",A: Normal value
CA,1966Q1,6.1144273738461,"Canada - Central bank, assets, total, BIS-spliced, GDP",A: Normal value
CA,1966Q2,6.1401567834113,"Canada - Central bank, assets, total, BIS-spliced, GDP",A: Normal value
CA,1966Q3,6.1738636189072,"Canada - Central bank, assets, total, BIS-spliced, GDP",A: Normal value
CA,1966Q4,6.3068735477101,"Canada - Central bank, assets, total, BIS-spliced, GDP",A: Normal value
CA,1967Q1,6.0121183599035,"Canada - Central bank, assets, total, BIS-spliced, GDP",A: Normal value
CA,1967Q2,6.2747078343673,"Canada - Central bank, assets, total, BIS-spliced, GDP",A: Normal value
CA,1967Q3,6.3375092114959,"Canada - Central bank, assets, total, BIS-spliced, GDP",A: Normal value
CA,1967Q4,6.1438199743775,"Canada - Central bank, assets, total, BIS-spliced, GDP",A: Normal value
CA,1968Q1,5.8182066330012,"Canada - Central bank, assets, total, BIS-spliced, GDP",A: Normal value
CA,1968Q2,6.101917133798,"Canada - Central bank, assets, total, BIS-spliced, GDP",A: Normal value
CA,1968Q3,5.7126800324124,"Canada - Central bank, assets, total, BIS-spliced, GDP",A: Normal value
CA,1968Q4,5.9076891709356,"Canada - Central bank, assets, total, BIS-spliced, GDP",A: Normal value
CA,1969Q1,5.5984316450356,"Canada - Central bank, assets, total, BIS-spliced, GDP",A: Normal value
CA,1969Q2,5.6680799515445,"Canada - Central bank, assets, total, BIS-spliced, GDP",A: Normal value
CA,1969Q3,5.5603565636357,"Canada - Central bank, assets, total, BIS-spliced, GDP",A: Normal value
CA,1969Q4,5.6554437116742,"Canada - Central bank, assets, total, BIS-spliced, GDP",A: Normal value
CA,1970Q1,5.378998018681,"Canada - Central bank, assets, total, BIS-spliced, GDP",A: Normal value
CA,1970Q2,5.4881571346043,"Canada - Central bank, assets, total, BIS-spliced, GDP",A: Normal value
CA,1970Q3,5.2587982692287,"Canada - Central bank, assets, total, BIS-spliced, GDP",A: Normal value
CA,1970Q4,5.8022822668084,"Canada - Central bank, assets, total, BIS-spliced, GDP",A: Normal value
CA,1971Q1,5.5053453555271,"Canada - Central bank, assets, total, BIS-spliced, GDP",A: Normal value
CA,1971Q2,5.6834330881819,"Canada - Central bank, assets, total, BIS-spliced, GDP",A: Normal value
CA,1971Q3,5.7316394189401,"Canada - Central bank, assets, total, BIS-spliced, GDP",A: Normal value
CA,1971Q4,5.9204249249988,"Canada - Central bank, assets, total, BIS-spliced, GDP",A: Normal value
CA,1972Q1,5.9887221638153,"Canada - Central bank, assets, total, BIS-spliced, GDP",A: Normal value
CA,1972Q2,5.9831998364586,"Canada - Central bank, assets, total, BIS-spliced, GDP",A: Normal value
CA,1972Q3,5.9623961997317,"Canada - Central bank, assets, total, BIS-spliced, GDP",A: Normal value
CA,1972Q4,6.2155900670361,"Canada - Central bank, assets, total, BIS-spliced, GDP",A: Normal value
CA,1973Q1,5.949538126843,"Canada - Central bank, assets, total, BIS-spliced, GDP",A: Normal value
CA,1973Q2,6.0597623590491,"Canada - Central bank, assets, total, BIS-spliced, GDP",A: Normal value
CA,1973Q3,5.952718006795,"Canada - Central bank, assets, total, BIS-spliced, GDP",A: Normal value
CA,1973Q4,6.0158235940015,"Canada - Central bank, assets, total, BIS-spliced, GDP",A: Normal value
CA,1974Q1,5.8661989044011,"Canada - Central bank, assets, total, BIS-spliced, GDP",A: Normal value
CA,1974Q2,5.7252957096344,"Canada - Central bank, assets, total, BIS-spliced, GDP",A: Normal value
CA,1974Q3,5.4251468736886,"Canada - Central bank, assets, total, BIS-spliced, GDP",A: Normal value
CA,1974Q4,5.8061905725268,"Canada - Central bank, assets, total, BIS-spliced, GDP",A: Normal value
CA,1975Q1,5.6283494763754,"Canada - Central bank, assets, total, BIS-spliced, GDP",A: Normal value
CA,1975Q2,5.7674357378776,"Canada - Central bank, assets, total, BIS-spliced, GDP",A: Normal value
CA,1975Q3,5.6082639538464,"Canada - Central bank, assets, total, BIS-spliced, GDP",A: Normal value
CA,1975Q4,5.8990153320444,"Canada - Central bank, assets, total, BIS-spliced, GDP",A: Normal value
CA,1976Q1,5.7149339109486,"Canada - Central bank, assets, total, BIS-spliced, GDP",A: Normal value
CA,1976Q2,5.6631106236354,"Canada - Central bank, assets, total, BIS-spliced, GDP",A: Normal value
CA,1976Q3,5.4192269970577,"Canada - Central bank, assets, total, BIS-spliced, GDP",A: Normal value
CA,1976Q4,5.7494198634859,"Canada - Central bank, assets, total, BIS-spliced, GDP",A: Normal value
CA,1977Q1,5.5152853677643,"Canada - Central bank, assets, total, BIS-spliced, GDP",A: Normal value
CA,1977Q2,5.6026341431877,"Canada - Central bank, assets, total, BIS-spliced, GDP",A: Normal value
CA,1977Q3,5.4570449833228,"Canada - Central bank, assets, total, BIS-spliced, GDP",A: Normal value
CA,1977Q4,5.8945259467226,"Canada - Central bank, assets, total, BIS-spliced, GDP",A: Normal value
CA,1978Q1,5.7689748575893,"Canada - Central bank, assets, total, BIS-spliced, GDP",A: Normal value
CA,1978Q2,5.7776177999514,"Canada - Central bank, assets, total, BIS-spliced, GDP",A: Normal value
CA,1978Q3,5.8966456305138,"Canada - Central bank, assets, total, BIS-spliced, GDP",A: Normal value
CA,1978Q4,5.9926609144104,"Canada - Central bank, assets, total, BIS-spliced, GDP",A: Normal value
CA,1979Q1,5.7751497524991,"Canada - Central bank, assets, total, BIS-spliced, GDP",A: Normal value
CA,1979Q2,5.713178900945,"Canada - Central bank, assets, total, BIS-spliced, GDP",A: Normal value
CA,1979Q3,5.8946512364338,"Canada - Central bank, assets, total, BIS-spliced, GDP",A: Normal value
CA,1979Q4,5.4748129398348,"Canada - Central bank, assets, total, BIS-spliced, GDP",A: Normal value
CA,1980Q1,5.8024118114157,"Canada - Central bank, assets, total, BIS-spliced, GDP",A: Normal value
CA,1980Q2,5.2234603951969,"Canada - Central bank, assets, total, BIS-spliced, GDP",A: Normal value
CA,1980Q3,5.1338580667392,"Canada - Central bank, assets, total, BIS-spliced, GDP",A: Normal value
CA,1980Q4,5.363681989702,"Canada - Central bank, assets, total, BIS-spliced, GDP",A: Normal value
CA,1981Q1,5.4322922586396,"Canada - Central bank, assets, total, BIS-spliced, GDP",A: Normal value
CA,1981Q2,5.0783084792162,"Canada - Central bank, assets, total, BIS-spliced, GDP",A: Normal value
CA,1981Q3,4.8409782781258,"Canada - Central bank, assets, total, BIS-spliced, GDP",A: Normal value
CA,1981Q4,5.19983277138,"Canada - Central bank, assets, total, BIS-spliced, GDP",A: Normal value
CA,1982Q1,4.9406708947485,"Canada - Central bank, assets, total, BIS-spliced, GDP",A: Normal value
CA,1982Q2,4.8285414834282,"Canada - Central bank, assets, total, BIS-spliced, GDP",A: Normal value
CA,1982Q3,4.4422507403751,"Canada - Central bank, assets, total, BIS-spliced, GDP",A: Normal value
CA,1982Q4,5.0035936843895,"Canada - Central bank, assets, total, BIS-spliced, GDP",A: Normal value
CA,1983Q1,4.8619287507089,"Canada - Central bank, assets, total, BIS-spliced, GDP",A: Normal value
CA,1983Q2,5.1410396918322,"Canada - Central bank, assets, total, BIS-spliced, GDP",A: Normal value
CA,1983Q3,4.8736510473647,"Canada - Central bank, assets, total, BIS-spliced, GDP",A: Normal value
CA,1983Q4,4.908667128711,"Canada - Central bank, assets, total, BIS-spliced, GDP",A: Normal value
CA,1984Q1,4.7980539555619,"Canada - Central bank, assets, total, BIS-spliced, GDP",A: Normal value
CA,1984Q2,4.8393789862067,"Canada - Central bank, assets, total, BIS-spliced, GDP",A: Normal value
CA,1984Q3,4.6437356754977,"Canada - Central bank, assets, total, BIS-spliced, GDP",A: Normal value
CA,1984Q4,4.0983925919833,"Canada - Central bank, assets, total, BIS-spliced, GDP",A: Normal value
CA,1985Q1,4.5384370692397,"Canada - Central bank, assets, total, BIS-spliced, GDP",A: Normal value
CA,1985Q2,4.9171696149844,"Canada - Central bank, assets, total, BIS-spliced, GDP",A: Normal value
CA,1985Q3,4.1899492628113,"Canada - Central bank, assets, total, BIS-spliced, GDP",A: Normal value
CA,1985Q4,4.2267717543253,"Canada - Central bank, assets, total, BIS-spliced, GDP",A: Normal value
CA,1986Q1,4.3095033808516,"Canada - Central bank, assets, total, BIS-spliced, GDP",A: Normal value
CA,1986Q2,4.1226209490393,"Canada - Central bank, assets, total, BIS-spliced, GDP",A: Normal value
CA,1986Q3,4.0276622734572,"Canada - Central bank, assets, total, BIS-spliced, GDP",A: Normal value
CA,1986Q4,3.9771756261512,"Canada - Central bank, assets, total, BIS-spliced, GDP",A: Normal value
CA,1987Q1,3.7288496686588,"Canada - Central bank, assets, total, BIS-spliced, GDP",A: Normal value
CA,1987Q2,3.9061011882958,"Canada - Central bank, assets, total, BIS-spliced, GDP",A: Normal value
CA,1987Q3,3.7406706903555,"Canada - Central bank, assets, total, BIS-spliced, GDP",A: Normal value
CA,1987Q4,4.0086290951638,"Canada - Central bank, assets, total, BIS-spliced, GDP",A: Normal value
CA,1988Q1,3.6962265176109,"Canada - Central bank, assets, total, BIS-spliced, GDP",A: Normal value
CA,1988Q2,3.6858242763397,"Canada - Central bank, assets, total, BIS-spliced, GDP",A: Normal value
CA,1988Q3,3.5872462862933,"Canada - Central bank, assets, total, BIS-spliced, GDP",A: Normal value
CA,1988Q4,3.8792842171085,"Canada - Central bank, assets, total, BIS-spliced, GDP",A: Normal value
CA,1989Q1,3.479176492525,"Canada - Central bank, assets, total, BIS-spliced, GDP",A: Normal value
CA,1989Q2,3.6512478607771,"Canada - Central bank, assets, total, BIS-spliced, GDP",A: Normal value
CA,1989Q3,3.418301403619,"Canada - Central bank, assets, total, BIS-spliced, GDP",A: Normal value
CA,1989Q4,3.6898116230555,"Canada - Central bank, assets, total, BIS-spliced, GDP",A: Normal value
CA,1990Q1,3.426639295481,"Canada - Central bank, assets, total, BIS-spliced, GDP",A: Normal value
CA,1990Q2,3.4934110067411,"Canada - Central bank, assets, total, BIS-spliced, GDP",A: Normal value
CA,1990Q3,3.4786594314483,"Canada - Central bank, assets, total, BIS-spliced, GDP",A: Normal value
CA,1990Q4,3.6340709790496,"Canada - Central bank, assets, total, BIS-spliced, GDP",A: Normal value
CA,1991Q1,3.3695822396163,"Canada - Central bank, assets, total, BIS-spliced, GDP",A: Normal value
CA,1991Q2,3.5621096818961,"Canada - Central bank, assets, total, BIS-spliced, GDP",A: Normal value
CA,1991Q3,3.6571588734795,"Canada - Central bank, assets, total, BIS-spliced, GDP",A: Normal value
CA,1991Q4,3.8538102776824,"Canada - Central bank, assets, total, BIS-spliced, GDP",A: Normal value
CA,1992Q1,3.4810059325024,"Canada - Central bank, assets, total, BIS-spliced, GDP",A: Normal value
CA,1992Q2,3.6462050077144,"Canada - Central bank, assets, total, BIS-spliced, GDP",A: Normal value
CA,1992Q3,3.7586816995242,"Canada - Central bank, assets, total, BIS-spliced, GDP",A: Normal value
CA,1992Q4,3.8196860959083,"Canada - Central bank, assets, total, BIS-spliced, GDP",A: Normal value
CA,1993Q1,3.5898964967933,"Canada - Central bank, assets, total, BIS-spliced, GDP",A: Normal value
CA,1993Q2,3.7457859566493,"Canada - Central bank, assets, total, BIS-spliced, GDP",A: Normal value
CA,1993Q3,3.6578469597309,"Canada - Central bank, assets, total, BIS-spliced, GDP",A: Normal value
CA,1993Q4,3.8880269651972,"Canada - Central bank, assets, total, BIS-spliced, GDP",A: Normal value
CA,1994Q1,3.7103895400238,"Canada - Central bank, assets, total, BIS-spliced, GDP",A: Normal value
CA,1994Q2,3.6508466790554,"Canada - Central bank, assets, total, BIS-spliced, GDP",A: Normal value
CA,1994Q3,3.5518834559102,"Canada - Central bank, assets, total, BIS-spliced, GDP",A: Normal value
CA,1994Q4,3.7943260620325,"Canada - Central bank, assets, total, BIS-spliced, GDP",A: Normal value
CA,1995Q1,3.3902790876254,"Canada - Central bank, assets, total, BIS-spliced, GDP",A: Normal value
CA,1995Q2,3.5512804803333,"Canada - Central bank, assets, total, BIS-spliced, GDP",A: Normal value
CA,1995Q3,3.4633342554978,"Canada - Central bank, assets, total, BIS-spliced, GDP",A: Normal value
CA,1995Q4,3.6315821750533,"Canada - Central bank, assets, total, BIS-spliced, GDP",A: Normal value
CA,1996Q1,3.3004254912272,"Canada - Central bank, assets, total, BIS-spliced, GDP",A: Normal value
CA,1996Q2,3.4792071124444,"Canada - Central bank, assets, total, BIS-spliced, GDP",A: Normal value
CA,1996Q3,3.4312895610545,"Canada - Central bank, assets, total, BIS-spliced, GDP",A: Normal value
CA,1996Q4,3.5569656468574,"Canada - Central bank, assets, total, BIS-spliced, GDP",A: Normal value
CA,1997Q1,3.3163209704045,"Canada - Central bank, assets, total, BIS-spliced, GDP",A: Normal value
CA,1997Q2,3.4782520099712,"Canada - Central bank, assets, total, BIS-spliced, GDP",A: Normal value
CA,1997Q3,3.4107294234328,"Canada - Central bank, assets, total, BIS-spliced, GDP",A: Normal value
CA,1997Q4,3.5007266303976,"Canada - Central bank, assets, total, BIS-spliced, GDP",A: Normal value
CA,1998Q1,3.2144343872665,"Canada - Central bank, assets, total, BIS-spliced, GDP",A: Normal value
CA,1998Q2,3.4654950614726,"Canada - Central bank, assets, total, BIS-spliced, GDP",A: Normal value
CA,1998Q3,3.4404271895016,"Canada - Central bank, assets, total, BIS-spliced, GDP",A: Normal value
CA,1998Q4,3.5946065485228,"Canada - Central bank, assets, total, BIS-spliced, GDP",A: Normal value
CA,1999Q1,3.4499660778054,"Canada - Central bank, assets, total, BIS-spliced, GDP",A: Normal value
CA,1999Q2,3.5952332862048,"Canada - Central bank, assets, total, BIS-spliced, GDP",A: Normal value
CA,1999Q3,3.5533550900863,"Canada - Central bank, assets, total, BIS-spliced, GDP",A: Normal value
CA,1999Q4,4.2724324281421,"Canada - Central bank, assets, total, BIS-spliced, GDP",A: Normal value
CA,2000Q1,3.4222382481118,"Canada - Central bank, assets, total, BIS-spliced, GDP",A: Normal value
CA,2000Q2,3.4311515402421,"Canada - Central bank, assets, total, BIS-spliced, GDP",A: Normal value
CA,2000Q3,3.2757885251381,"Canada - Central bank, assets, total, BIS-spliced, GDP",A: Normal value
CA,2000Q4,3.5755390024691,"Canada - Central bank, assets, total, BIS-spliced, GDP",A: Normal value
CA,2001Q1,3.3632177477009,"Canada - Central bank, assets, total, BIS-spliced, GDP",A: Normal value
CA,2001Q2,3.5475241320112,"Canada - Central bank, assets, total, BIS-spliced, GDP",A: Normal value
CA,2001Q3,3.4906791347103,"Canada - Central bank, assets, total, BIS-spliced, GDP",A: Normal value
CA,2001Q4,3.6524621617536,"Canada - Central bank, assets, total, BIS-spliced, GDP",A: Normal value
CA,2002Q1,3.5043367093332,"Canada - Central bank, assets, total, BIS-spliced, GDP",A: Normal value
CA,2002Q2,3.6240454380162,"Canada - Central bank, assets, total, BIS-spliced, GDP",A: Normal value
CA,2002Q3,3.6297665444394,"Canada - Central bank, assets, total, BIS-spliced, GDP",A: Normal value
CA,2002Q4,3.6826020738983,"Canada - Central bank, assets, total, BIS-spliced, GDP",A: Normal value
CA,2003Q1,3.3750193168255,"Canada - Central bank, assets, total, BIS-spliced, GDP",A: Normal value
CA,2003Q2,3.4878037076468,"Canada - Central bank, assets, total, BIS-spliced, GDP",A: Normal value
CA,2003Q3,3.4161912906228,"Canada - Central bank, assets, total, BIS-spliced, GDP",A: Normal value
CA,2003Q4,3.5160873068435,"Canada - Central bank, assets, total, BIS-spliced, GDP",A: Normal value
CA,2004Q1,3.3459450879309,"Canada - Central bank, assets, total, BIS-spliced, GDP",A: Normal value
CA,2004Q2,3.4793612468442,"Canada - Central bank, assets, total, BIS-spliced, GDP",A: Normal value
CA,2004Q3,3.3336838944598,"Canada - Central bank, assets, total, BIS-spliced, GDP",A: Normal value
CA,2004Q4,3.4985337616631,"Canada - Central bank, assets, total, BIS-spliced, GDP",A: Normal value
CA,2005Q1,3.2533436323943,"Canada - Central bank, assets, total, BIS-spliced, GDP",A: Normal value
CA,2005Q2,3.3785263304921,"Canada - Central bank, assets, total, BIS-spliced, GDP",A: Normal value
CA,2005Q3,3.2676910689892,"Canada - Central bank, assets, total, BIS-spliced, GDP",A: Normal value
CA,2005Q4,3.3990109665937,"Canada - Central bank, assets, total, BIS-spliced, GDP",A: Normal value
CA,2006Q1,3.1566043518235,"Canada - Central bank, assets, total, BIS-spliced, GDP",A: Normal value
CA,2006Q2,3.3154984791791,"Canada - Central bank, assets, total, BIS-spliced, GDP",A: Normal value
CA,2006Q3,3.3301644412606,"Canada - Central bank, assets, total, BIS-spliced, GDP",A: Normal value
CA,2006Q4,3.4494762809668,"Canada - Central bank, assets, total, BIS-spliced, GDP",A: Normal value
CA,2007Q1,3.2039265119455,"Canada - Central bank, assets, total, BIS-spliced, GDP",A: Normal value
CA,2007Q2,3.3825184891956,"Canada - Central bank, assets, total, BIS-spliced, GDP",A: Normal value
CA,2007Q3,3.33752350946,"Canada - Central bank, assets, total, BIS-spliced, GDP",A: Normal value
CA,2007Q4,3.416259893602,"Canada - Central bank, assets, total, BIS-spliced, GDP",A: Normal value
CA,2008Q1,3.2974703874473,"Canada - Central bank, assets, total, BIS-spliced, GDP",A: Normal value
CA,2008Q2,3.2466353918327,"Canada - Central bank, assets, total, BIS-spliced, GDP",A: Normal value
CA,2008Q3,3.4158461051831,"Canada - Central bank, assets, total, BIS-spliced, GDP",A: Normal value
CA,2008Q4,4.7424294269122,"Canada - Central bank, assets, total, BIS-spliced, GDP",A: Normal value
CA,2009Q1,4.9615002825247,"Canada - Central bank, assets, total, BIS-spliced, GDP",A: Normal value
CA,2009Q2,4.7365846515265,"Canada - Central bank, assets, total, BIS-spliced, GDP",A: Normal value
CA,2009Q3,4.8194754687764,"Canada - Central bank, assets, total, BIS-spliced, GDP",A: Normal value
CA,2009Q4,4.5410460156784,"Canada - Central bank, assets, total, BIS-spliced, GDP",A: Normal value
CA,2010Q1,4.4794398612961,"Canada - Central bank, assets, total, BIS-spliced, GDP",A: Normal value
CA,2010Q2,3.670836982205,"Canada - Central bank, assets, total, BIS-spliced, GDP",A: Normal value
CA,2010Q3,3.5268656789066,"Canada - Central bank, assets, total, BIS-spliced, GDP",A: Normal value
CA,2010Q4,3.6544565342655,"Canada - Central bank, assets, total, BIS-spliced, GDP",A: Normal value
CA,2011Q1,3.398700702208,"Canada - Central bank, assets, total, BIS-spliced, GDP",A: Normal value
CA,2011Q2,3.53331029769,"Canada - Central bank, assets, total, BIS-spliced, GDP",A: Normal value
CA,2011Q3,3.507981274427,"Canada - Central bank, assets, total, BIS-spliced, GDP",A: Normal value
CA,2011Q4,3.6214610191408,"Canada - Central bank, assets, total, BIS-spliced, GDP",A: Normal value
CA,2012Q1,3.8122959480973,"Canada - Central bank, assets, total, BIS-spliced, GDP",A: Normal value
CA,2012Q2,3.9255853258988,"Canada - Central bank, assets, total, BIS-spliced, GDP",A: Normal value
CA,2012Q3,4.0258662386773,"Canada - Central bank, assets, total, BIS-spliced, GDP",A: Normal value
CA,2012Q4,4.2582616800232,"Canada - Central bank, assets, total, BIS-spliced, GDP",A: Normal value
CA,2013Q1,4.4114071610609,"Canada - Central bank, assets, total, BIS-spliced, GDP",A: Normal value
CA,2013Q2,4.7337666318551,"Canada - Central bank, assets, total, BIS-spliced, GDP",A: Normal value
CA,2013Q3,4.6673851132617,"Canada - Central bank, assets, total, BIS-spliced, GDP",A: Normal value
CA,2013Q4,4.7999024311774,"Canada - Central bank, assets, total, BIS-spliced, GDP",A: Normal value
CA,2014Q1,4.58688319917,"Canada - Central bank, assets, total, BIS-spliced, GDP",A: Normal value
CA,2014Q2,4.7019727581268,"Canada - Central bank, assets, total, BIS-spliced, GDP",A: Normal value
CA,2014Q3,4.7240254561089,"Canada - Central bank, assets, total, BIS-spliced, GDP",A: Normal value
CA,2014Q4,4.7176346860842,"Canada - Central bank, assets, total, BIS-spliced, GDP",A: Normal value
CA,2015Q1,4.631745254011,"Canada - Central bank, assets, total, BIS-spliced, GDP",A: Normal value
CA,2015Q2,4.7943742594057,"Canada - Central bank, assets, total, BIS-spliced, GDP",A: Normal value
CA,2015Q3,4.8957744136168,"Canada - Central bank, assets, total, BIS-spliced, GDP",A: Normal value
CA,2015Q4,5.0816376873266,"Canada - Central bank, assets, total, BIS-spliced, GDP",A: Normal value
CA,2016Q1,4.9749469776642,"Canada - Central bank, assets, total, BIS-spliced, GDP",A: Normal value
CA,2016Q2,5.2084318556118,"Canada - Central bank, assets, total, BIS-spliced, GDP",A: Normal value
CA,2016Q3,5.2320523309871,"Canada - Central bank, assets, total, BIS-spliced, GDP",A: Normal value
CA,2016Q4,5.2384184919046,"Canada - Central bank, assets, total, BIS-spliced, GDP",A: Normal value
CA,2017Q1,5.0737560261813,"Canada - Central bank, assets, total, BIS-spliced, GDP",A: Normal value
CA,2017Q2,5.2728113410626,"Canada - Central bank, assets, total, BIS-spliced, GDP",A: Normal value
CA,2017Q3,5.204817314218,"Canada - Central bank, assets, total, BIS-spliced, GDP",A: Normal value
CA,2017Q4,5.1900342000363,"Canada - Central bank, assets, total, BIS-spliced, GDP",A: Normal value
CA,2018Q1,5.0361107609098,"Canada - Central bank, assets, total, BIS-spliced, GDP",A: Normal value
CA,2018Q2,5.1356334188049,"Canada - Central bank, assets, total, BIS-spliced, GDP",A: Normal value
CA,2018Q3,5.1709699207959,"Canada - Central bank, assets, total, BIS-spliced, GDP",A: Normal value
CA,2018Q4,5.1910496829817,"Canada - Central bank, assets, total, BIS-spliced, GDP",A: Normal value
CA,2019Q1,5.0806792659351,"Canada - Central bank, assets, total, BIS-spliced, GDP",A: Normal value
CA,2019Q2,5.1376444340055,"Canada - Central bank, assets, total, BIS-spliced, GDP",A: Normal value
CA,2019Q3,5.1080225978811,"Canada - Central bank, assets, total, BIS-spliced, GDP",A: Normal value
CA,2019Q4,5.1713741964234,"Canada - Central bank, assets, total, BIS-spliced, GDP",A: Normal value
CA,2020Q1,8.4384121562895,"Canada - Central bank, assets, total, BIS-spliced, GDP",A: Normal value
CA,2020Q2,23.536596451577,"Canada - Central bank, assets, total, BIS-spliced, GDP",A: Normal value
CA,2020Q3,23.955240850746,"Canada - Central bank, assets, total, BIS-spliced, GDP",A: Normal value
CA,2020Q4,24.671305505405,"Canada - Central bank, assets, total, BIS-spliced, GDP",A: Normal value
CA,2021Q1,24.481179948324,"Canada - Central bank, assets, total, BIS-spliced, GDP",A: Normal value
CA,2021Q2,20.268228779506,"Canada - Central bank, assets, total, BIS-spliced, GDP",A: Normal value
CA,2021Q3,20.243389702298,"Canada - Central bank, assets, total, BIS-spliced, GDP",A: Normal value
CA,2021Q4,19.692462156196,"Canada - Central bank, assets, total, BIS-spliced, GDP",A: Normal value
CA,2022Q1,18.565674368553,"Canada - Central bank, assets, total, BIS-spliced, GDP",A: Normal value
CA,2022Q2,16.729370076602,"Canada - Central bank, assets, total, BIS-spliced, GDP",A: Normal value
CA,2022Q3,15.38872418364,"Canada - Central bank, assets, total, BIS-spliced, GDP",A: Normal value
CA,2022Q4,14.339636870718,"Canada - Central bank, assets, total, BIS-spliced, GDP",A: Normal value
CA,2023Q1,13.19367134998,"Canada - Central bank, assets, total, BIS-spliced, GDP",A: Normal value
CA,2023Q2,12.297959948883,"Canada - Central bank, assets, total, BIS-spliced, GDP",A: Normal value
CA,2023Q3,11.029379438721,"Canada - Central bank, assets, total, BIS-spliced, GDP",A: Normal value
CA,2023Q4,10.683120638365,"Canada - Central bank, assets, total, BIS-spliced, GDP",A: Normal value
CA,2024Q1,10.243574215223,"Canada - Central bank, assets, total, BIS-spliced, GDP",A: Normal value
CA,2024Q2,8.9969412752529,"Canada - Central bank, assets, total, BIS-spliced, GDP",A: Normal value
CA,2024Q3,9.0943698167815,"Canada - Central bank, assets, total, BIS-spliced, GDP",A: Normal value
CA,2024Q4,8.9187212949056,"Canada - Central bank, assets, total, BIS-spliced, GDP",A: Normal value
CA,2025Q1,7.9239137461797,"Canada - Central bank, assets, total, BIS-spliced, GDP",A: Normal value
CA,2025Q2,7.7143748520909,"Canada - Central bank, assets, total, BIS-spliced, GDP",A: Normal value
CA,2025Q3,7.3649720934092,"Canada - Central bank, assets, total, BIS-spliced, GDP",A: Normal value
CA,2025Q4,7.4155879591733,"Canada - Central bank, assets, total, BIS-spliced, GDP",A: Normal value
CH,1960Q4,22.42522192883,"Switzerland - Central bank, assets, total, BIS-spliced, GDP",A: Normal value
CH,1961Q1,23.600248185362,"Switzerland - Central bank, assets, total, BIS-spliced, GDP",A: Normal value
CH,1961Q2,23.513491160241,"Switzerland - Central bank, assets, total, BIS-spliced, GDP",A: Normal value
CH,1961Q3,24.15498604399,"Switzerland - Central bank, assets, total, BIS-spliced, GDP",A: Normal value
CH,1961Q4,23.742577872876,"Switzerland - Central bank, assets, total, BIS-spliced, GDP",A: Normal value
CH,1962Q1,21.703504791417,"Switzerland - Central bank, assets, total, BIS-spliced, GDP",A: Normal value
CH,1962Q2,21.975613949146,"Switzerland - Central bank, assets, total, BIS-spliced, GDP",A: Normal value
CH,1962Q3,20.819059177834,"Switzerland - Central bank, assets, total, BIS-spliced, GDP",A: Normal value
CH,1962Q4,22.783651243601,"Switzerland - Central bank, assets, total, BIS-spliced, GDP",A: Normal value
CH,1963Q1,20.575924056928,"Switzerland - Central bank, assets, total, BIS-spliced, GDP",A: Normal value
CH,1963Q2,20.353453598054,"Switzerland - Central bank, assets, total, BIS-spliced, GDP",A: Normal value
CH,1963Q3,19.783134004454,"Switzerland - Central bank, assets, total, BIS-spliced, GDP",A: Normal value
CH,1963Q4,22.181020551216,"Switzerland - Central bank, assets, total, BIS-spliced, GDP",A: Normal value
CH,1964Q1,19.38448969787,"Switzerland - Central bank, assets, total, BIS-spliced, GDP",A: Normal value
CH,1964Q2,20.042668582144,"Switzerland - Central bank, assets, total, BIS-spliced, GDP",A: Normal value
CH,1964Q3,19.296820732586,"Switzerland - Central bank, assets, total, BIS-spliced, GDP",A: Normal value
CH,1964Q4,21.249233988584,"Switzerland - Central bank, assets, total, BIS-spliced, GDP",A: Normal value
CH,1965Q1,19.294739785264,"Switzerland - Central bank, assets, total, BIS-spliced, GDP",A: Normal value
CH,1965Q2,19.476752840274,"Switzerland - Central bank, assets, total, BIS-spliced, GDP",A: Normal value
CH,1965Q3,18.57556896197,"Switzerland - Central bank, assets, total, BIS-spliced, GDP",A: Normal value
CH,1965Q4,20.502163740954,"Switzerland - Central bank, assets, total, BIS-spliced, GDP",A: Normal value
CH,1966Q1,18.271394042876,"Switzerland - Central bank, assets, total, BIS-spliced, GDP",A: Normal value
CH,1966Q2,18.510760245951,"Switzerland - Central bank, assets, total, BIS-spliced, GDP",A: Normal value
CH,1966Q3,17.912925092803,"Switzerland - Central bank, assets, total, BIS-spliced, GDP",A: Normal value
CH,1966Q4,19.90747341518,"Switzerland - Central bank, assets, total, BIS-spliced, GDP",A: Normal value
CH,1967Q1,18.138519750363,"Switzerland - Central bank, assets, total, BIS-spliced, GDP",A: Normal value
CH,1967Q2,18.08239113933,"Switzerland - Central bank, assets, total, BIS-spliced, GDP",A: Normal value
CH,1967Q3,17.347418313558,"Switzerland - Central bank, assets, total, BIS-spliced, GDP",A: Normal value
CH,1967Q4,19.145312491116,"Switzerland - Central bank, assets, total, BIS-spliced, GDP",A: Normal value
CH,1968Q1,17.379847360964,"Switzerland - Central bank, assets, total, BIS-spliced, GDP",A: Normal value
CH,1968Q2,18.612618461807,"Switzerland - Central bank, assets, total, BIS-spliced, GDP",A: Normal value
CH,1968Q3,16.92882442297,"Switzerland - Central bank, assets, total, BIS-spliced, GDP",A: Normal value
CH,1968Q4,21.170883945639,"Switzerland - Central bank, assets, total, BIS-spliced, GDP",A: Normal value
CH,1969Q1,17.765777828185,"Switzerland - Central bank, assets, total, BIS-spliced, GDP",A: Normal value
CH,1969Q2,18.29373079305,"Switzerland - Central bank, assets, total, BIS-spliced, GDP",A: Normal value
CH,1969Q3,17.860088820729,"Switzerland - Central bank, assets, total, BIS-spliced, GDP",A: Normal value
CH,1969Q4,20.4435086318,"Switzerland - Central bank, assets, total, BIS-spliced, GDP",A: Normal value
CH,1970Q1,18.032709421207,"Switzerland - Central bank, assets, total, BIS-spliced, GDP",A: Normal value
CH,1970Q2,18.792135470651,"Switzerland - Central bank, assets, total, BIS-spliced, GDP",A: Normal value
CH,1970Q3,18.696104540706,"Switzerland - Central bank, assets, total, BIS-spliced, GDP",A: Normal value
CH,1970Q4,20.742201229911,"Switzerland - Central bank, assets, total, BIS-spliced, GDP",A: Normal value
CH,1971Q1,18.367172956736,"Switzerland - Central bank, assets, total, BIS-spliced, GDP",A: Normal value
CH,1971Q2,19.229704647714,"Switzerland - Central bank, assets, total, BIS-spliced, GDP",A: Normal value
CH,1971Q3,23.219693999353,"Switzerland - Central bank, assets, total, BIS-spliced, GDP",A: Normal value
CH,1971Q4,22.190222652266,"Switzerland - Central bank, assets, total, BIS-spliced, GDP",A: Normal value
CH,1972Q1,20.860870530969,"Switzerland - Central bank, assets, total, BIS-spliced, GDP",A: Normal value
CH,1972Q2,21.535737129544,"Switzerland - Central bank, assets, total, BIS-spliced, GDP",A: Normal value
CH,1972Q3,21.793332419719,"Switzerland - Central bank, assets, total, BIS-spliced, GDP",A: Normal value
CH,1972Q4,22.062767764835,"Switzerland - Central bank, assets, total, BIS-spliced, GDP",A: Normal value
CH,1973Q1,20.875718872982,"Switzerland - Central bank, assets, total, BIS-spliced, GDP",A: Normal value
CH,1973Q2,21.155543673848,"Switzerland - Central bank, assets, total, BIS-spliced, GDP",A: Normal value
CH,1973Q3,20.388751046594,"Switzerland - Central bank, assets, total, BIS-spliced, GDP",A: Normal value
CH,1973Q4,20.347604073101,"Switzerland - Central bank, assets, total, BIS-spliced, GDP",A: Normal value
CH,1974Q1,18.644644363552,"Switzerland - Central bank, assets, total, BIS-spliced, GDP",A: Normal value
CH,1974Q2,19.269213890435,"Switzerland - Central bank, assets, total, BIS-spliced, GDP",A: Normal value
CH,1974Q3,18.541710593992,"Switzerland - Central bank, assets, total, BIS-spliced, GDP",A: Normal value
CH,1974Q4,19.27665577486,"Switzerland - Central bank, assets, total, BIS-spliced, GDP",A: Normal value
CH,1975Q1,18.476732854024,"Switzerland - Central bank, assets, total, BIS-spliced, GDP",A: Normal value
CH,1975Q2,18.327986710062,"Switzerland - Central bank, assets, total, BIS-spliced, GDP",A: Normal value
CH,1975Q3,17.983852389796,"Switzerland - Central bank, assets, total, BIS-spliced, GDP",A: Normal value
CH,1975Q4,20.570194833295,"Switzerland - Central bank, assets, total, BIS-spliced, GDP",A: Normal value
CH,1976Q1,19.404360775168,"Switzerland - Central bank, assets, total, BIS-spliced, GDP",A: Normal value
CH,1976Q2,20.579196336366,"Switzerland - Central bank, assets, total, BIS-spliced, GDP",A: Normal value
CH,1976Q3,20.545862250849,"Switzerland - Central bank, assets, total, BIS-spliced, GDP",A: Normal value
CH,1976Q4,22.648340528779,"Switzerland - Central bank, assets, total, BIS-spliced, GDP",A: Normal value
CH,1977Q1,20.088162643594,"Switzerland - Central bank, assets, total, BIS-spliced, GDP",A: Normal value
CH,1977Q2,19.976319201527,"Switzerland - Central bank, assets, total, BIS-spliced, GDP",A: Normal value
CH,1977Q3,19.049823393029,"Switzerland - Central bank, assets, total, BIS-spliced, GDP",A: Normal value
CH,1977Q4,21.751497642711,"Switzerland - Central bank, assets, total, BIS-spliced, GDP",A: Normal value
CH,1978Q1,20.648649164412,"Switzerland - Central bank, assets, total, BIS-spliced, GDP",A: Normal value
CH,1978Q2,21.058677108337,"Switzerland - Central bank, assets, total, BIS-spliced, GDP",A: Normal value
CH,1978Q3,21.119473475634,"Switzerland - Central bank, assets, total, BIS-spliced, GDP",A: Normal value
CH,1978Q4,24.973856969265,"Switzerland - Central bank, assets, total, BIS-spliced, GDP",A: Normal value
CH,1979Q1,23.190930796673,"Switzerland - Central bank, assets, total, BIS-spliced, GDP",A: Normal value
CH,1979Q2,22.794699964285,"Switzerland - Central bank, assets, total, BIS-spliced, GDP",A: Normal value
CH,1979Q3,22.03137683262,"Switzerland - Central bank, assets, total, BIS-spliced, GDP",A: Normal value
CH,1979Q4,22.296345693647,"Switzerland - Central bank, assets, total, BIS-spliced, GDP",A: Normal value
CH,1980Q1,20.162801544849,"Switzerland - Central bank, assets, total, BIS-spliced, GDP",A: Normal value
CH,1980Q2,20.234988777319,"Switzerland - Central bank, assets, total, BIS-spliced, GDP",A: Normal value
CH,1980Q3,19.737578473057,"Switzerland - Central bank, assets, total, BIS-spliced, GDP",A: Normal value
CH,1980Q4,21.263051273804,"Switzerland - Central bank, assets, total, BIS-spliced, GDP",A: Normal value
CH,1981Q1,19.268976886783,"Switzerland - Central bank, assets, total, BIS-spliced, GDP",A: Normal value
CH,1981Q2,19.337800438486,"Switzerland - Central bank, assets, total, BIS-spliced, GDP",A: Normal value
CH,1981Q3,18.051846519441,"Switzerland - Central bank, assets, total, BIS-spliced, GDP",A: Normal value
CH,1981Q4,19.906363987661,"Switzerland - Central bank, assets, total, BIS-spliced, GDP",A: Normal value
CH,1982Q1,18.010487752947,"Switzerland - Central bank, assets, total, BIS-spliced, GDP",A: Normal value
CH,1982Q2,18.797815670308,"Switzerland - Central bank, assets, total, BIS-spliced, GDP",A: Normal value
CH,1982Q3,18.452258942379,"Switzerland - Central bank, assets, total, BIS-spliced, GDP",A: Normal value
CH,1982Q4,20.817783019923,"Switzerland - Central bank, assets, total, BIS-spliced, GDP",A: Normal value
CH,1983Q1,19.479435584578,"Switzerland - Central bank, assets, total, BIS-spliced, GDP",A: Normal value
CH,1983Q2,19.258540172459,"Switzerland - Central bank, assets, total, BIS-spliced, GDP",A: Normal value
CH,1983Q3,19.185367848424,"Switzerland - Central bank, assets, total, BIS-spliced, GDP",A: Normal value
CH,1983Q4,21.227761074372,"Switzerland - Central bank, assets, total, BIS-spliced, GDP",A: Normal value
CH,1984Q1,19.508778026747,"Switzerland - Central bank, assets, total, BIS-spliced, GDP",A: Normal value
CH,1984Q2,19.559047392248,"Switzerland - Central bank, assets, total, BIS-spliced, GDP",A: Normal value
CH,1984Q3,19.637127145996,"Switzerland - Central bank, assets, total, BIS-spliced, GDP",A: Normal value
CH,1984Q4,22.509363281524,"Switzerland - Central bank, assets, total, BIS-spliced, GDP",A: Normal value
CH,1985Q1,20.508163478498,"Switzerland - Central bank, assets, total, BIS-spliced, GDP",A: Normal value
CH,1985Q2,20.733505536206,"Switzerland - Central bank, assets, total, BIS-spliced, GDP",A: Normal value
CH,1985Q3,20.435031398664,"Switzerland - Central bank, assets, total, BIS-spliced, GDP",A: Normal value
CH,1985Q4,21.130201879277,"Switzerland - Central bank, assets, total, BIS-spliced, GDP",A: Normal value
CH,1986Q1,19.307893221923,"Switzerland - Central bank, assets, total, BIS-spliced, GDP",A: Normal value
CH,1986Q2,19.208960332404,"Switzerland - Central bank, assets, total, BIS-spliced, GDP",A: Normal value
CH,1986Q3,19.089667333723,"Switzerland - Central bank, assets, total, BIS-spliced, GDP",A: Normal value
CH,1986Q4,19.605619458217,"Switzerland - Central bank, assets, total, BIS-spliced, GDP",A: Normal value
CH,1987Q1,18.251021311765,"Switzerland - Central bank, assets, total, BIS-spliced, GDP",A: Normal value
CH,1987Q2,18.409972434484,"Switzerland - Central bank, assets, total, BIS-spliced, GDP",A: Normal value
CH,1987Q3,18.043425684573,"Switzerland - Central bank, assets, total, BIS-spliced, GDP",A: Normal value
CH,1987Q4,19.134443403811,"Switzerland - Central bank, assets, total, BIS-spliced, GDP",A: Normal value
CH,1988Q1,15.559791476661,"Switzerland - Central bank, assets, total, BIS-spliced, GDP",A: Normal value
CH,1988Q2,15.876367199532,"Switzerland - Central bank, assets, total, BIS-spliced, GDP",A: Normal value
CH,1988Q3,15.669639663841,"Switzerland - Central bank, assets, total, BIS-spliced, GDP",A: Normal value
CH,1988Q4,16.860036164556,"Switzerland - Central bank, assets, total, BIS-spliced, GDP",A: Normal value
CH,1989Q1,15.575883062469,"Switzerland - Central bank, assets, total, BIS-spliced, GDP",A: Normal value
CH,1989Q2,15.576334764181,"Switzerland - Central bank, assets, total, BIS-spliced, GDP",A: Normal value
CH,1989Q3,14.834531377355,"Switzerland - Central bank, assets, total, BIS-spliced, GDP",A: Normal value
CH,1989Q4,16.284599342085,"Switzerland - Central bank, assets, total, BIS-spliced, GDP",A: Normal value
CH,1990Q1,14.461396634909,"Switzerland - Central bank, assets, total, BIS-spliced, GDP",A: Normal value
CH,1990Q2,14.570520023142,"Switzerland - Central bank, assets, total, BIS-spliced, GDP",A: Normal value
CH,1990Q3,14.302674261915,"Switzerland - Central bank, assets, total, BIS-spliced, GDP",A: Normal value
CH,1990Q4,14.332050587505,"Switzerland - Central bank, assets, total, BIS-spliced, GDP",A: Normal value
CH,1991Q1,13.416485180979,"Switzerland - Central bank, assets, total, BIS-spliced, GDP",A: Normal value
CH,1991Q2,13.161499755011,"Switzerland - Central bank, assets, total, BIS-spliced, GDP",A: Normal value
CH,1991Q3,13.138704955524,"Switzerland - Central bank, assets, total, BIS-spliced, GDP",A: Normal value
CH,1991Q4,14.494146705589,"Switzerland - Central bank, assets, total, BIS-spliced, GDP",A: Normal value
CH,1992Q1,13.838974960595,"Switzerland - Central bank, assets, total, BIS-spliced, GDP",A: Normal value
CH,1992Q2,13.941331300481,"Switzerland - Central bank, assets, total, BIS-spliced, GDP",A: Normal value
CH,1992Q3,13.94321553313,"Switzerland - Central bank, assets, total, BIS-spliced, GDP",A: Normal value
CH,1992Q4,15.978681252691,"Switzerland - Central bank, assets, total, BIS-spliced, GDP",A: Normal value
CH,1993Q1,15.452722302389,"Switzerland - Central bank, assets, total, BIS-spliced, GDP",A: Normal value
CH,1993Q2,15.713895690445,"Switzerland - Central bank, assets, total, BIS-spliced, GDP",A: Normal value
CH,1993Q3,15.548779329075,"Switzerland - Central bank, assets, total, BIS-spliced, GDP",A: Normal value
CH,1993Q4,16.110167040593,"Switzerland - Central bank, assets, total, BIS-spliced, GDP",A: Normal value
CH,1994Q1,15.472015592482,"Switzerland - Central bank, assets, total, BIS-spliced, GDP",A: Normal value
CH,1994Q2,15.721374752521,"Switzerland - Central bank, assets, total, BIS-spliced, GDP",A: Normal value
CH,1994Q3,15.489813625091,"Switzerland - Central bank, assets, total, BIS-spliced, GDP",A: Normal value
CH,1994Q4,15.487896485551,"Switzerland - Central bank, assets, total, BIS-spliced, GDP",A: Normal value
CH,1995Q1,14.541215888925,"Switzerland - Central bank, assets, total, BIS-spliced, GDP",A: Normal value
CH,1995Q2,14.452570517858,"Switzerland - Central bank, assets, total, BIS-spliced, GDP",A: Normal value
CH,1995Q3,14.438497256085,"Switzerland - Central bank, assets, total, BIS-spliced, GDP",A: Normal value
CH,1995Q4,14.637669632787,"Switzerland - Central bank, assets, total, BIS-spliced, GDP",A: Normal value
CH,1996Q1,13.442920583368,"Switzerland - Central bank, assets, total, BIS-spliced, GDP",A: Normal value
CH,1996Q2,13.797681020569,"Switzerland - Central bank, assets, total, BIS-spliced, GDP",A: Normal value
CH,1996Q3,13.674585035881,"Switzerland - Central bank, assets, total, BIS-spliced, GDP",A: Normal value
CH,1996Q4,16.983889611193,"Switzerland - Central bank, assets, total, BIS-spliced, GDP",A: Normal value
CH,1997Q1,16.696669044833,"Switzerland - Central bank, assets, total, BIS-spliced, GDP",A: Normal value
CH,1997Q2,16.630288845281,"Switzerland - Central bank, assets, total, BIS-spliced, GDP",A: Normal value
CH,1997Q3,16.41253885067,"Switzerland - Central bank, assets, total, BIS-spliced, GDP",A: Normal value
CH,1997Q4,17.498773544714,"Switzerland - Central bank, assets, total, BIS-spliced, GDP",A: Normal value
CH,1998Q1,16.768367242922,"Switzerland - Central bank, assets, total, BIS-spliced, GDP",A: Normal value
CH,1998Q2,18.120137332673,"Switzerland - Central bank, assets, total, BIS-spliced, GDP",A: Normal value
CH,1998Q3,18.27203078514,"Switzerland - Central bank, assets, total, BIS-spliced, GDP",A: Normal value
CH,1998Q4,20.877767952755,"Switzerland - Central bank, assets, total, BIS-spliced, GDP",A: Normal value
CH,1999Q1,19.813955535041,"Switzerland - Central bank, assets, total, BIS-spliced, GDP",A: Normal value
CH,1999Q2,21.20528982177,"Switzerland - Central bank, assets, total, BIS-spliced, GDP",A: Normal value
CH,1999Q3,20.487406911836,"Switzerland - Central bank, assets, total, BIS-spliced, GDP",A: Normal value
CH,1999Q4,23.132766349548,"Switzerland - Central bank, assets, total, BIS-spliced, GDP",A: Normal value
CH,2000Q1,19.3824078981,"Switzerland - Central bank, assets, total, BIS-spliced, GDP",A: Normal value
CH,2000Q2,25.463824713405,"Switzerland - Central bank, assets, total, BIS-spliced, GDP",A: Normal value
CH,2000Q3,25.60965936782,"Switzerland - Central bank, assets, total, BIS-spliced, GDP",A: Normal value
CH,2000Q4,24.973437844346,"Switzerland - Central bank, assets, total, BIS-spliced, GDP",A: Normal value
CH,2001Q1,23.295252871638,"Switzerland - Central bank, assets, total, BIS-spliced, GDP",A: Normal value
CH,2001Q2,25.021450148579,"Switzerland - Central bank, assets, total, BIS-spliced, GDP",A: Normal value
CH,2001Q3,23.410629737546,"Switzerland - Central bank, assets, total, BIS-spliced, GDP",A: Normal value
CH,2001Q4,24.522874827207,"Switzerland - Central bank, assets, total, BIS-spliced, GDP",A: Normal value
CH,2002Q1,24.254399900458,"Switzerland - Central bank, assets, total, BIS-spliced, GDP",A: Normal value
CH,2002Q2,25.002913050235,"Switzerland - Central bank, assets, total, BIS-spliced, GDP",A: Normal value
CH,2002Q3,24.956805289043,"Switzerland - Central bank, assets, total, BIS-spliced, GDP",A: Normal value
CH,2002Q4,24.915816470635,"Switzerland - Central bank, assets, total, BIS-spliced, GDP",A: Normal value
CH,2003Q1,23.683526002149,"Switzerland - Central bank, assets, total, BIS-spliced, GDP",A: Normal value
CH,2003Q2,25.686864083942,"Switzerland - Central bank, assets, total, BIS-spliced, GDP",A: Normal value
CH,2003Q3,25.02307322082,"Switzerland - Central bank, assets, total, BIS-spliced, GDP",A: Normal value
CH,2003Q4,24.874188506203,"Switzerland - Central bank, assets, total, BIS-spliced, GDP",A: Normal value
CH,2004Q1,24.698109932364,"Switzerland - Central bank, assets, total, BIS-spliced, GDP",A: Normal value
CH,2004Q2,23.611046710788,"Switzerland - Central bank, assets, total, BIS-spliced, GDP",A: Normal value
CH,2004Q3,24.148627033388,"Switzerland - Central bank, assets, total, BIS-spliced, GDP",A: Normal value
CH,2004Q4,23.199573344635,"Switzerland - Central bank, assets, total, BIS-spliced, GDP",A: Normal value
CH,2005Q1,22.791475681472,"Switzerland - Central bank, assets, total, BIS-spliced, GDP",A: Normal value
CH,2005Q2,20.706259769298,"Switzerland - Central bank, assets, total, BIS-spliced, GDP",A: Normal value
CH,2005Q3,19.504297434882,"Switzerland - Central bank, assets, total, BIS-spliced, GDP",A: Normal value
CH,2005Q4,20.622817808916,"Switzerland - Central bank, assets, total, BIS-spliced, GDP",A: Normal value
CH,2006Q1,20.284881346101,"Switzerland - Central bank, assets, total, BIS-spliced, GDP",A: Normal value
CH,2006Q2,19.025657944899,"Switzerland - Central bank, assets, total, BIS-spliced, GDP",A: Normal value
CH,2006Q3,18.940039560791,"Switzerland - Central bank, assets, total, BIS-spliced, GDP",A: Normal value
CH,2006Q4,19.883313604164,"Switzerland - Central bank, assets, total, BIS-spliced, GDP",A: Normal value
CH,2007Q1,19.151336960511,"Switzerland - Central bank, assets, total, BIS-spliced, GDP",A: Normal value
CH,2007Q2,18.847147780645,"Switzerland - Central bank, assets, total, BIS-spliced, GDP",A: Normal value
CH,2007Q3,18.867905537889,"Switzerland - Central bank, assets, total, BIS-spliced, GDP",A: Normal value
CH,2007Q4,21.175785081459,"Switzerland - Central bank, assets, total, BIS-spliced, GDP",A: Normal value
CH,2008Q1,20.956409849606,"Switzerland - Central bank, assets, total, BIS-spliced, GDP",A: Normal value
CH,2008Q2,22.272278774293,"Switzerland - Central bank, assets, total, BIS-spliced, GDP",A: Normal value
CH,2008Q3,26.353406336036,"Switzerland - Central bank, assets, total, BIS-spliced, GDP",A: Normal value
CH,2008Q4,34.442617628323,"Switzerland - Central bank, assets, total, BIS-spliced, GDP",A: Normal value
CH,2009Q1,38.509383942678,"Switzerland - Central bank, assets, total, BIS-spliced, GDP",A: Normal value
CH,2009Q2,39.358804297222,"Switzerland - Central bank, assets, total, BIS-spliced, GDP",A: Normal value
CH,2009Q3,33.615437443516,"Switzerland - Central bank, assets, total, BIS-spliced, GDP",A: Normal value
CH,2009Q4,33.810862231684,"Switzerland - Central bank, assets, total, BIS-spliced, GDP",A: Normal value
CH,2010Q1,33.785509984159,"Switzerland - Central bank, assets, total, BIS-spliced, GDP",A: Normal value
CH,2010Q2,48.337748584853,"Switzerland - Central bank, assets, total, BIS-spliced, GDP",A: Normal value
CH,2010Q3,45.210831575272,"Switzerland - Central bank, assets, total, BIS-spliced, GDP",A: Normal value
CH,2010Q4,42.470467616518,"Switzerland - Central bank, assets, total, BIS-spliced, GDP",A: Normal value
CH,2011Q1,43.205047742569,"Switzerland - Central bank, assets, total, BIS-spliced, GDP",A: Normal value
CH,2011Q2,40.135339303306,"Switzerland - Central bank, assets, total, BIS-spliced, GDP",A: Normal value
CH,2011Q3,59.150540831893,"Switzerland - Central bank, assets, total, BIS-spliced, GDP",A: Normal value
CH,2011Q4,53.599501027914,"Switzerland - Central bank, assets, total, BIS-spliced, GDP",A: Normal value
CH,2012Q1,52.518644547509,"Switzerland - Central bank, assets, total, BIS-spliced, GDP",A: Normal value
CH,2012Q2,67.081997178384,"Switzerland - Central bank, assets, total, BIS-spliced, GDP",A: Normal value
CH,2012Q3,77.285052333752,"Switzerland - Central bank, assets, total, BIS-spliced, GDP",A: Normal value
CH,2012Q4,76.28182544525,"Switzerland - Central bank, assets, total, BIS-spliced, GDP",A: Normal value
CH,2013Q1,77.861000089467,"Switzerland - Central bank, assets, total, BIS-spliced, GDP",A: Normal value
CH,2013Q2,74.002978204989,"Switzerland - Central bank, assets, total, BIS-spliced, GDP",A: Normal value
CH,2013Q3,74.592327270258,"Switzerland - Central bank, assets, total, BIS-spliced, GDP",A: Normal value
CH,2013Q4,73.562819893924,"Switzerland - Central bank, assets, total, BIS-spliced, GDP",A: Normal value
CH,2014Q1,73.882556352969,"Switzerland - Central bank, assets, total, BIS-spliced, GDP",A: Normal value
CH,2014Q2,75.402901091626,"Switzerland - Central bank, assets, total, BIS-spliced, GDP",A: Normal value
CH,2014Q3,77.171591802204,"Switzerland - Central bank, assets, total, BIS-spliced, GDP",A: Normal value
CH,2014Q4,82.646678874831,"Switzerland - Central bank, assets, total, BIS-spliced, GDP",A: Normal value
CH,2015Q1,85.493258945841,"Switzerland - Central bank, assets, total, BIS-spliced, GDP",A: Normal value
CH,2015Q2,84.940420307353,"Switzerland - Central bank, assets, total, BIS-spliced, GDP",A: Normal value
CH,2015Q3,90.413150266129,"Switzerland - Central bank, assets, total, BIS-spliced, GDP",A: Normal value
CH,2015Q4,94.236008612454,"Switzerland - Central bank, assets, total, BIS-spliced, GDP",A: Normal value
CH,2016Q1,94.925330440688,"Switzerland - Central bank, assets, total, BIS-spliced, GDP",A: Normal value
CH,2016Q2,100.83608627209,"Switzerland - Central bank, assets, total, BIS-spliced, GDP",A: Normal value
CH,2016Q3,104.87512560592,"Switzerland - Central bank, assets, total, BIS-spliced, GDP",A: Normal value
CH,2016Q4,108.44819636655,"Switzerland - Central bank, assets, total, BIS-spliced, GDP",A: Normal value
CH,2017Q1,110.79231561783,"Switzerland - Central bank, assets, total, BIS-spliced, GDP",A: Normal value
CH,2017Q2,112.39768155402,"Switzerland - Central bank, assets, total, BIS-spliced, GDP",A: Normal value
CH,2017Q3,117.67871885415,"Switzerland - Central bank, assets, total, BIS-spliced, GDP",A: Normal value
CH,2017Q4,121.15198456168,"Switzerland - Central bank, assets, total, BIS-spliced, GDP",A: Normal value
CH,2018Q1,116.78274689954,"Switzerland - Central bank, assets, total, BIS-spliced, GDP",A: Normal value
CH,2018Q2,117.34383318612,"Switzerland - Central bank, assets, total, BIS-spliced, GDP",A: Normal value
CH,2018Q3,112.91669725947,"Switzerland - Central bank, assets, total, BIS-spliced, GDP",A: Normal value
CH,2018Q4,112.72528472933,"Switzerland - Central bank, assets, total, BIS-spliced, GDP",A: Normal value
CH,2019Q1,112.91473555054,"Switzerland - Central bank, assets, total, BIS-spliced, GDP",A: Normal value
CH,2019Q2,114.50182562138,"Switzerland - Central bank, assets, total, BIS-spliced, GDP",A: Normal value
CH,2019Q3,117.49863997556,"Switzerland - Central bank, assets, total, BIS-spliced, GDP",A: Normal value
CH,2019Q4,117.58247196424,"Switzerland - Central bank, assets, total, BIS-spliced, GDP",A: Normal value
CH,2020Q1,116.71391973641,"Switzerland - Central bank, assets, total, BIS-spliced, GDP",A: Normal value
CH,2020Q2,133.65122625005,"Switzerland - Central bank, assets, total, BIS-spliced, GDP",A: Normal value
CH,2020Q3,137.09061116644,"Switzerland - Central bank, assets, total, BIS-spliced, GDP",A: Normal value
CH,2020Q4,140.8141970849,"Switzerland - Central bank, assets, total, BIS-spliced, GDP",A: Normal value
CH,2021Q1,144.58599510233,"Switzerland - Central bank, assets, total, BIS-spliced, GDP",A: Normal value
CH,2021Q2,141.77208470868,"Switzerland - Central bank, assets, total, BIS-spliced, GDP",A: Normal value
CH,2021Q3,139.81909659193,"Switzerland - Central bank, assets, total, BIS-spliced, GDP",A: Normal value
CH,2021Q4,137.6535849875,"Switzerland - Central bank, assets, total, BIS-spliced, GDP",A: Normal value
CH,2022Q1,132.16002714839,"Switzerland - Central bank, assets, total, BIS-spliced, GDP",A: Normal value
CH,2022Q2,123.90701129864,"Switzerland - Central bank, assets, total, BIS-spliced, GDP",A: Normal value
CH,2022Q3,109.80080958323,"Switzerland - Central bank, assets, total, BIS-spliced, GDP",A: Normal value
CH,2022Q4,107.5406092298,"Switzerland - Central bank, assets, total, BIS-spliced, GDP",A: Normal value
CH,2023Q1,115.4124999763,"Switzerland - Central bank, assets, total, BIS-spliced, GDP",A: Normal value
CH,2023Q2,106.61051171978,"Switzerland - Central bank, assets, total, BIS-spliced, GDP",A: Normal value
CH,2023Q3,98.690865293592,"Switzerland - Central bank, assets, total, BIS-spliced, GDP",A: Normal value
CH,2023Q4,95.233384612813,"Switzerland - Central bank, assets, total, BIS-spliced, GDP",A: Normal value
CH,2024Q1,101.47576233056,"Switzerland - Central bank, assets, total, BIS-spliced, GDP",A: Normal value
CH,2024Q2,97.742498349308,"Switzerland - Central bank, assets, total, BIS-spliced, GDP",A: Normal value
CH,2024Q3,98.32615960413,"Switzerland - Central bank, assets, total, BIS-spliced, GDP",A: Normal value
CH,2024Q4,99.986388124602,"Switzerland - Central bank, assets, total, BIS-spliced, GDP",A: Normal value
CH,2025Q1,100.61017399137,"Switzerland - Central bank, assets, total, BIS-spliced, GDP",A: Normal value
CH,2025Q2,98.405056844729,"Switzerland - Central bank, assets, total, BIS-spliced, GDP",A: Normal value
CH,2025Q3,102.22826824137,"Switzerland - Central bank, assets, total, BIS-spliced, GDP",A: Normal value
CH,2025Q4,103.03158312035,"Switzerland - Central bank, assets, total, BIS-spliced, GDP",A: Normal value
CN,1999Q4,38.726358136682,"China - Central bank, assets, total, BIS-spliced, GDP",A: Normal value
CN,2000Q1,37.162123994263,"China - Central bank, assets, total, BIS-spliced, GDP",A: Normal value
CN,2000Q2,37.110317107945,"China - Central bank, assets, total, BIS-spliced, GDP",A: Normal value
CN,2000Q3,37.1168666332,"China - Central bank, assets, total, BIS-spliced, GDP",A: Normal value
CN,2000Q4,38.927487414565,"China - Central bank, assets, total, BIS-spliced, GDP",A: Normal value
CN,2001Q1,35.8348787122,"China - Central bank, assets, total, BIS-spliced, GDP",A: Normal value
CN,2001Q2,37.114363816565,"China - Central bank, assets, total, BIS-spliced, GDP",A: Normal value
CN,2001Q3,36.764330266204,"China - Central bank, assets, total, BIS-spliced, GDP",A: Normal value
CN,2001Q4,38.11674327265,"China - Central bank, assets, total, BIS-spliced, GDP",A: Normal value
CN,2002Q1,41.105217522638,"China - Central bank, assets, total, BIS-spliced, GDP",A: Normal value
CN,2002Q2,39.832038770696,"China - Central bank, assets, total, BIS-spliced, GDP",A: Normal value
CN,2002Q3,40.229055367078,"China - Central bank, assets, total, BIS-spliced, GDP",A: Normal value
CN,2002Q4,41.487753925235,"China - Central bank, assets, total, BIS-spliced, GDP",A: Normal value
CN,2003Q1,41.58256822019,"China - Central bank, assets, total, BIS-spliced, GDP",A: Normal value
CN,2003Q2,41.612529135698,"China - Central bank, assets, total, BIS-spliced, GDP",A: Normal value
CN,2003Q3,43.074317569154,"China - Central bank, assets, total, BIS-spliced, GDP",A: Normal value
CN,2003Q4,44.554295047779,"China - Central bank, assets, total, BIS-spliced, GDP",A: Normal value
CN,2004Q1,44.747013694062,"China - Central bank, assets, total, BIS-spliced, GDP",A: Normal value
CN,2004Q2,45.711569657648,"China - Central bank, assets, total, BIS-spliced, GDP",A: Normal value
CN,2004Q3,45.549789258362,"China - Central bank, assets, total, BIS-spliced, GDP",A: Normal value
CN,2004Q4,47.992501400658,"China - Central bank, assets, total, BIS-spliced, GDP",A: Normal value
CN,2005Q1,48.765186336468,"China - Central bank, assets, total, BIS-spliced, GDP",A: Normal value
CN,2005Q2,52.461322225851,"China - Central bank, assets, total, BIS-spliced, GDP",A: Normal value
CN,2005Q3,54.108536201825,"China - Central bank, assets, total, BIS-spliced, GDP",A: Normal value
CN,2005Q4,54.705530792687,"China - Central bank, assets, total, BIS-spliced, GDP",A: Normal value
CN,2006Q1,55.753752382937,"China - Central bank, assets, total, BIS-spliced, GDP",A: Normal value
CN,2006Q2,56.585806433899,"China - Central bank, assets, total, BIS-spliced, GDP",A: Normal value
CN,2006Q3,56.235551551435,"China - Central bank, assets, total, BIS-spliced, GDP",A: Normal value
CN,2006Q4,57.918989627672,"China - Central bank, assets, total, BIS-spliced, GDP",A: Normal value
CN,2007Q1,59.63266234044,"China - Central bank, assets, total, BIS-spliced, GDP",A: Normal value
CN,2007Q2,60.303449636975,"China - Central bank, assets, total, BIS-spliced, GDP",A: Normal value
CN,2007Q3,61.505495444416,"China - Central bank, assets, total, BIS-spliced, GDP",A: Normal value
CN,2007Q4,61.896931905909,"China - Central bank, assets, total, BIS-spliced, GDP",A: Normal value
CN,2008Q1,63.396240846667,"China - Central bank, assets, total, BIS-spliced, GDP",A: Normal value
CN,2008Q2,64.397415459418,"China - Central bank, assets, total, BIS-spliced, GDP",A: Normal value
CN,2008Q3,64.557579910081,"China - Central bank, assets, total, BIS-spliced, GDP",A: Normal value
CN,2008Q4,63.969872973327,"China - Central bank, assets, total, BIS-spliced, GDP",A: Normal value
CN,2009Q1,64.001285144335,"China - Central bank, assets, total, BIS-spliced, GDP",A: Normal value
CN,2009Q2,64.499159850548,"China - Central bank, assets, total, BIS-spliced, GDP",A: Normal value
CN,2009Q3,65.075120828553,"China - Central bank, assets, total, BIS-spliced, GDP",A: Normal value
CN,2009Q4,64.388542768765,"China - Central bank, assets, total, BIS-spliced, GDP",A: Normal value
CN,2010Q1,64.036955638768,"China - Central bank, assets, total, BIS-spliced, GDP",A: Normal value
CN,2010Q2,63.164286532587,"China - Central bank, assets, total, BIS-spliced, GDP",A: Normal value
CN,2010Q3,62.056699866976,"China - Central bank, assets, total, BIS-spliced, GDP",A: Normal value
CN,2010Q4,62.035736820239,"China - Central bank, assets, total, BIS-spliced, GDP",A: Normal value
CN,2011Q1,61.539837515883,"China - Central bank, assets, total, BIS-spliced, GDP",A: Normal value
CN,2011Q2,60.863981964175,"China - Central bank, assets, total, BIS-spliced, GDP",A: Normal value
CN,2011Q3,59.70077557515,"China - Central bank, assets, total, BIS-spliced, GDP",A: Normal value
CN,2011Q4,56.821791856012,"China - Central bank, assets, total, BIS-spliced, GDP",A: Normal value
CN,2012Q1,55.794178188563,"China - Central bank, assets, total, BIS-spliced, GDP",A: Normal value
CN,2012Q2,54.793097331519,"China - Central bank, assets, total, BIS-spliced, GDP",A: Normal value
CN,2012Q3,54.277598139423,"China - Central bank, assets, total, BIS-spliced, GDP",A: Normal value
CN,2012Q4,53.903242068127,"China - Central bank, assets, total, BIS-spliced, GDP",A: Normal value
CN,2013Q1,53.351577283655,"China - Central bank, assets, total, BIS-spliced, GDP",A: Normal value
CN,2013Q2,53.503199194285,"China - Central bank, assets, total, BIS-spliced, GDP",A: Normal value
CN,2013Q3,52.960788014131,"China - Central bank, assets, total, BIS-spliced, GDP",A: Normal value
CN,2013Q4,52.667237084926,"China - Central bank, assets, total, BIS-spliced, GDP",A: Normal value
CN,2014Q1,53.069228784627,"China - Central bank, assets, total, BIS-spliced, GDP",A: Normal value
CN,2014Q2,52.410979905131,"China - Central bank, assets, total, BIS-spliced, GDP",A: Normal value
CN,2014Q3,52.336765108345,"China - Central bank, assets, total, BIS-spliced, GDP",A: Normal value
CN,2014Q4,51.659590336445,"China - Central bank, assets, total, BIS-spliced, GDP",A: Normal value
CN,2015Q1,51.344435403094,"China - Central bank, assets, total, BIS-spliced, GDP",A: Normal value
CN,2015Q2,49.638586223191,"China - Central bank, assets, total, BIS-spliced, GDP",A: Normal value
CN,2015Q3,47.216758845621,"China - Central bank, assets, total, BIS-spliced, GDP",A: Normal value
CN,2015Q4,45.294167396444,"China - Central bank, assets, total, BIS-spliced, GDP",A: Normal value
CN,2016Q1,45.672244813307,"China - Central bank, assets, total, BIS-spliced, GDP",A: Normal value
CN,2016Q2,46.480422207627,"China - Central bank, assets, total, BIS-spliced, GDP",A: Normal value
CN,2016Q3,45.126300253106,"China - Central bank, assets, total, BIS-spliced, GDP",A: Normal value
CN,2016Q4,45.229952113125,"China - Central bank, assets, total, BIS-spliced, GDP",A: Normal value
CN,2017Q1,43.187943366312,"China - Central bank, assets, total, BIS-spliced, GDP",A: Normal value
CN,2017Q2,43.01132334181,"China - Central bank, assets, total, BIS-spliced, GDP",A: Normal value
CN,2017Q3,42.467781976792,"China - Central bank, assets, total, BIS-spliced, GDP",A: Normal value
CN,2017Q4,42.910086647863,"China - Central bank, assets, total, BIS-spliced, GDP",A: Normal value
CN,2018Q1,41.416762395498,"China - Central bank, assets, total, BIS-spliced, GDP",A: Normal value
CN,2018Q2,40.694321495426,"China - Central bank, assets, total, BIS-spliced, GDP",A: Normal value
CN,2018Q3,40.099258886905,"China - Central bank, assets, total, BIS-spliced, GDP",A: Normal value
CN,2018Q4,39.869389484705,"China - Central bank, assets, total, BIS-spliced, GDP",A: Normal value
CN,2019Q1,36.613735037856,"China - Central bank, assets, total, BIS-spliced, GDP",A: Normal value
CN,2019Q2,37.460847685753,"China - Central bank, assets, total, BIS-spliced, GDP",A: Normal value
CN,2019Q3,36.638532527247,"China - Central bank, assets, total, BIS-spliced, GDP",A: Normal value
CN,2019Q4,36.954750151838,"China - Central bank, assets, total, BIS-spliced, GDP",A: Normal value
CN,2020Q1,36.851058318634,"China - Central bank, assets, total, BIS-spliced, GDP",A: Normal value
CN,2020Q2,36.419480951247,"China - Central bank, assets, total, BIS-spliced, GDP",A: Normal value
CN,2020Q3,36.995783511174,"China - Central bank, assets, total, BIS-spliced, GDP",A: Normal value
CN,2020Q4,37.611087479134,"China - Central bank, assets, total, BIS-spliced, GDP",A: Normal value
CN,2021Q1,35.426305549349,"China - Central bank, assets, total, BIS-spliced, GDP",A: Normal value
CN,2021Q2,34.943959472408,"China - Central bank, assets, total, BIS-spliced, GDP",A: Normal value
CN,2021Q3,34.27716703544,"China - Central bank, assets, total, BIS-spliced, GDP",A: Normal value
CN,2021Q4,33.751948201963,"China - Central bank, assets, total, BIS-spliced, GDP",A: Normal value
CN,2022Q1,33.352883863465,"China - Central bank, assets, total, BIS-spliced, GDP",A: Normal value
CN,2022Q2,32.516384114431,"China - Central bank, assets, total, BIS-spliced, GDP",A: Normal value
CN,2022Q3,32.462058416229,"China - Central bank, assets, total, BIS-spliced, GDP",A: Normal value
CN,2022Q4,33.771129055015,"China - Central bank, assets, total, BIS-spliced, GDP",A: Normal value
CN,2023Q1,33.700805022226,"China - Central bank, assets, total, BIS-spliced, GDP",A: Normal value
CN,2023Q2,33.005398377835,"China - Central bank, assets, total, BIS-spliced, GDP",A: Normal value
CN,2023Q3,33.388298063463,"China - Central bank, assets, total, BIS-spliced, GDP",A: Normal value
CN,2023Q4,35.302455501082,"China - Central bank, assets, total, BIS-spliced, GDP",A: Normal value
CN,2024Q1,33.596520843369,"China - Central bank, assets, total, BIS-spliced, GDP",A: Normal value
CN,2024Q2,33.098945739407,"China - Central bank, assets, total, BIS-spliced, GDP",A: Normal value
CN,2024Q3,34.157528808518,"China - Central bank, assets, total, BIS-spliced, GDP",A: Normal value
CN,2024Q4,32.687986589678,"China - Central bank, assets, total, BIS-spliced, GDP",A: Normal value
CN,2025Q1,33.433218186064,"China - Central bank, assets, total, BIS-spliced, GDP",A: Normal value
CN,2025Q2,33.301120522756,"China - Central bank, assets, total, BIS-spliced, GDP",A: Normal value
CN,2025Q3,33.963620406797,"China - Central bank, assets, total, BIS-spliced, GDP",A: Normal value
CN,2025Q4,34.368928170415,"China - Central bank, assets, total, BIS-spliced, GDP",A: Normal value
CN,2026Q1,34.660951996527,"China - Central bank, assets, total, BIS-spliced, GDP",A: Normal value
DE,1960Q4,11.521090517048,"Germany - Central bank, assets, total, BIS-spliced, GDP",A: Normal value
DE,1961Q1,11.309089421055,"Germany - Central bank, assets, total, BIS-spliced, GDP",A: Normal value
DE,1961Q2,11.489775403804,"Germany - Central bank, assets, total, BIS-spliced, GDP",A: Normal value
DE,1961Q3,11.049226994676,"Germany - Central bank, assets, total, BIS-spliced, GDP",A: Normal value
DE,1961Q4,11.0902700199,"Germany - Central bank, assets, total, BIS-spliced, GDP",A: Normal value
DE,1962Q1,10.609696258844,"Germany - Central bank, assets, total, BIS-spliced, GDP",A: Normal value
DE,1962Q2,10.494239556589,"Germany - Central bank, assets, total, BIS-spliced, GDP",A: Normal value
DE,1962Q3,10.625682198025,"Germany - Central bank, assets, total, BIS-spliced, GDP",A: Normal value
DE,1962Q4,10.648423529075,"Germany - Central bank, assets, total, BIS-spliced, GDP",A: Normal value
DE,1963Q1,10.506758153097,"Germany - Central bank, assets, total, BIS-spliced, GDP",A: Normal value
DE,1963Q2,10.854594487058,"Germany - Central bank, assets, total, BIS-spliced, GDP",A: Normal value
DE,1963Q3,10.511496326306,"Germany - Central bank, assets, total, BIS-spliced, GDP",A: Normal value
DE,1963Q4,10.56876743338,"Germany - Central bank, assets, total, BIS-spliced, GDP",A: Normal value
DE,1964Q1,10.188814476942,"Germany - Central bank, assets, total, BIS-spliced, GDP",A: Normal value
DE,1964Q2,10.016055530563,"Germany - Central bank, assets, total, BIS-spliced, GDP",A: Normal value
DE,1964Q3,10.450889098376,"Germany - Central bank, assets, total, BIS-spliced, GDP",A: Normal value
DE,1964Q4,10.314332655777,"Germany - Central bank, assets, total, BIS-spliced, GDP",A: Normal value
DE,1965Q1,9.9248742589653,"Germany - Central bank, assets, total, BIS-spliced, GDP",A: Normal value
DE,1965Q2,9.9429971085876,"Germany - Central bank, assets, total, BIS-spliced, GDP",A: Normal value
DE,1965Q3,9.954665862766,"Germany - Central bank, assets, total, BIS-spliced, GDP",A: Normal value
DE,1965Q4,9.8946525820663,"Germany - Central bank, assets, total, BIS-spliced, GDP",A: Normal value
DE,1966Q1,9.8133457047339,"Germany - Central bank, assets, total, BIS-spliced, GDP",A: Normal value
DE,1966Q2,9.6665026670105,"Germany - Central bank, assets, total, BIS-spliced, GDP",A: Normal value
DE,1966Q3,9.4635718671047,"Germany - Central bank, assets, total, BIS-spliced, GDP",A: Normal value
DE,1966Q4,9.8466687945319,"Germany - Central bank, assets, total, BIS-spliced, GDP",A: Normal value
DE,1967Q1,9.1394870193026,"Germany - Central bank, assets, total, BIS-spliced, GDP",A: Normal value
DE,1967Q2,9.3544477809757,"Germany - Central bank, assets, total, BIS-spliced, GDP",A: Normal value
DE,1967Q3,9.0460838267004,"Germany - Central bank, assets, total, BIS-spliced, GDP",A: Normal value
DE,1967Q4,9.5331159752452,"Germany - Central bank, assets, total, BIS-spliced, GDP",A: Normal value
DE,1968Q1,9.3094832543872,"Germany - Central bank, assets, total, BIS-spliced, GDP",A: Normal value
DE,1968Q2,9.414616358748,"Germany - Central bank, assets, total, BIS-spliced, GDP",A: Normal value
DE,1968Q3,9.4705761969343,"Germany - Central bank, assets, total, BIS-spliced, GDP",A: Normal value
DE,1968Q4,9.7463504844245,"Germany - Central bank, assets, total, BIS-spliced, GDP",A: Normal value
DE,1969Q1,9.0562991879737,"Germany - Central bank, assets, total, BIS-spliced, GDP",A: Normal value
DE,1969Q2,9.5580600481386,"Germany - Central bank, assets, total, BIS-spliced, GDP",A: Normal value
DE,1969Q3,10.196654081124,"Germany - Central bank, assets, total, BIS-spliced, GDP",A: Normal value
DE,1969Q4,8.6286816250262,"Germany - Central bank, assets, total, BIS-spliced, GDP",A: Normal value
DE,1970Q1,8.7236575859541,"Germany - Central bank, assets, total, BIS-spliced, GDP",A: Normal value
DE,1970Q2,9.0586919309342,"Germany - Central bank, assets, total, BIS-spliced, GDP",A: Normal value
DE,1970Q3,9.9726961561285,"Germany - Central bank, assets, total, BIS-spliced, GDP",A: Normal value
DE,1970Q4,10.673615071361,"Germany - Central bank, assets, total, BIS-spliced, GDP",A: Normal value
DE,1971Q1,11.071273939012,"Germany - Central bank, assets, total, BIS-spliced, GDP",A: Normal value
DE,1971Q2,11.623516113583,"Germany - Central bank, assets, total, BIS-spliced, GDP",A: Normal value
DE,1971Q3,11.596256331069,"Germany - Central bank, assets, total, BIS-spliced, GDP",A: Normal value
DE,1971Q4,11.452631660243,"Germany - Central bank, assets, total, BIS-spliced, GDP",A: Normal value
DE,1972Q1,11.551996733048,"Germany - Central bank, assets, total, BIS-spliced, GDP",A: Normal value
DE,1972Q2,11.6795408016,"Germany - Central bank, assets, total, BIS-spliced, GDP",A: Normal value
DE,1972Q3,12.417461128059,"Germany - Central bank, assets, total, BIS-spliced, GDP",A: Normal value
DE,1972Q4,11.940241624549,"Germany - Central bank, assets, total, BIS-spliced, GDP",A: Normal value
DE,1973Q1,13.544325754775,"Germany - Central bank, assets, total, BIS-spliced, GDP",A: Normal value
DE,1973Q2,12.40148512006,"Germany - Central bank, assets, total, BIS-spliced, GDP",A: Normal value
DE,1973Q3,12.778964537433,"Germany - Central bank, assets, total, BIS-spliced, GDP",A: Normal value
DE,1973Q4,12.193928404336,"Germany - Central bank, assets, total, BIS-spliced, GDP",A: Normal value
DE,1974Q1,12.110319529604,"Germany - Central bank, assets, total, BIS-spliced, GDP",A: Normal value
DE,1974Q2,11.807632036969,"Germany - Central bank, assets, total, BIS-spliced, GDP",A: Normal value
DE,1974Q3,11.580596409064,"Germany - Central bank, assets, total, BIS-spliced, GDP",A: Normal value
DE,1974Q4,11.336950586761,"Germany - Central bank, assets, total, BIS-spliced, GDP",A: Normal value
DE,1975Q1,11.026350670205,"Germany - Central bank, assets, total, BIS-spliced, GDP",A: Normal value
DE,1975Q2,10.162829948024,"Germany - Central bank, assets, total, BIS-spliced, GDP",A: Normal value
DE,1975Q3,10.331707668686,"Germany - Central bank, assets, total, BIS-spliced, GDP",A: Normal value
DE,1975Q4,10.766217294657,"Germany - Central bank, assets, total, BIS-spliced, GDP",A: Normal value
DE,1976Q1,10.952027664348,"Germany - Central bank, assets, total, BIS-spliced, GDP",A: Normal value
DE,1976Q2,10.125486941011,"Germany - Central bank, assets, total, BIS-spliced, GDP",A: Normal value
DE,1976Q3,10.631030123596,"Germany - Central bank, assets, total, BIS-spliced, GDP",A: Normal value
DE,1976Q4,10.101655709309,"Germany - Central bank, assets, total, BIS-spliced, GDP",A: Normal value
DE,1977Q1,10.075155563686,"Germany - Central bank, assets, total, BIS-spliced, GDP",A: Normal value
DE,1977Q2,10.172881608905,"Germany - Central bank, assets, total, BIS-spliced, GDP",A: Normal value
DE,1977Q3,9.3801045949884,"Germany - Central bank, assets, total, BIS-spliced, GDP",A: Normal value
DE,1977Q4,9.9079010097981,"Germany - Central bank, assets, total, BIS-spliced, GDP",A: Normal value
DE,1978Q1,10.256675491115,"Germany - Central bank, assets, total, BIS-spliced, GDP",A: Normal value
DE,1978Q2,9.8710476061494,"Germany - Central bank, assets, total, BIS-spliced, GDP",A: Normal value
DE,1978Q3,10.289710000818,"Germany - Central bank, assets, total, BIS-spliced, GDP",A: Normal value
DE,1978Q4,11.299529840213,"Germany - Central bank, assets, total, BIS-spliced, GDP",A: Normal value
DE,1979Q1,11.264052176367,"Germany - Central bank, assets, total, BIS-spliced, GDP",A: Normal value
DE,1979Q2,11.133353976486,"Germany - Central bank, assets, total, BIS-spliced, GDP",A: Normal value
DE,1979Q3,11.051270924283,"Germany - Central bank, assets, total, BIS-spliced, GDP",A: Normal value
DE,1979Q4,11.019039255867,"Germany - Central bank, assets, total, BIS-spliced, GDP",A: Normal value
DE,1980Q1,10.759074644015,"Germany - Central bank, assets, total, BIS-spliced, GDP",A: Normal value
DE,1980Q2,10.870915730976,"Germany - Central bank, assets, total, BIS-spliced, GDP",A: Normal value
DE,1980Q3,10.865439153578,"Germany - Central bank, assets, total, BIS-spliced, GDP",A: Normal value
DE,1980Q4,11.289038642019,"Germany - Central bank, assets, total, BIS-spliced, GDP",A: Normal value
DE,1981Q1,11.393083988491,"Germany - Central bank, assets, total, BIS-spliced, GDP",A: Normal value
DE,1981Q2,11.001148815913,"Germany - Central bank, assets, total, BIS-spliced, GDP",A: Normal value
DE,1981Q3,11.063000667436,"Germany - Central bank, assets, total, BIS-spliced, GDP",A: Normal value
DE,1981Q4,10.852045283432,"Germany - Central bank, assets, total, BIS-spliced, GDP",A: Normal value
DE,1982Q1,11.310396017576,"Germany - Central bank, assets, total, BIS-spliced, GDP",A: Normal value
DE,1982Q2,10.94120061231,"Germany - Central bank, assets, total, BIS-spliced, GDP",A: Normal value
DE,1982Q3,11.322583885123,"Germany - Central bank, assets, total, BIS-spliced, GDP",A: Normal value
DE,1982Q4,11.094461623354,"Germany - Central bank, assets, total, BIS-spliced, GDP",A: Normal value
DE,1983Q1,9.8302678965347,"Germany - Central bank, assets, total, BIS-spliced, GDP",A: Normal value
DE,1983Q2,9.7204095206751,"Germany - Central bank, assets, total, BIS-spliced, GDP",A: Normal value
DE,1983Q3,9.4037792735923,"Germany - Central bank, assets, total, BIS-spliced, GDP",A: Normal value
DE,1983Q4,10.041229251677,"Germany - Central bank, assets, total, BIS-spliced, GDP",A: Normal value
DE,1984Q1,9.7416867748475,"Germany - Central bank, assets, total, BIS-spliced, GDP",A: Normal value
DE,1984Q2,9.6668865170747,"Germany - Central bank, assets, total, BIS-spliced, GDP",A: Normal value
DE,1984Q3,10.041925503824,"Germany - Central bank, assets, total, BIS-spliced, GDP",A: Normal value
DE,1984Q4,10.107983466788,"Germany - Central bank, assets, total, BIS-spliced, GDP",A: Normal value
DE,1985Q1,10.697752168258,"Germany - Central bank, assets, total, BIS-spliced, GDP",A: Normal value
DE,1985Q2,10.242717304912,"Germany - Central bank, assets, total, BIS-spliced, GDP",A: Normal value
DE,1985Q3,9.9495816283118,"Germany - Central bank, assets, total, BIS-spliced, GDP",A: Normal value
DE,1985Q4,10.085804170599,"Germany - Central bank, assets, total, BIS-spliced, GDP",A: Normal value
DE,1986Q1,10.468298491597,"Germany - Central bank, assets, total, BIS-spliced, GDP",A: Normal value
DE,1986Q2,10.025158312603,"Germany - Central bank, assets, total, BIS-spliced, GDP",A: Normal value
DE,1986Q3,9.7578609817519,"Germany - Central bank, assets, total, BIS-spliced, GDP",A: Normal value
DE,1986Q4,9.7266805547606,"Germany - Central bank, assets, total, BIS-spliced, GDP",A: Normal value
DE,1987Q1,10.43784951285,"Germany - Central bank, assets, total, BIS-spliced, GDP",A: Normal value
DE,1987Q2,9.942431283672,"Germany - Central bank, assets, total, BIS-spliced, GDP",A: Normal value
DE,1987Q3,10.207350949537,"Germany - Central bank, assets, total, BIS-spliced, GDP",A: Normal value
DE,1987Q4,9.8276859732467,"Germany - Central bank, assets, total, BIS-spliced, GDP",A: Normal value
DE,1988Q1,9.6202561919019,"Germany - Central bank, assets, total, BIS-spliced, GDP",A: Normal value
DE,1988Q2,10.161966217853,"Germany - Central bank, assets, total, BIS-spliced, GDP",A: Normal value
DE,1988Q3,10.348995135474,"Germany - Central bank, assets, total, BIS-spliced, GDP",A: Normal value
DE,1988Q4,10.903153135305,"Germany - Central bank, assets, total, BIS-spliced, GDP",A: Normal value
DE,1989Q1,10.654729729353,"Germany - Central bank, assets, total, BIS-spliced, GDP",A: Normal value
DE,1989Q2,10.939218930792,"Germany - Central bank, assets, total, BIS-spliced, GDP",A: Normal value
DE,1989Q3,10.925068494457,"Germany - Central bank, assets, total, BIS-spliced, GDP",A: Normal value
DE,1989Q4,11.783337565703,"Germany - Central bank, assets, total, BIS-spliced, GDP",A: Normal value
DE,1990Q1,10.974529253155,"Germany - Central bank, assets, total, BIS-spliced, GDP",A: Normal value
DE,1990Q2,10.813085610167,"Germany - Central bank, assets, total, BIS-spliced, GDP",A: Normal value
DE,1990Q3,12.200270058631,"Germany - Central bank, assets, total, BIS-spliced, GDP",A: Normal value
DE,1990Q4,12.218676017585,"Germany - Central bank, assets, total, BIS-spliced, GDP",A: Normal value
DE,1991Q1,11.847441364283,"Germany - Central bank, assets, total, BIS-spliced, GDP",A: Normal value
DE,1991Q2,11.793826023173,"Germany - Central bank, assets, total, BIS-spliced, GDP",A: Normal value
DE,1991Q3,11.543301327386,"Germany - Central bank, assets, total, BIS-spliced, GDP",A: Normal value
DE,1991Q4,11.521861230933,"Germany - Central bank, assets, total, BIS-spliced, GDP",A: Normal value
DE,1992Q1,11.267761074849,"Germany - Central bank, assets, total, BIS-spliced, GDP",A: Normal value
DE,1992Q2,10.983420854797,"Germany - Central bank, assets, total, BIS-spliced, GDP",A: Normal value
DE,1992Q3,11.50635919684,"Germany - Central bank, assets, total, BIS-spliced, GDP",A: Normal value
DE,1992Q4,11.022224591965,"Germany - Central bank, assets, total, BIS-spliced, GDP",A: Normal value
DE,1993Q1,11.043855100796,"Germany - Central bank, assets, total, BIS-spliced, GDP",A: Normal value
DE,1993Q2,11.061633069575,"Germany - Central bank, assets, total, BIS-spliced, GDP",A: Normal value
DE,1993Q3,11.60890727811,"Germany - Central bank, assets, total, BIS-spliced, GDP",A: Normal value
DE,1993Q4,11.810103575605,"Germany - Central bank, assets, total, BIS-spliced, GDP",A: Normal value
DE,1994Q1,10.60873300305,"Germany - Central bank, assets, total, BIS-spliced, GDP",A: Normal value
DE,1994Q2,10.297095109969,"Germany - Central bank, assets, total, BIS-spliced, GDP",A: Normal value
DE,1994Q3,9.6793392303272,"Germany - Central bank, assets, total, BIS-spliced, GDP",A: Normal value
DE,1994Q4,9.9189953754723,"Germany - Central bank, assets, total, BIS-spliced, GDP",A: Normal value
DE,1995Q1,9.2200518508785,"Germany - Central bank, assets, total, BIS-spliced, GDP",A: Normal value
DE,1995Q2,8.9178296778955,"Germany - Central bank, assets, total, BIS-spliced, GDP",A: Normal value
DE,1995Q3,8.9581601300243,"Germany - Central bank, assets, total, BIS-spliced, GDP",A: Normal value
DE,1995Q4,9.2529917989714,"Germany - Central bank, assets, total, BIS-spliced, GDP",A: Normal value
DE,1996Q1,9.2015043383257,"Germany - Central bank, assets, total, BIS-spliced, GDP",A: Normal value
DE,1996Q2,8.9977215448315,"Germany - Central bank, assets, total, BIS-spliced, GDP",A: Normal value
DE,1996Q3,9.2217478761539,"Germany - Central bank, assets, total, BIS-spliced, GDP",A: Normal value
DE,1996Q4,9.5048600172636,"Germany - Central bank, assets, total, BIS-spliced, GDP",A: Normal value
DE,1997Q1,9.3816375066108,"Germany - Central bank, assets, total, BIS-spliced, GDP",A: Normal value
DE,1997Q2,9.5530008667705,"Germany - Central bank, assets, total, BIS-spliced, GDP",A: Normal value
DE,1997Q3,9.0878874344264,"Germany - Central bank, assets, total, BIS-spliced, GDP",A: Normal value
DE,1997Q4,9.5889678960586,"Germany - Central bank, assets, total, BIS-spliced, GDP",A: Normal value
DE,1998Q1,9.3192479275791,"Germany - Central bank, assets, total, BIS-spliced, GDP",A: Normal value
DE,1998Q2,9.1769028132224,"Germany - Central bank, assets, total, BIS-spliced, GDP",A: Normal value
DE,1998Q3,9.040165502746,"Germany - Central bank, assets, total, BIS-spliced, GDP",A: Normal value
DE,1998Q4,9.383233542107,"Germany - Central bank, assets, total, BIS-spliced, GDP",A: Normal value
DE,1999Q1,10.591135550569,"Germany - Central bank, assets, total, BIS-spliced, GDP",A: Normal value
DE,1999Q2,11.187314255854,"Germany - Central bank, assets, total, BIS-spliced, GDP",A: Normal value
DE,1999Q3,11.261231714528,"Germany - Central bank, assets, total, BIS-spliced, GDP",A: Normal value
DE,1999Q4,11.682190464382,"Germany - Central bank, assets, total, BIS-spliced, GDP",A: Normal value
DE,2000Q1,11.623370309934,"Germany - Central bank, assets, total, BIS-spliced, GDP",A: Normal value
DE,2000Q2,11.506821081885,"Germany - Central bank, assets, total, BIS-spliced, GDP",A: Normal value
DE,2000Q3,11.551880667105,"Germany - Central bank, assets, total, BIS-spliced, GDP",A: Normal value
DE,2000Q4,12.062394008312,"Germany - Central bank, assets, total, BIS-spliced, GDP",A: Normal value
DE,2001Q1,11.417639004824,"Germany - Central bank, assets, total, BIS-spliced, GDP",A: Normal value
DE,2001Q2,11.436968047594,"Germany - Central bank, assets, total, BIS-spliced, GDP",A: Normal value
DE,2001Q3,10.716517224868,"Germany - Central bank, assets, total, BIS-spliced, GDP",A: Normal value
DE,2001Q4,10.912492460638,"Germany - Central bank, assets, total, BIS-spliced, GDP",A: Normal value
DE,2002Q1,10.324392841674,"Germany - Central bank, assets, total, BIS-spliced, GDP",A: Normal value
DE,2002Q2,9.8675146165865,"Germany - Central bank, assets, total, BIS-spliced, GDP",A: Normal value
DE,2002Q3,9.7449378701744,"Germany - Central bank, assets, total, BIS-spliced, GDP",A: Normal value
DE,2002Q4,10.75564256672,"Germany - Central bank, assets, total, BIS-spliced, GDP",A: Normal value
DE,2003Q1,10.808042106112,"Germany - Central bank, assets, total, BIS-spliced, GDP",A: Normal value
DE,2003Q2,11.690108772145,"Germany - Central bank, assets, total, BIS-spliced, GDP",A: Normal value
DE,2003Q3,11.393203701422,"Germany - Central bank, assets, total, BIS-spliced, GDP",A: Normal value
DE,2003Q4,11.82416234897,"Germany - Central bank, assets, total, BIS-spliced, GDP",A: Normal value
DE,2004Q1,11.438655454733,"Germany - Central bank, assets, total, BIS-spliced, GDP",A: Normal value
DE,2004Q2,12.697665737235,"Germany - Central bank, assets, total, BIS-spliced, GDP",A: Normal value
DE,2004Q3,12.238042046648,"Germany - Central bank, assets, total, BIS-spliced, GDP",A: Normal value
DE,2004Q4,12.837095645989,"Germany - Central bank, assets, total, BIS-spliced, GDP",A: Normal value
DE,2005Q1,12.861563017184,"Germany - Central bank, assets, total, BIS-spliced, GDP",A: Normal value
DE,2005Q2,13.281449949074,"Germany - Central bank, assets, total, BIS-spliced, GDP",A: Normal value
DE,2005Q3,14.07927738854,"Germany - Central bank, assets, total, BIS-spliced, GDP",A: Normal value
DE,2005Q4,14.816918243245,"Germany - Central bank, assets, total, BIS-spliced, GDP",A: Normal value
DE,2006Q1,14.549035325808,"Germany - Central bank, assets, total, BIS-spliced, GDP",A: Normal value
DE,2006Q2,15.174883988268,"Germany - Central bank, assets, total, BIS-spliced, GDP",A: Normal value
DE,2006Q3,15.144535679105,"Germany - Central bank, assets, total, BIS-spliced, GDP",A: Normal value
DE,2006Q4,15.392497964538,"Germany - Central bank, assets, total, BIS-spliced, GDP",A: Normal value
DE,2007Q1,15.079798787692,"Germany - Central bank, assets, total, BIS-spliced, GDP",A: Normal value
DE,2007Q2,14.98302139016,"Germany - Central bank, assets, total, BIS-spliced, GDP",A: Normal value
DE,2007Q3,15.625433720387,"Germany - Central bank, assets, total, BIS-spliced, GDP",A: Normal value
DE,2007Q4,18.889719094547,"Germany - Central bank, assets, total, BIS-spliced, GDP",A: Normal value
DE,2008Q1,17.08180091937,"Germany - Central bank, assets, total, BIS-spliced, GDP",A: Normal value
DE,2008Q2,17.368322444236,"Germany - Central bank, assets, total, BIS-spliced, GDP",A: Normal value
DE,2008Q3,17.917848391889,"Germany - Central bank, assets, total, BIS-spliced, GDP",A: Normal value
DE,2008Q4,23.130201618423,"Germany - Central bank, assets, total, BIS-spliced, GDP",A: Normal value
DE,2009Q1,19.955485048723,"Germany - Central bank, assets, total, BIS-spliced, GDP",A: Normal value
DE,2009Q2,24.641752198003,"Germany - Central bank, assets, total, BIS-spliced, GDP",A: Normal value
DE,2009Q3,23.108623525692,"Germany - Central bank, assets, total, BIS-spliced, GDP",A: Normal value
DE,2009Q4,23.603813932547,"Germany - Central bank, assets, total, BIS-spliced, GDP",A: Normal value
DE,2010Q1,23.300149571638,"Germany - Central bank, assets, total, BIS-spliced, GDP",A: Normal value
DE,2010Q2,25.833480165123,"Germany - Central bank, assets, total, BIS-spliced, GDP",A: Normal value
DE,2010Q3,24.214723488283,"Germany - Central bank, assets, total, BIS-spliced, GDP",A: Normal value
DE,2010Q4,25.719313989163,"Germany - Central bank, assets, total, BIS-spliced, GDP",A: Normal value
DE,2011Q1,23.464967192096,"Germany - Central bank, assets, total, BIS-spliced, GDP",A: Normal value
DE,2011Q2,23.033505839679,"Germany - Central bank, assets, total, BIS-spliced, GDP",A: Normal value
DE,2011Q3,28.14349524891,"Germany - Central bank, assets, total, BIS-spliced, GDP",A: Normal value
DE,2011Q4,30.416368347606,"Germany - Central bank, assets, total, BIS-spliced, GDP",A: Normal value
DE,2012Q1,36.299748663131,"Germany - Central bank, assets, total, BIS-spliced, GDP",A: Normal value
DE,2012Q2,40.218054578883,"Germany - Central bank, assets, total, BIS-spliced, GDP",A: Normal value
DE,2012Q3,38.645197451206,"Germany - Central bank, assets, total, BIS-spliced, GDP",A: Normal value
DE,2012Q4,37.823934471302,"Germany - Central bank, assets, total, BIS-spliced, GDP",A: Normal value
DE,2013Q1,32.27053267223,"Germany - Central bank, assets, total, BIS-spliced, GDP",A: Normal value
DE,2013Q2,30.996037053462,"Germany - Central bank, assets, total, BIS-spliced, GDP",A: Normal value
DE,2013Q3,29.303499717971,"Germany - Central bank, assets, total, BIS-spliced, GDP",A: Normal value
DE,2013Q4,28.447519548236,"Germany - Central bank, assets, total, BIS-spliced, GDP",A: Normal value
DE,2014Q1,25.569663313238,"Germany - Central bank, assets, total, BIS-spliced, GDP",A: Normal value
DE,2014Q2,24.875949372269,"Germany - Central bank, assets, total, BIS-spliced, GDP",A: Normal value
DE,2014Q3,24.660604880529,"Germany - Central bank, assets, total, BIS-spliced, GDP",A: Normal value
DE,2014Q4,25.925660768082,"Germany - Central bank, assets, total, BIS-spliced, GDP",A: Normal value
DE,2015Q1,27.619457397695,"Germany - Central bank, assets, total, BIS-spliced, GDP",A: Normal value
DE,2015Q2,29.917724108892,"Germany - Central bank, assets, total, BIS-spliced, GDP",A: Normal value
DE,2015Q3,31.525296498594,"Germany - Central bank, assets, total, BIS-spliced, GDP",A: Normal value
DE,2015Q4,32.795641751055,"Germany - Central bank, assets, total, BIS-spliced, GDP",A: Normal value
DE,2016Q1,33.402524264987,"Germany - Central bank, assets, total, BIS-spliced, GDP",A: Normal value
DE,2016Q2,36.809774539749,"Germany - Central bank, assets, total, BIS-spliced, GDP",A: Normal value
DE,2016Q3,41.244113899113,"Germany - Central bank, assets, total, BIS-spliced, GDP",A: Normal value
DE,2016Q4,43.657634753768,"Germany - Central bank, assets, total, BIS-spliced, GDP",A: Normal value
DE,2017Q1,48.410285951848,"Germany - Central bank, assets, total, BIS-spliced, GDP",A: Normal value
DE,2017Q2,49.705436826209,"Germany - Central bank, assets, total, BIS-spliced, GDP",A: Normal value
DE,2017Q3,50.54127149595,"Germany - Central bank, assets, total, BIS-spliced, GDP",A: Normal value
DE,2017Q4,51.769844282949,"Germany - Central bank, assets, total, BIS-spliced, GDP",A: Normal value
DE,2018Q1,52.144273011341,"Germany - Central bank, assets, total, BIS-spliced, GDP",A: Normal value
DE,2018Q2,53.635336833877,"Germany - Central bank, assets, total, BIS-spliced, GDP",A: Normal value
DE,2018Q3,53.15559276156,"Germany - Central bank, assets, total, BIS-spliced, GDP",A: Normal value
DE,2018Q4,52.991677925419,"Germany - Central bank, assets, total, BIS-spliced, GDP",A: Normal value
DE,2019Q1,52.288047176361,"Germany - Central bank, assets, total, BIS-spliced, GDP",A: Normal value
DE,2019Q2,52.112112129326,"Germany - Central bank, assets, total, BIS-spliced, GDP",A: Normal value
DE,2019Q3,50.229010018833,"Germany - Central bank, assets, total, BIS-spliced, GDP",A: Normal value
DE,2019Q4,49.191488040728,"Germany - Central bank, assets, total, BIS-spliced, GDP",A: Normal value
DE,2020Q1,52.544958495189,"Germany - Central bank, assets, total, BIS-spliced, GDP",A: Normal value
DE,2020Q2,63.213218094357,"Germany - Central bank, assets, total, BIS-spliced, GDP",A: Normal value
DE,2020Q3,67.31093631443,"Germany - Central bank, assets, total, BIS-spliced, GDP",A: Normal value
DE,2020Q4,72.165039457511,"Germany - Central bank, assets, total, BIS-spliced, GDP",A: Normal value
DE,2021Q1,73.929033394686,"Germany - Central bank, assets, total, BIS-spliced, GDP",A: Normal value
DE,2021Q2,74.60172247758,"Germany - Central bank, assets, total, BIS-spliced, GDP",A: Normal value
DE,2021Q3,77.029507626643,"Germany - Central bank, assets, total, BIS-spliced, GDP",A: Normal value
DE,2021Q4,82.004712518666,"Germany - Central bank, assets, total, BIS-spliced, GDP",A: Normal value
DE,2022Q1,77.883805430457,"Germany - Central bank, assets, total, BIS-spliced, GDP",A: Normal value
DE,2022Q2,77.380711257992,"Germany - Central bank, assets, total, BIS-spliced, GDP",A: Normal value
DE,2022Q3,78.419554319887,"Germany - Central bank, assets, total, BIS-spliced, GDP",A: Normal value
DE,2022Q4,72.957344891084,"Germany - Central bank, assets, total, BIS-spliced, GDP",A: Normal value
DE,2023Q1,68.521912228616,"Germany - Central bank, assets, total, BIS-spliced, GDP",A: Normal value
DE,2023Q2,63.016110474606,"Germany - Central bank, assets, total, BIS-spliced, GDP",A: Normal value
DE,2023Q3,60.201318378756,"Germany - Central bank, assets, total, BIS-spliced, GDP",A: Normal value
DE,2023Q4,60.088286978168,"Germany - Central bank, assets, total, BIS-spliced, GDP",A: Normal value
DE,2024Q1,57.505988702052,"Germany - Central bank, assets, total, BIS-spliced, GDP",A: Normal value
DE,2024Q2,57.123644023785,"Germany - Central bank, assets, total, BIS-spliced, GDP",A: Normal value
DE,2024Q3,55.261938608472,"Germany - Central bank, assets, total, BIS-spliced, GDP",A: Normal value
DE,2024Q4,55.00668487625,"Germany - Central bank, assets, total, BIS-spliced, GDP",A: Normal value
DE,2025Q1,53.916044694048,"Germany - Central bank, assets, total, BIS-spliced, GDP",A: Normal value
DE,2025Q2,53.366985847494,"Germany - Central bank, assets, total, BIS-spliced, GDP",A: Normal value
DE,2025Q3,51.470752896166,"Germany - Central bank, assets, total, BIS-spliced, GDP",A: Normal value
DE,2025Q4,51.716136236739,"Germany - Central bank, assets, total, BIS-spliced, GDP",A: Normal value
DE,2026Q1,50.871218677783,"Germany - Central bank, assets, total, BIS-spliced, GDP",A: Normal value
ES,1962Q1,18.643749626972,"Spain - Central bank, assets, total, BIS-spliced, GDP",A: Normal value
ES,1962Q2,18.029268392179,"Spain - Central bank, assets, total, BIS-spliced, GDP",A: Normal value
ES,1962Q3,18.526835347896,"Spain - Central bank, assets, total, BIS-spliced, GDP",A: Normal value
ES,1962Q4,18.624108927883,"Spain - Central bank, assets, total, BIS-spliced, GDP",A: Normal value
ES,1963Q1,17.566691657606,"Spain - Central bank, assets, total, BIS-spliced, GDP",A: Normal value
ES,1963Q2,16.612856760582,"Spain - Central bank, assets, total, BIS-spliced, GDP",A: Normal value
ES,1963Q3,17.439911904426,"Spain - Central bank, assets, total, BIS-spliced, GDP",A: Normal value
ES,1963Q4,17.556245531848,"Spain - Central bank, assets, total, BIS-spliced, GDP",A: Normal value
ES,1964Q1,18.048786194034,"Spain - Central bank, assets, total, BIS-spliced, GDP",A: Normal value
ES,1964Q2,17.848567970821,"Spain - Central bank, assets, total, BIS-spliced, GDP",A: Normal value
ES,1964Q3,19.034379838274,"Spain - Central bank, assets, total, BIS-spliced, GDP",A: Normal value
ES,1964Q4,18.128689012912,"Spain - Central bank, assets, total, BIS-spliced, GDP",A: Normal value
ES,1965Q1,17.259069365111,"Spain - Central bank, assets, total, BIS-spliced, GDP",A: Normal value
ES,1965Q2,16.769581327113,"Spain - Central bank, assets, total, BIS-spliced, GDP",A: Normal value
ES,1965Q3,17.21433284784,"Spain - Central bank, assets, total, BIS-spliced, GDP",A: Normal value
ES,1965Q4,16.106526510343,"Spain - Central bank, assets, total, BIS-spliced, GDP",A: Normal value
ES,1966Q1,14.730711210942,"Spain - Central bank, assets, total, BIS-spliced, GDP",A: Normal value
ES,1966Q2,15.136891461549,"Spain - Central bank, assets, total, BIS-spliced, GDP",A: Normal value
ES,1966Q3,16.638265432508,"Spain - Central bank, assets, total, BIS-spliced, GDP",A: Normal value
ES,1966Q4,16.063850264989,"Spain - Central bank, assets, total, BIS-spliced, GDP",A: Normal value
ES,1967Q1,15.561770870233,"Spain - Central bank, assets, total, BIS-spliced, GDP",A: Normal value
ES,1967Q2,15.115939405773,"Spain - Central bank, assets, total, BIS-spliced, GDP",A: Normal value
ES,1967Q3,15.588270650923,"Spain - Central bank, assets, total, BIS-spliced, GDP",A: Normal value
ES,1967Q4,15.803299727675,"Spain - Central bank, assets, total, BIS-spliced, GDP",A: Normal value
ES,1968Q1,15.787321042543,"Spain - Central bank, assets, total, BIS-spliced, GDP",A: Normal value
ES,1968Q2,15.739993117188,"Spain - Central bank, assets, total, BIS-spliced, GDP",A: Normal value
ES,1968Q3,16.955960877921,"Spain - Central bank, assets, total, BIS-spliced, GDP",A: Normal value
ES,1968Q4,15.530839977662,"Spain - Central bank, assets, total, BIS-spliced, GDP",A: Normal value
ES,1969Q1,15.041452078763,"Spain - Central bank, assets, total, BIS-spliced, GDP",A: Normal value
ES,1969Q2,15.320485908669,"Spain - Central bank, assets, total, BIS-spliced, GDP",A: Normal value
ES,1969Q3,14.916192669129,"Spain - Central bank, assets, total, BIS-spliced, GDP",A: Normal value
ES,1969Q4,15.584892918451,"Spain - Central bank, assets, total, BIS-spliced, GDP",A: Normal value
ES,1970Q1,15.240678278977,"Spain - Central bank, assets, total, BIS-spliced, GDP",A: Normal value
ES,1970Q2,15.640134215315,"Spain - Central bank, assets, total, BIS-spliced, GDP",A: Normal value
ES,1970Q3,15.690775642299,"Spain - Central bank, assets, total, BIS-spliced, GDP",A: Normal value
ES,1970Q4,16.190202185926,"Spain - Central bank, assets, total, BIS-spliced, GDP",A: Normal value
ES,1971Q1,16.542222658149,"Spain - Central bank, assets, total, BIS-spliced, GDP",A: Normal value
ES,1971Q2,16.397770280799,"Spain - Central bank, assets, total, BIS-spliced, GDP",A: Normal value
ES,1971Q3,17.166052061949,"Spain - Central bank, assets, total, BIS-spliced, GDP",A: Normal value
ES,1971Q4,17.102730986851,"Spain - Central bank, assets, total, BIS-spliced, GDP",A: Normal value
ES,1972Q1,16.914492262468,"Spain - Central bank, assets, total, BIS-spliced, GDP",A: Normal value
ES,1972Q2,16.672846928946,"Spain - Central bank, assets, total, BIS-spliced, GDP",A: Normal value
ES,1972Q3,16.114798602878,"Spain - Central bank, assets, total, BIS-spliced, GDP",A: Normal value
ES,1972Q4,16.207303512864,"Spain - Central bank, assets, total, BIS-spliced, GDP",A: Normal value
ES,1973Q1,16.77591862047,"Spain - Central bank, assets, total, BIS-spliced, GDP",A: Normal value
ES,1973Q2,16.862032512483,"Spain - Central bank, assets, total, BIS-spliced, GDP",A: Normal value
ES,1973Q3,16.708059243637,"Spain - Central bank, assets, total, BIS-spliced, GDP",A: Normal value
ES,1973Q4,16.320111732596,"Spain - Central bank, assets, total, BIS-spliced, GDP",A: Normal value
ES,1974Q1,15.687613281945,"Spain - Central bank, assets, total, BIS-spliced, GDP",A: Normal value
ES,1974Q2,15.234403038132,"Spain - Central bank, assets, total, BIS-spliced, GDP",A: Normal value
ES,1974Q3,15.133958347306,"Spain - Central bank, assets, total, BIS-spliced, GDP",A: Normal value
ES,1974Q4,15.771129620197,"Spain - Central bank, assets, total, BIS-spliced, GDP",A: Normal value
ES,1975Q1,15.72891206376,"Spain - Central bank, assets, total, BIS-spliced, GDP",A: Normal value
ES,1975Q2,16.227314349919,"Spain - Central bank, assets, total, BIS-spliced, GDP",A: Normal value
ES,1975Q3,15.703999374727,"Spain - Central bank, assets, total, BIS-spliced, GDP",A: Normal value
ES,1975Q4,16.386156817788,"Spain - Central bank, assets, total, BIS-spliced, GDP",A: Normal value
ES,1976Q1,16.129893939647,"Spain - Central bank, assets, total, BIS-spliced, GDP",A: Normal value
ES,1976Q2,16.195675038851,"Spain - Central bank, assets, total, BIS-spliced, GDP",A: Normal value
ES,1976Q3,15.985110654549,"Spain - Central bank, assets, total, BIS-spliced, GDP",A: Normal value
ES,1976Q4,15.890432996354,"Spain - Central bank, assets, total, BIS-spliced, GDP",A: Normal value
ES,1977Q1,15.23479929119,"Spain - Central bank, assets, total, BIS-spliced, GDP",A: Normal value
ES,1977Q2,15.369462734023,"Spain - Central bank, assets, total, BIS-spliced, GDP",A: Normal value
ES,1977Q3,15.41611475319,"Spain - Central bank, assets, total, BIS-spliced, GDP",A: Normal value
ES,1977Q4,15.475659408495,"Spain - Central bank, assets, total, BIS-spliced, GDP",A: Normal value
ES,1978Q1,15.272594015024,"Spain - Central bank, assets, total, BIS-spliced, GDP",A: Normal value
ES,1978Q2,15.493444476252,"Spain - Central bank, assets, total, BIS-spliced, GDP",A: Normal value
ES,1978Q3,15.525193991434,"Spain - Central bank, assets, total, BIS-spliced, GDP",A: Normal value
ES,1978Q4,15.343998220498,"Spain - Central bank, assets, total, BIS-spliced, GDP",A: Normal value
ES,1979Q1,16.375089155551,"Spain - Central bank, assets, total, BIS-spliced, GDP",A: Normal value
ES,1979Q2,16.387043694736,"Spain - Central bank, assets, total, BIS-spliced, GDP",A: Normal value
ES,1979Q3,16.221479595583,"Spain - Central bank, assets, total, BIS-spliced, GDP",A: Normal value
ES,1979Q4,16.321445103315,"Spain - Central bank, assets, total, BIS-spliced, GDP",A: Normal value
ES,1980Q1,15.176529195237,"Spain - Central bank, assets, total, BIS-spliced, GDP",A: Normal value
ES,1980Q2,15.687490067237,"Spain - Central bank, assets, total, BIS-spliced, GDP",A: Normal value
ES,1980Q3,15.908909462051,"Spain - Central bank, assets, total, BIS-spliced, GDP",A: Normal value
ES,1980Q4,16.066813991328,"Spain - Central bank, assets, total, BIS-spliced, GDP",A: Normal value
ES,1981Q1,16.777204706421,"Spain - Central bank, assets, total, BIS-spliced, GDP",A: Normal value
ES,1981Q2,16.97849160112,"Spain - Central bank, assets, total, BIS-spliced, GDP",A: Normal value
ES,1981Q3,18.571823448428,"Spain - Central bank, assets, total, BIS-spliced, GDP",A: Normal value
ES,1981Q4,19.416050637801,"Spain - Central bank, assets, total, BIS-spliced, GDP",A: Normal value
ES,1982Q1,20.128880908422,"Spain - Central bank, assets, total, BIS-spliced, GDP",A: Normal value
ES,1982Q2,20.739811097712,"Spain - Central bank, assets, total, BIS-spliced, GDP",A: Normal value
ES,1982Q3,20.231193502484,"Spain - Central bank, assets, total, BIS-spliced, GDP",A: Normal value
ES,1982Q4,20.960213351014,"Spain - Central bank, assets, total, BIS-spliced, GDP",A: Normal value
ES,1983Q1,22.203909264727,"Spain - Central bank, assets, total, BIS-spliced, GDP",A: Normal value
ES,1983Q2,22.86570654591,"Spain - Central bank, assets, total, BIS-spliced, GDP",A: Normal value
ES,1983Q3,23.647586362764,"Spain - Central bank, assets, total, BIS-spliced, GDP",A: Normal value
ES,1983Q4,25.326045728446,"Spain - Central bank, assets, total, BIS-spliced, GDP",A: Normal value
ES,1984Q1,21.931620497445,"Spain - Central bank, assets, total, BIS-spliced, GDP",A: Normal value
ES,1984Q2,22.216537772489,"Spain - Central bank, assets, total, BIS-spliced, GDP",A: Normal value
ES,1984Q3,22.342505960202,"Spain - Central bank, assets, total, BIS-spliced, GDP",A: Normal value
ES,1984Q4,23.776409757138,"Spain - Central bank, assets, total, BIS-spliced, GDP",A: Normal value
ES,1985Q1,21.802591733843,"Spain - Central bank, assets, total, BIS-spliced, GDP",A: Normal value
ES,1985Q2,23.94979117438,"Spain - Central bank, assets, total, BIS-spliced, GDP",A: Normal value
ES,1985Q3,24.04744995692,"Spain - Central bank, assets, total, BIS-spliced, GDP",A: Normal value
ES,1985Q4,21.690499064086,"Spain - Central bank, assets, total, BIS-spliced, GDP",A: Normal value
ES,1986Q1,21.421035945231,"Spain - Central bank, assets, total, BIS-spliced, GDP",A: Normal value
ES,1986Q2,19.92115448424,"Spain - Central bank, assets, total, BIS-spliced, GDP",A: Normal value
ES,1986Q3,20.193009479228,"Spain - Central bank, assets, total, BIS-spliced, GDP",A: Normal value
ES,1986Q4,19.857094410146,"Spain - Central bank, assets, total, BIS-spliced, GDP",A: Normal value
ES,1987Q1,19.059425171376,"Spain - Central bank, assets, total, BIS-spliced, GDP",A: Normal value
ES,1987Q2,21.535745548142,"Spain - Central bank, assets, total, BIS-spliced, GDP",A: Normal value
ES,1987Q3,23.34746270926,"Spain - Central bank, assets, total, BIS-spliced, GDP",A: Normal value
ES,1987Q4,23.129271558664,"Spain - Central bank, assets, total, BIS-spliced, GDP",A: Normal value
ES,1988Q1,21.264233239532,"Spain - Central bank, assets, total, BIS-spliced, GDP",A: Normal value
ES,1988Q2,21.563758161998,"Spain - Central bank, assets, total, BIS-spliced, GDP",A: Normal value
ES,1988Q3,21.993404150478,"Spain - Central bank, assets, total, BIS-spliced, GDP",A: Normal value
ES,1988Q4,21.911353831615,"Spain - Central bank, assets, total, BIS-spliced, GDP",A: Normal value
ES,1989Q1,22.201789333296,"Spain - Central bank, assets, total, BIS-spliced, GDP",A: Normal value
ES,1989Q2,21.771199788644,"Spain - Central bank, assets, total, BIS-spliced, GDP",A: Normal value
ES,1989Q3,22.831399062413,"Spain - Central bank, assets, total, BIS-spliced, GDP",A: Normal value
ES,1989Q4,22.214800426291,"Spain - Central bank, assets, total, BIS-spliced, GDP",A: Normal value
ES,1990Q1,18.544188782359,"Spain - Central bank, assets, total, BIS-spliced, GDP",A: Normal value
ES,1990Q2,20.742476939021,"Spain - Central bank, assets, total, BIS-spliced, GDP",A: Normal value
ES,1990Q3,18.951329852257,"Spain - Central bank, assets, total, BIS-spliced, GDP",A: Normal value
ES,1990Q4,20.891622874644,"Spain - Central bank, assets, total, BIS-spliced, GDP",A: Normal value
ES,1991Q1,21.895016532986,"Spain - Central bank, assets, total, BIS-spliced, GDP",A: Normal value
ES,1991Q2,20.495497281664,"Spain - Central bank, assets, total, BIS-spliced, GDP",A: Normal value
ES,1991Q3,23.551046259082,"Spain - Central bank, assets, total, BIS-spliced, GDP",A: Normal value
ES,1991Q4,22.206208328037,"Spain - Central bank, assets, total, BIS-spliced, GDP",A: Normal value
ES,1992Q1,19.929733674607,"Spain - Central bank, assets, total, BIS-spliced, GDP",A: Normal value
ES,1992Q2,20.109581982858,"Spain - Central bank, assets, total, BIS-spliced, GDP",A: Normal value
ES,1992Q3,19.062127650415,"Spain - Central bank, assets, total, BIS-spliced, GDP",A: Normal value
ES,1992Q4,20.989744584275,"Spain - Central bank, assets, total, BIS-spliced, GDP",A: Normal value
ES,1993Q1,18.095332122905,"Spain - Central bank, assets, total, BIS-spliced, GDP",A: Normal value
ES,1993Q2,20.392983726965,"Spain - Central bank, assets, total, BIS-spliced, GDP",A: Normal value
ES,1993Q3,22.194605945789,"Spain - Central bank, assets, total, BIS-spliced, GDP",A: Normal value
ES,1993Q4,24.165260928195,"Spain - Central bank, assets, total, BIS-spliced, GDP",A: Normal value
ES,1994Q1,22.170973375676,"Spain - Central bank, assets, total, BIS-spliced, GDP",A: Normal value
ES,1994Q2,20.82487196875,"Spain - Central bank, assets, total, BIS-spliced, GDP",A: Normal value
ES,1994Q3,20.563332687779,"Spain - Central bank, assets, total, BIS-spliced, GDP",A: Normal value
ES,1994Q4,20.897277514635,"Spain - Central bank, assets, total, BIS-spliced, GDP",A: Normal value
ES,1995Q1,19.121992015294,"Spain - Central bank, assets, total, BIS-spliced, GDP",A: Normal value
ES,1995Q2,20.280517680305,"Spain - Central bank, assets, total, BIS-spliced, GDP",A: Normal value
ES,1995Q3,19.615402924009,"Spain - Central bank, assets, total, BIS-spliced, GDP",A: Normal value
ES,1995Q4,18.758863717438,"Spain - Central bank, assets, total, BIS-spliced, GDP",A: Normal value
ES,1996Q1,18.499841752341,"Spain - Central bank, assets, total, BIS-spliced, GDP",A: Normal value
ES,1996Q2,18.225960402074,"Spain - Central bank, assets, total, BIS-spliced, GDP",A: Normal value
ES,1996Q3,18.073409776484,"Spain - Central bank, assets, total, BIS-spliced, GDP",A: Normal value
ES,1996Q4,19.157865874625,"Spain - Central bank, assets, total, BIS-spliced, GDP",A: Normal value
ES,1997Q1,18.420377832918,"Spain - Central bank, assets, total, BIS-spliced, GDP",A: Normal value
ES,1997Q2,18.919487685639,"Spain - Central bank, assets, total, BIS-spliced, GDP",A: Normal value
ES,1997Q3,18.262452349508,"Spain - Central bank, assets, total, BIS-spliced, GDP",A: Normal value
ES,1997Q4,18.664966577477,"Spain - Central bank, assets, total, BIS-spliced, GDP",A: Normal value
ES,1998Q1,18.925409297189,"Spain - Central bank, assets, total, BIS-spliced, GDP",A: Normal value
ES,1998Q2,19.831380831953,"Spain - Central bank, assets, total, BIS-spliced, GDP",A: Normal value
ES,1998Q3,20.009532543993,"Spain - Central bank, assets, total, BIS-spliced, GDP",A: Normal value
ES,1998Q4,17.762091178879,"Spain - Central bank, assets, total, BIS-spliced, GDP",A: Normal value
ES,1999Q1,20.620808425853,"Spain - Central bank, assets, total, BIS-spliced, GDP",A: Normal value
ES,1999Q2,26.452048328131,"Spain - Central bank, assets, total, BIS-spliced, GDP",A: Normal value
ES,1999Q3,18.440588473131,"Spain - Central bank, assets, total, BIS-spliced, GDP",A: Normal value
ES,1999Q4,19.981344327487,"Spain - Central bank, assets, total, BIS-spliced, GDP",A: Normal value
ES,2000Q1,18.417644877386,"Spain - Central bank, assets, total, BIS-spliced, GDP",A: Normal value
ES,2000Q2,18.531476195464,"Spain - Central bank, assets, total, BIS-spliced, GDP",A: Normal value
ES,2000Q3,19.844846117774,"Spain - Central bank, assets, total, BIS-spliced, GDP",A: Normal value
ES,2000Q4,17.955272306767,"Spain - Central bank, assets, total, BIS-spliced, GDP",A: Normal value
ES,2001Q1,14.677685255852,"Spain - Central bank, assets, total, BIS-spliced, GDP",A: Normal value
ES,2001Q2,15.056327124829,"Spain - Central bank, assets, total, BIS-spliced, GDP",A: Normal value
ES,2001Q3,14.592602232363,"Spain - Central bank, assets, total, BIS-spliced, GDP",A: Normal value
ES,2001Q4,13.537218651883,"Spain - Central bank, assets, total, BIS-spliced, GDP",A: Normal value
ES,2002Q1,13.567082045798,"Spain - Central bank, assets, total, BIS-spliced, GDP",A: Normal value
ES,2002Q2,13.211332726388,"Spain - Central bank, assets, total, BIS-spliced, GDP",A: Normal value
ES,2002Q3,13.042220821572,"Spain - Central bank, assets, total, BIS-spliced, GDP",A: Normal value
ES,2002Q4,12.90028313715,"Spain - Central bank, assets, total, BIS-spliced, GDP",A: Normal value
ES,2003Q1,12.531553893012,"Spain - Central bank, assets, total, BIS-spliced, GDP",A: Normal value
ES,2003Q2,12.836121372649,"Spain - Central bank, assets, total, BIS-spliced, GDP",A: Normal value
ES,2003Q3,13.345902155157,"Spain - Central bank, assets, total, BIS-spliced, GDP",A: Normal value
ES,2003Q4,13.270255561308,"Spain - Central bank, assets, total, BIS-spliced, GDP",A: Normal value
ES,2004Q1,13.098974181762,"Spain - Central bank, assets, total, BIS-spliced, GDP",A: Normal value
ES,2004Q2,13.22120990663,"Spain - Central bank, assets, total, BIS-spliced, GDP",A: Normal value
ES,2004Q3,12.7500860071,"Spain - Central bank, assets, total, BIS-spliced, GDP",A: Normal value
ES,2004Q4,12.854329197567,"Spain - Central bank, assets, total, BIS-spliced, GDP",A: Normal value
ES,2005Q1,13.682957635719,"Spain - Central bank, assets, total, BIS-spliced, GDP",A: Normal value
ES,2005Q2,13.862983066078,"Spain - Central bank, assets, total, BIS-spliced, GDP",A: Normal value
ES,2005Q3,13.036711163203,"Spain - Central bank, assets, total, BIS-spliced, GDP",A: Normal value
ES,2005Q4,13.468356919294,"Spain - Central bank, assets, total, BIS-spliced, GDP",A: Normal value
ES,2006Q1,13.427706306869,"Spain - Central bank, assets, total, BIS-spliced, GDP",A: Normal value
ES,2006Q2,13.788026707441,"Spain - Central bank, assets, total, BIS-spliced, GDP",A: Normal value
ES,2006Q3,12.852535281365,"Spain - Central bank, assets, total, BIS-spliced, GDP",A: Normal value
ES,2006Q4,13.727836643103,"Spain - Central bank, assets, total, BIS-spliced, GDP",A: Normal value
ES,2007Q1,13.34684503335,"Spain - Central bank, assets, total, BIS-spliced, GDP",A: Normal value
ES,2007Q2,14.495681439245,"Spain - Central bank, assets, total, BIS-spliced, GDP",A: Normal value
ES,2007Q3,13.53809547813,"Spain - Central bank, assets, total, BIS-spliced, GDP",A: Normal value
ES,2007Q4,16.261933420631,"Spain - Central bank, assets, total, BIS-spliced, GDP",A: Normal value
ES,2008Q1,12.870082775436,"Spain - Central bank, assets, total, BIS-spliced, GDP",A: Normal value
ES,2008Q2,13.799327648855,"Spain - Central bank, assets, total, BIS-spliced, GDP",A: Normal value
ES,2008Q3,15.725135500258,"Spain - Central bank, assets, total, BIS-spliced, GDP",A: Normal value
ES,2008Q4,18.786586505962,"Spain - Central bank, assets, total, BIS-spliced, GDP",A: Normal value
ES,2009Q1,17.160415096527,"Spain - Central bank, assets, total, BIS-spliced, GDP",A: Normal value
ES,2009Q2,20.300622482607,"Spain - Central bank, assets, total, BIS-spliced, GDP",A: Normal value
ES,2009Q3,18.716565678225,"Spain - Central bank, assets, total, BIS-spliced, GDP",A: Normal value
ES,2009Q4,20.312584460247,"Spain - Central bank, assets, total, BIS-spliced, GDP",A: Normal value
ES,2010Q1,20.804258740098,"Spain - Central bank, assets, total, BIS-spliced, GDP",A: Normal value
ES,2010Q2,26.033564449019,"Spain - Central bank, assets, total, BIS-spliced, GDP",A: Normal value
ES,2010Q3,19.474801046189,"Spain - Central bank, assets, total, BIS-spliced, GDP",A: Normal value
ES,2010Q4,18.810930747485,"Spain - Central bank, assets, total, BIS-spliced, GDP",A: Normal value
ES,2011Q1,17.045816387252,"Spain - Central bank, assets, total, BIS-spliced, GDP",A: Normal value
ES,2011Q2,18.204610491076,"Spain - Central bank, assets, total, BIS-spliced, GDP",A: Normal value
ES,2011Q3,22.776636609885,"Spain - Central bank, assets, total, BIS-spliced, GDP",A: Normal value
ES,2011Q4,33.271294762747,"Spain - Central bank, assets, total, BIS-spliced, GDP",A: Normal value
ES,2012Q1,46.881351560242,"Spain - Central bank, assets, total, BIS-spliced, GDP",A: Normal value
ES,2012Q2,55.882188188627,"Spain - Central bank, assets, total, BIS-spliced, GDP",A: Normal value
ES,2012Q3,54.514277842774,"Spain - Central bank, assets, total, BIS-spliced, GDP",A: Normal value
ES,2012Q4,53.060048418671,"Spain - Central bank, assets, total, BIS-spliced, GDP",A: Normal value
ES,2013Q1,44.574745907295,"Spain - Central bank, assets, total, BIS-spliced, GDP",A: Normal value
ES,2013Q2,43.056062743998,"Spain - Central bank, assets, total, BIS-spliced, GDP",A: Normal value
ES,2013Q3,41.642558301886,"Spain - Central bank, assets, total, BIS-spliced, GDP",A: Normal value
ES,2013Q4,37.144372555214,"Spain - Central bank, assets, total, BIS-spliced, GDP",A: Normal value
ES,2014Q1,37.073140783388,"Spain - Central bank, assets, total, BIS-spliced, GDP",A: Normal value
ES,2014Q2,36.107915285276,"Spain - Central bank, assets, total, BIS-spliced, GDP",A: Normal value
ES,2014Q3,35.124527819303,"Spain - Central bank, assets, total, BIS-spliced, GDP",A: Normal value
ES,2014Q4,34.585143255347,"Spain - Central bank, assets, total, BIS-spliced, GDP",A: Normal value
ES,2015Q1,36.458154649589,"Spain - Central bank, assets, total, BIS-spliced, GDP",A: Normal value
ES,2015Q2,38.596188742602,"Spain - Central bank, assets, total, BIS-spliced, GDP",A: Normal value
ES,2015Q3,39.37717840972,"Spain - Central bank, assets, total, BIS-spliced, GDP",A: Normal value
ES,2015Q4,40.920622714127,"Spain - Central bank, assets, total, BIS-spliced, GDP",A: Normal value
ES,2016Q1,42.228951100612,"Spain - Central bank, assets, total, BIS-spliced, GDP",A: Normal value
ES,2016Q2,46.067582500627,"Spain - Central bank, assets, total, BIS-spliced, GDP",A: Normal value
ES,2016Q3,48.120665854066,"Spain - Central bank, assets, total, BIS-spliced, GDP",A: Normal value
ES,2016Q4,51.38174140469,"Spain - Central bank, assets, total, BIS-spliced, GDP",A: Normal value
ES,2017Q1,55.770903886505,"Spain - Central bank, assets, total, BIS-spliced, GDP",A: Normal value
ES,2017Q2,56.73280859688,"Spain - Central bank, assets, total, BIS-spliced, GDP",A: Normal value
ES,2017Q3,57.556599817566,"Spain - Central bank, assets, total, BIS-spliced, GDP",A: Normal value
ES,2017Q4,59.100240678824,"Spain - Central bank, assets, total, BIS-spliced, GDP",A: Normal value
ES,2018Q1,59.601141772967,"Spain - Central bank, assets, total, BIS-spliced, GDP",A: Normal value
ES,2018Q2,60.244500912806,"Spain - Central bank, assets, total, BIS-spliced, GDP",A: Normal value
ES,2018Q3,60.894422711821,"Spain - Central bank, assets, total, BIS-spliced, GDP",A: Normal value
ES,2018Q4,61.453662367316,"Spain - Central bank, assets, total, BIS-spliced, GDP",A: Normal value
ES,2019Q1,60.374433823115,"Spain - Central bank, assets, total, BIS-spliced, GDP",A: Normal value
ES,2019Q2,58.490628660521,"Spain - Central bank, assets, total, BIS-spliced, GDP",A: Normal value
ES,2019Q3,57.547423872997,"Spain - Central bank, assets, total, BIS-spliced, GDP",A: Normal value
ES,2019Q4,57.128123728773,"Spain - Central bank, assets, total, BIS-spliced, GDP",A: Normal value
ES,2020Q1,62.380123704379,"Spain - Central bank, assets, total, BIS-spliced, GDP",A: Normal value
ES,2020Q2,78.389842363672,"Spain - Central bank, assets, total, BIS-spliced, GDP",A: Normal value
ES,2020Q3,82.877563327222,"Spain - Central bank, assets, total, BIS-spliced, GDP",A: Normal value
ES,2020Q4,87.632105163415,"Spain - Central bank, assets, total, BIS-spliced, GDP",A: Normal value
ES,2021Q1,93.267895635869,"Spain - Central bank, assets, total, BIS-spliced, GDP",A: Normal value
ES,2021Q2,92.404188034478,"Spain - Central bank, assets, total, BIS-spliced, GDP",A: Normal value
ES,2021Q3,94.387386144309,"Spain - Central bank, assets, total, BIS-spliced, GDP",A: Normal value
ES,2021Q4,95.016568539686,"Spain - Central bank, assets, total, BIS-spliced, GDP",A: Normal value
ES,2022Q1,94.559699993303,"Spain - Central bank, assets, total, BIS-spliced, GDP",A: Normal value
ES,2022Q2,93.011704270965,"Spain - Central bank, assets, total, BIS-spliced, GDP",A: Normal value
ES,2022Q3,91.380311117105,"Spain - Central bank, assets, total, BIS-spliced, GDP",A: Normal value
ES,2022Q4,77.489401197648,"Spain - Central bank, assets, total, BIS-spliced, GDP",A: Normal value
ES,2023Q1,72.750089561707,"Spain - Central bank, assets, total, BIS-spliced, GDP",A: Normal value
ES,2023Q2,67.745130040008,"Spain - Central bank, assets, total, BIS-spliced, GDP",A: Normal value
ES,2023Q3,66.386793863046,"Spain - Central bank, assets, total, BIS-spliced, GDP",A: Normal value
ES,2023Q4,63.487165175218,"Spain - Central bank, assets, total, BIS-spliced, GDP",A: Normal value
ES,2024Q1,61.346942669083,"Spain - Central bank, assets, total, BIS-spliced, GDP",A: Normal value
ES,2024Q2,60.125509664619,"Spain - Central bank, assets, total, BIS-spliced, GDP",A: Normal value
ES,2024Q3,59.143326793438,"Spain - Central bank, assets, total, BIS-spliced, GDP",A: Normal value
ES,2024Q4,57.501521015097,"Spain - Central bank, assets, total, BIS-spliced, GDP",A: Normal value
ES,2025Q1,55.934084572606,"Spain - Central bank, assets, total, BIS-spliced, GDP",A: Normal value
ES,2025Q2,53.706970482527,"Spain - Central bank, assets, total, BIS-spliced, GDP",A: Normal value
ES,2025Q3,52.515327887568,"Spain - Central bank, assets, total, BIS-spliced, GDP",A: Normal value
ES,2025Q4,51.220636907641,"Spain - Central bank, assets, total, BIS-spliced, GDP",A: Normal value
ES,2026Q1,49.94579236607,"Spain - Central bank, assets, total, BIS-spliced, GDP",A: Normal value
FR,1950Q4,17.367273983364,"France - Central bank, assets, total, BIS-spliced, GDP",A: Normal value
FR,1951Q1,16.734756053588,"France - Central bank, assets, total, BIS-spliced, GDP",A: Normal value
FR,1951Q2,16.713643247743,"France - Central bank, assets, total, BIS-spliced, GDP",A: Normal value
FR,1951Q3,16.474808712408,"France - Central bank, assets, total, BIS-spliced, GDP",A: Normal value
FR,1951Q4,16.123149380493,"France - Central bank, assets, total, BIS-spliced, GDP",A: Normal value
FR,1952Q1,15.506414765996,"France - Central bank, assets, total, BIS-spliced, GDP",A: Normal value
FR,1952Q2,14.646457479246,"France - Central bank, assets, total, BIS-spliced, GDP",A: Normal value
FR,1952Q3,14.697163491491,"France - Central bank, assets, total, BIS-spliced, GDP",A: Normal value
FR,1952Q4,15.513070846375,"France - Central bank, assets, total, BIS-spliced, GDP",A: Normal value
FR,1953Q1,15.017461958961,"France - Central bank, assets, total, BIS-spliced, GDP",A: Normal value
FR,1953Q2,15.296962280117,"France - Central bank, assets, total, BIS-spliced, GDP",A: Normal value
FR,1953Q3,15.382438216689,"France - Central bank, assets, total, BIS-spliced, GDP",A: Normal value
FR,1953Q4,16.269162447913,"France - Central bank, assets, total, BIS-spliced, GDP",A: Normal value
FR,1954Q1,15.433085308341,"France - Central bank, assets, total, BIS-spliced, GDP",A: Normal value
FR,1954Q2,15.475646478538,"France - Central bank, assets, total, BIS-spliced, GDP",A: Normal value
FR,1954Q3,16.149353244835,"France - Central bank, assets, total, BIS-spliced, GDP",A: Normal value
FR,1954Q4,16.844626508359,"France - Central bank, assets, total, BIS-spliced, GDP",A: Normal value
FR,1955Q1,16.529402915802,"France - Central bank, assets, total, BIS-spliced, GDP",A: Normal value
FR,1955Q2,16.637744612087,"France - Central bank, assets, total, BIS-spliced, GDP",A: Normal value
FR,1955Q3,16.702682120875,"France - Central bank, assets, total, BIS-spliced, GDP",A: Normal value
FR,1955Q4,17.196208888895,"France - Central bank, assets, total, BIS-spliced, GDP",A: Normal value
FR,1956Q1,17.140289562626,"France - Central bank, assets, total, BIS-spliced, GDP",A: Normal value
FR,1956Q2,16.915845212653,"France - Central bank, assets, total, BIS-spliced, GDP",A: Normal value
FR,1956Q3,17.055190262093,"France - Central bank, assets, total, BIS-spliced, GDP",A: Normal value
FR,1956Q4,17.063275854969,"France - Central bank, assets, total, BIS-spliced, GDP",A: Normal value
FR,1957Q1,16.688158661209,"France - Central bank, assets, total, BIS-spliced, GDP",A: Normal value
FR,1957Q2,17.262252596744,"France - Central bank, assets, total, BIS-spliced, GDP",A: Normal value
FR,1957Q3,17.338889715354,"France - Central bank, assets, total, BIS-spliced, GDP",A: Normal value
FR,1957Q4,17.160985046063,"France - Central bank, assets, total, BIS-spliced, GDP",A: Normal value
FR,1958Q1,16.599998151956,"France - Central bank, assets, total, BIS-spliced, GDP",A: Normal value
FR,1958Q2,16.290624998835,"France - Central bank, assets, total, BIS-spliced, GDP",A: Normal value
FR,1958Q3,15.543479587067,"France - Central bank, assets, total, BIS-spliced, GDP",A: Normal value
FR,1958Q4,16.444283687907,"France - Central bank, assets, total, BIS-spliced, GDP",A: Normal value
FR,1959Q1,14.541168419024,"France - Central bank, assets, total, BIS-spliced, GDP",A: Normal value
FR,1959Q2,13.757835910453,"France - Central bank, assets, total, BIS-spliced, GDP",A: Normal value
FR,1959Q3,13.949359924461,"France - Central bank, assets, total, BIS-spliced, GDP",A: Normal value
FR,1959Q4,14.126079600404,"France - Central bank, assets, total, BIS-spliced, GDP",A: Normal value
FR,1960Q1,13.419972511423,"France - Central bank, assets, total, BIS-spliced, GDP",A: Normal value
FR,1960Q2,13.553918171648,"France - Central bank, assets, total, BIS-spliced, GDP",A: Normal value
FR,1960Q3,13.483618110771,"France - Central bank, assets, total, BIS-spliced, GDP",A: Normal value
FR,1960Q4,13.706638874791,"France - Central bank, assets, total, BIS-spliced, GDP",A: Normal value
FR,1961Q1,13.445351390826,"France - Central bank, assets, total, BIS-spliced, GDP",A: Normal value
FR,1961Q2,13.623018733529,"France - Central bank, assets, total, BIS-spliced, GDP",A: Normal value
FR,1961Q3,14.021942132094,"France - Central bank, assets, total, BIS-spliced, GDP",A: Normal value
FR,1961Q4,14.284226205031,"France - Central bank, assets, total, BIS-spliced, GDP",A: Normal value
FR,1962Q1,13.710354862038,"France - Central bank, assets, total, BIS-spliced, GDP",A: Normal value
FR,1962Q2,14.116927690814,"France - Central bank, assets, total, BIS-spliced, GDP",A: Normal value
FR,1962Q3,14.065489589178,"France - Central bank, assets, total, BIS-spliced, GDP",A: Normal value
FR,1962Q4,14.417830206752,"France - Central bank, assets, total, BIS-spliced, GDP",A: Normal value
FR,1963Q1,13.873221246516,"France - Central bank, assets, total, BIS-spliced, GDP",A: Normal value
FR,1963Q2,14.091994719201,"France - Central bank, assets, total, BIS-spliced, GDP",A: Normal value
FR,1963Q3,14.01786141722,"France - Central bank, assets, total, BIS-spliced, GDP",A: Normal value
FR,1963Q4,14.21505355078,"France - Central bank, assets, total, BIS-spliced, GDP",A: Normal value
FR,1964Q1,13.541017333555,"France - Central bank, assets, total, BIS-spliced, GDP",A: Normal value
FR,1964Q2,13.272217283918,"France - Central bank, assets, total, BIS-spliced, GDP",A: Normal value
FR,1964Q3,13.17264197112,"France - Central bank, assets, total, BIS-spliced, GDP",A: Normal value
FR,1964Q4,14.113229461509,"France - Central bank, assets, total, BIS-spliced, GDP",A: Normal value
FR,1965Q1,12.941510393195,"France - Central bank, assets, total, BIS-spliced, GDP",A: Normal value
FR,1965Q2,13.021022279556,"France - Central bank, assets, total, BIS-spliced, GDP",A: Normal value
FR,1965Q3,13.611565626502,"France - Central bank, assets, total, BIS-spliced, GDP",A: Normal value
FR,1965Q4,13.77320517934,"France - Central bank, assets, total, BIS-spliced, GDP",A: Normal value
FR,1966Q1,13.269359329363,"France - Central bank, assets, total, BIS-spliced, GDP",A: Normal value
FR,1966Q2,13.392905017833,"France - Central bank, assets, total, BIS-spliced, GDP",A: Normal value
FR,1966Q3,13.098388474415,"France - Central bank, assets, total, BIS-spliced, GDP",A: Normal value
FR,1966Q4,13.278456734711,"France - Central bank, assets, total, BIS-spliced, GDP",A: Normal value
FR,1967Q1,12.744231869918,"France - Central bank, assets, total, BIS-spliced, GDP",A: Normal value
FR,1967Q2,12.911180174549,"France - Central bank, assets, total, BIS-spliced, GDP",A: Normal value
FR,1967Q3,13.036652772162,"France - Central bank, assets, total, BIS-spliced, GDP",A: Normal value
FR,1967Q4,13.276377709829,"France - Central bank, assets, total, BIS-spliced, GDP",A: Normal value
FR,1968Q1,12.537142371616,"France - Central bank, assets, total, BIS-spliced, GDP",A: Normal value
FR,1968Q2,13.747708642065,"France - Central bank, assets, total, BIS-spliced, GDP",A: Normal value
FR,1968Q3,13.822616530712,"France - Central bank, assets, total, BIS-spliced, GDP",A: Normal value
FR,1968Q4,14.320662376572,"France - Central bank, assets, total, BIS-spliced, GDP",A: Normal value
FR,1969Q1,13.566796130391,"France - Central bank, assets, total, BIS-spliced, GDP",A: Normal value
FR,1969Q2,13.8540052379,"France - Central bank, assets, total, BIS-spliced, GDP",A: Normal value
FR,1969Q3,13.434962639782,"France - Central bank, assets, total, BIS-spliced, GDP",A: Normal value
FR,1969Q4,13.160130651977,"France - Central bank, assets, total, BIS-spliced, GDP",A: Normal value
FR,1970Q1,12.249796368559,"France - Central bank, assets, total, BIS-spliced, GDP",A: Normal value
FR,1970Q2,12.037267271915,"France - Central bank, assets, total, BIS-spliced, GDP",A: Normal value
FR,1970Q3,11.760555174992,"France - Central bank, assets, total, BIS-spliced, GDP",A: Normal value
FR,1970Q4,11.762056437659,"France - Central bank, assets, total, BIS-spliced, GDP",A: Normal value
FR,1971Q1,11.338169216779,"France - Central bank, assets, total, BIS-spliced, GDP",A: Normal value
FR,1971Q2,11.864898057403,"France - Central bank, assets, total, BIS-spliced, GDP",A: Normal value
FR,1971Q3,11.39921678559,"France - Central bank, assets, total, BIS-spliced, GDP",A: Normal value
FR,1971Q4,11.443659980595,"France - Central bank, assets, total, BIS-spliced, GDP",A: Normal value
FR,1972Q1,10.935417667171,"France - Central bank, assets, total, BIS-spliced, GDP",A: Normal value
FR,1972Q2,11.13437325517,"France - Central bank, assets, total, BIS-spliced, GDP",A: Normal value
FR,1972Q3,12.147022244433,"France - Central bank, assets, total, BIS-spliced, GDP",A: Normal value
FR,1972Q4,13.607816691683,"France - Central bank, assets, total, BIS-spliced, GDP",A: Normal value
FR,1973Q1,13.141791521526,"France - Central bank, assets, total, BIS-spliced, GDP",A: Normal value
FR,1973Q2,13.440788183128,"France - Central bank, assets, total, BIS-spliced, GDP",A: Normal value
FR,1973Q3,14.167376593075,"France - Central bank, assets, total, BIS-spliced, GDP",A: Normal value
FR,1973Q4,13.774519469392,"France - Central bank, assets, total, BIS-spliced, GDP",A: Normal value
FR,1974Q1,14.589185456259,"France - Central bank, assets, total, BIS-spliced, GDP",A: Normal value
FR,1974Q2,13.490003966394,"France - Central bank, assets, total, BIS-spliced, GDP",A: Normal value
FR,1974Q3,12.371198003572,"France - Central bank, assets, total, BIS-spliced, GDP",A: Normal value
FR,1974Q4,11.133341150873,"France - Central bank, assets, total, BIS-spliced, GDP",A: Normal value
FR,1975Q1,14.111076550917,"France - Central bank, assets, total, BIS-spliced, GDP",A: Normal value
FR,1975Q2,13.440590281148,"France - Central bank, assets, total, BIS-spliced, GDP",A: Normal value
FR,1975Q3,11.196522563307,"France - Central bank, assets, total, BIS-spliced, GDP",A: Normal value
FR,1975Q4,11.888181234372,"France - Central bank, assets, total, BIS-spliced, GDP",A: Normal value
FR,1976Q1,10.728665281588,"France - Central bank, assets, total, BIS-spliced, GDP",A: Normal value
FR,1976Q2,10.437904294248,"France - Central bank, assets, total, BIS-spliced, GDP",A: Normal value
FR,1976Q3,10.102653817902,"France - Central bank, assets, total, BIS-spliced, GDP",A: Normal value
FR,1976Q4,10.445396256567,"France - Central bank, assets, total, BIS-spliced, GDP",A: Normal value
FR,1977Q1,10.181460669787,"France - Central bank, assets, total, BIS-spliced, GDP",A: Normal value
FR,1977Q2,10.621164159476,"France - Central bank, assets, total, BIS-spliced, GDP",A: Normal value
FR,1977Q3,9.7500372060773,"France - Central bank, assets, total, BIS-spliced, GDP",A: Normal value
FR,1977Q4,10.099477306404,"France - Central bank, assets, total, BIS-spliced, GDP",A: Normal value
FR,1978Q1,9.8735797053326,"France - Central bank, assets, total, BIS-spliced, GDP",A: Normal value
FR,1978Q2,9.6571960485535,"France - Central bank, assets, total, BIS-spliced, GDP",A: Normal value
FR,1978Q3,9.6497558271512,"France - Central bank, assets, total, BIS-spliced, GDP",A: Normal value
FR,1978Q4,10.842451176554,"France - Central bank, assets, total, BIS-spliced, GDP",A: Normal value
FR,1979Q1,11.212214258074,"France - Central bank, assets, total, BIS-spliced, GDP",A: Normal value
FR,1979Q2,10.955804668906,"France - Central bank, assets, total, BIS-spliced, GDP",A: Normal value
FR,1979Q3,12.018779402809,"France - Central bank, assets, total, BIS-spliced, GDP",A: Normal value
FR,1979Q4,12.752899866537,"France - Central bank, assets, total, BIS-spliced, GDP",A: Normal value
FR,1980Q1,14.114785305523,"France - Central bank, assets, total, BIS-spliced, GDP",A: Normal value
FR,1980Q2,14.780962730677,"France - Central bank, assets, total, BIS-spliced, GDP",A: Normal value
FR,1980Q3,15.973444554731,"France - Central bank, assets, total, BIS-spliced, GDP",A: Normal value
FR,1980Q4,19.21612286634,"France - Central bank, assets, total, BIS-spliced, GDP",A: Normal value
FR,1981Q1,17.722298913803,"France - Central bank, assets, total, BIS-spliced, GDP",A: Normal value
FR,1981Q2,18.319790172057,"France - Central bank, assets, total, BIS-spliced, GDP",A: Normal value
FR,1981Q3,17.216668933749,"France - Central bank, assets, total, BIS-spliced, GDP",A: Normal value
FR,1981Q4,16.32345070255,"France - Central bank, assets, total, BIS-spliced, GDP",A: Normal value
FR,1982Q1,14.771410223702,"France - Central bank, assets, total, BIS-spliced, GDP",A: Normal value
FR,1982Q2,14.896679608439,"France - Central bank, assets, total, BIS-spliced, GDP",A: Normal value
FR,1982Q3,13.668583972968,"France - Central bank, assets, total, BIS-spliced, GDP",A: Normal value
FR,1982Q4,15.543929903451,"France - Central bank, assets, total, BIS-spliced, GDP",A: Normal value
FR,1983Q1,17.091111644035,"France - Central bank, assets, total, BIS-spliced, GDP",A: Normal value
FR,1983Q2,16.749499369071,"France - Central bank, assets, total, BIS-spliced, GDP",A: Normal value
FR,1983Q3,16.59137653969,"France - Central bank, assets, total, BIS-spliced, GDP",A: Normal value
FR,1983Q4,16.404433132551,"France - Central bank, assets, total, BIS-spliced, GDP",A: Normal value
FR,1984Q1,16.44229253399,"France - Central bank, assets, total, BIS-spliced, GDP",A: Normal value
FR,1984Q2,15.711334927377,"France - Central bank, assets, total, BIS-spliced, GDP",A: Normal value
FR,1984Q3,15.682823422643,"France - Central bank, assets, total, BIS-spliced, GDP",A: Normal value
FR,1984Q4,16.082699701316,"France - Central bank, assets, total, BIS-spliced, GDP",A: Normal value
FR,1985Q1,15.160593536713,"France - Central bank, assets, total, BIS-spliced, GDP",A: Normal value
FR,1985Q2,15.234276185302,"France - Central bank, assets, total, BIS-spliced, GDP",A: Normal value
FR,1985Q3,14.552725958474,"France - Central bank, assets, total, BIS-spliced, GDP",A: Normal value
FR,1985Q4,15.324590763514,"France - Central bank, assets, total, BIS-spliced, GDP",A: Normal value
FR,1986Q1,13.584362500118,"France - Central bank, assets, total, BIS-spliced, GDP",A: Normal value
FR,1986Q2,13.3739868079,"France - Central bank, assets, total, BIS-spliced, GDP",A: Normal value
FR,1986Q3,12.450268624039,"France - Central bank, assets, total, BIS-spliced, GDP",A: Normal value
FR,1986Q4,13.595398228694,"France - Central bank, assets, total, BIS-spliced, GDP",A: Normal value
FR,1987Q1,12.677883264057,"France - Central bank, assets, total, BIS-spliced, GDP",A: Normal value
FR,1987Q2,13.415106664576,"France - Central bank, assets, total, BIS-spliced, GDP",A: Normal value
FR,1987Q3,12.189495939151,"France - Central bank, assets, total, BIS-spliced, GDP",A: Normal value
FR,1987Q4,15.26405070433,"France - Central bank, assets, total, BIS-spliced, GDP",A: Normal value
FR,1988Q1,12.281427927504,"France - Central bank, assets, total, BIS-spliced, GDP",A: Normal value
FR,1988Q2,12.545694866887,"France - Central bank, assets, total, BIS-spliced, GDP",A: Normal value
FR,1988Q3,11.676052073805,"France - Central bank, assets, total, BIS-spliced, GDP",A: Normal value
FR,1988Q4,13.133629317021,"France - Central bank, assets, total, BIS-spliced, GDP",A: Normal value
FR,1989Q1,11.211033903982,"France - Central bank, assets, total, BIS-spliced, GDP",A: Normal value
FR,1989Q2,11.54553990843,"France - Central bank, assets, total, BIS-spliced, GDP",A: Normal value
FR,1989Q3,10.607486424925,"France - Central bank, assets, total, BIS-spliced, GDP",A: Normal value
FR,1989Q4,12.14688105301,"France - Central bank, assets, total, BIS-spliced, GDP",A: Normal value
FR,1990Q1,10.138580121475,"France - Central bank, assets, total, BIS-spliced, GDP",A: Normal value
FR,1990Q2,10.406297250427,"France - Central bank, assets, total, BIS-spliced, GDP",A: Normal value
FR,1990Q3,9.3583106250335,"France - Central bank, assets, total, BIS-spliced, GDP",A: Normal value
FR,1990Q4,10.451778846609,"France - Central bank, assets, total, BIS-spliced, GDP",A: Normal value
FR,1991Q1,9.0270239069721,"France - Central bank, assets, total, BIS-spliced, GDP",A: Normal value
FR,1991Q2,9.65720352487,"France - Central bank, assets, total, BIS-spliced, GDP",A: Normal value
FR,1991Q3,9.3898597914894,"France - Central bank, assets, total, BIS-spliced, GDP",A: Normal value
FR,1991Q4,9.5672295315593,"France - Central bank, assets, total, BIS-spliced, GDP",A: Normal value
FR,1992Q1,8.548150644499,"France - Central bank, assets, total, BIS-spliced, GDP",A: Normal value
FR,1992Q2,8.3524895568977,"France - Central bank, assets, total, BIS-spliced, GDP",A: Normal value
FR,1992Q3,10.096256749972,"France - Central bank, assets, total, BIS-spliced, GDP",A: Normal value
FR,1992Q4,10.777169269626,"France - Central bank, assets, total, BIS-spliced, GDP",A: Normal value
FR,1993Q1,8.5795370061725,"France - Central bank, assets, total, BIS-spliced, GDP",A: Normal value
FR,1993Q2,7.8825507221309,"France - Central bank, assets, total, BIS-spliced, GDP",A: Normal value
FR,1993Q3,10.052727410774,"France - Central bank, assets, total, BIS-spliced, GDP",A: Normal value
FR,1993Q4,9.9368581531665,"France - Central bank, assets, total, BIS-spliced, GDP",A: Normal value
FR,1994Q1,7.9351835093485,"France - Central bank, assets, total, BIS-spliced, GDP",A: Normal value
FR,1994Q2,8.0010432374999,"France - Central bank, assets, total, BIS-spliced, GDP",A: Normal value
FR,1994Q3,8.733490471838,"France - Central bank, assets, total, BIS-spliced, GDP",A: Normal value
FR,1994Q4,8.2566777461156,"France - Central bank, assets, total, BIS-spliced, GDP",A: Normal value
FR,1995Q1,7.1753145906919,"France - Central bank, assets, total, BIS-spliced, GDP",A: Normal value
FR,1995Q2,7.1616384172236,"France - Central bank, assets, total, BIS-spliced, GDP",A: Normal value
FR,1995Q3,7.032471752305,"France - Central bank, assets, total, BIS-spliced, GDP",A: Normal value
FR,1995Q4,7.398726062721,"France - Central bank, assets, total, BIS-spliced, GDP",A: Normal value
FR,1996Q1,6.3083546820298,"France - Central bank, assets, total, BIS-spliced, GDP",A: Normal value
FR,1996Q2,6.1664163200949,"France - Central bank, assets, total, BIS-spliced, GDP",A: Normal value
FR,1996Q3,6.4963281361904,"France - Central bank, assets, total, BIS-spliced, GDP",A: Normal value
FR,1996Q4,6.542816914549,"France - Central bank, assets, total, BIS-spliced, GDP",A: Normal value
FR,1997Q1,6.3908982047001,"France - Central bank, assets, total, BIS-spliced, GDP",A: Normal value
FR,1997Q2,6.3336800929412,"France - Central bank, assets, total, BIS-spliced, GDP",A: Normal value
FR,1997Q3,6.5710635806373,"France - Central bank, assets, total, BIS-spliced, GDP",A: Normal value
FR,1997Q4,7.0841143897007,"France - Central bank, assets, total, BIS-spliced, GDP",A: Normal value
FR,1998Q1,6.1731481894893,"France - Central bank, assets, total, BIS-spliced, GDP",A: Normal value
FR,1998Q2,6.253899197363,"France - Central bank, assets, total, BIS-spliced, GDP",A: Normal value
FR,1998Q3,6.2936507182875,"France - Central bank, assets, total, BIS-spliced, GDP",A: Normal value
FR,1998Q4,8.1471641583942,"France - Central bank, assets, total, BIS-spliced, GDP",A: Normal value
FR,1999Q1,13.102989415842,"France - Central bank, assets, total, BIS-spliced, GDP",A: Normal value
FR,1999Q2,15.037055281844,"France - Central bank, assets, total, BIS-spliced, GDP",A: Normal value
FR,1999Q3,10.114427567712,"France - Central bank, assets, total, BIS-spliced, GDP",A: Normal value
FR,1999Q4,10.972738626092,"France - Central bank, assets, total, BIS-spliced, GDP",A: Normal value
FR,2000Q1,9.3215302011789,"France - Central bank, assets, total, BIS-spliced, GDP",A: Normal value
FR,2000Q2,12.021698302791,"France - Central bank, assets, total, BIS-spliced, GDP",A: Normal value
FR,2000Q3,10.071419379224,"France - Central bank, assets, total, BIS-spliced, GDP",A: Normal value
FR,2000Q4,8.7060506255844,"France - Central bank, assets, total, BIS-spliced, GDP",A: Normal value
FR,2001Q1,8.0604118887125,"France - Central bank, assets, total, BIS-spliced, GDP",A: Normal value
FR,2001Q2,8.0410529946431,"France - Central bank, assets, total, BIS-spliced, GDP",A: Normal value
FR,2001Q3,7.6148933108845,"France - Central bank, assets, total, BIS-spliced, GDP",A: Normal value
FR,2001Q4,8.3958596954293,"France - Central bank, assets, total, BIS-spliced, GDP",A: Normal value
FR,2002Q1,9.1712038699955,"France - Central bank, assets, total, BIS-spliced, GDP",A: Normal value
FR,2002Q2,9.183420047779,"France - Central bank, assets, total, BIS-spliced, GDP",A: Normal value
FR,2002Q3,8.8666233460469,"France - Central bank, assets, total, BIS-spliced, GDP",A: Normal value
FR,2002Q4,9.7439368464313,"France - Central bank, assets, total, BIS-spliced, GDP",A: Normal value
FR,2003Q1,8.6686648454893,"France - Central bank, assets, total, BIS-spliced, GDP",A: Normal value
FR,2003Q2,9.0023356179497,"France - Central bank, assets, total, BIS-spliced, GDP",A: Normal value
FR,2003Q3,9.3031377120309,"France - Central bank, assets, total, BIS-spliced, GDP",A: Normal value
FR,2003Q4,9.7426712704401,"France - Central bank, assets, total, BIS-spliced, GDP",A: Normal value
FR,2004Q1,9.6388116649798,"France - Central bank, assets, total, BIS-spliced, GDP",A: Normal value
FR,2004Q2,9.7495903759567,"France - Central bank, assets, total, BIS-spliced, GDP",A: Normal value
FR,2004Q3,9.8694351948933,"France - Central bank, assets, total, BIS-spliced, GDP",A: Normal value
FR,2004Q4,10.289042685189,"France - Central bank, assets, total, BIS-spliced, GDP",A: Normal value
FR,2005Q1,9.9333476084433,"France - Central bank, assets, total, BIS-spliced, GDP",A: Normal value
FR,2005Q2,10.927627041612,"France - Central bank, assets, total, BIS-spliced, GDP",A: Normal value
FR,2005Q3,11.084829788486,"France - Central bank, assets, total, BIS-spliced, GDP",A: Normal value
FR,2005Q4,11.883572281731,"France - Central bank, assets, total, BIS-spliced, GDP",A: Normal value
FR,2006Q1,11.87719940635,"France - Central bank, assets, total, BIS-spliced, GDP",A: Normal value
FR,2006Q2,12.208934035743,"France - Central bank, assets, total, BIS-spliced, GDP",A: Normal value
FR,2006Q3,12.709669471713,"France - Central bank, assets, total, BIS-spliced, GDP",A: Normal value
FR,2006Q4,12.662251443065,"France - Central bank, assets, total, BIS-spliced, GDP",A: Normal value
FR,2007Q1,12.477390411075,"France - Central bank, assets, total, BIS-spliced, GDP",A: Normal value
FR,2007Q2,13.164067939739,"France - Central bank, assets, total, BIS-spliced, GDP",A: Normal value
FR,2007Q3,15.168563524501,"France - Central bank, assets, total, BIS-spliced, GDP",A: Normal value
FR,2007Q4,18.704305255882,"France - Central bank, assets, total, BIS-spliced, GDP",A: Normal value
FR,2008Q1,19.643283335265,"France - Central bank, assets, total, BIS-spliced, GDP",A: Normal value
FR,2008Q2,20.826055168095,"France - Central bank, assets, total, BIS-spliced, GDP",A: Normal value
FR,2008Q3,22.504588910752,"France - Central bank, assets, total, BIS-spliced, GDP",A: Normal value
FR,2008Q4,27.901354837722,"France - Central bank, assets, total, BIS-spliced, GDP",A: Normal value
FR,2009Q1,23.017415825288,"France - Central bank, assets, total, BIS-spliced, GDP",A: Normal value
FR,2009Q2,24.457383154978,"France - Central bank, assets, total, BIS-spliced, GDP",A: Normal value
FR,2009Q3,23.704919110443,"France - Central bank, assets, total, BIS-spliced, GDP",A: Normal value
FR,2009Q4,26.240362160731,"France - Central bank, assets, total, BIS-spliced, GDP",A: Normal value
FR,2010Q1,26.057134990552,"France - Central bank, assets, total, BIS-spliced, GDP",A: Normal value
FR,2010Q2,28.263028824297,"France - Central bank, assets, total, BIS-spliced, GDP",A: Normal value
FR,2010Q3,22.433532169691,"France - Central bank, assets, total, BIS-spliced, GDP",A: Normal value
FR,2010Q4,24.248453016346,"France - Central bank, assets, total, BIS-spliced, GDP",A: Normal value
FR,2011Q1,23.3159141873,"France - Central bank, assets, total, BIS-spliced, GDP",A: Normal value
FR,2011Q2,24.009134440503,"France - Central bank, assets, total, BIS-spliced, GDP",A: Normal value
FR,2011Q3,30.783233697376,"France - Central bank, assets, total, BIS-spliced, GDP",A: Normal value
FR,2011Q4,34.494106230203,"France - Central bank, assets, total, BIS-spliced, GDP",A: Normal value
FR,2012Q1,34.774265346389,"France - Central bank, assets, total, BIS-spliced, GDP",A: Normal value
FR,2012Q2,35.080793145867,"France - Central bank, assets, total, BIS-spliced, GDP",A: Normal value
FR,2012Q3,35.616457714777,"France - Central bank, assets, total, BIS-spliced, GDP",A: Normal value
FR,2012Q4,35.174962593834,"France - Central bank, assets, total, BIS-spliced, GDP",A: Normal value
FR,2013Q1,31.980584010146,"France - Central bank, assets, total, BIS-spliced, GDP",A: Normal value
FR,2013Q2,29.016090391632,"France - Central bank, assets, total, BIS-spliced, GDP",A: Normal value
FR,2013Q3,28.118073738029,"France - Central bank, assets, total, BIS-spliced, GDP",A: Normal value
FR,2013Q4,26.051335569697,"France - Central bank, assets, total, BIS-spliced, GDP",A: Normal value
FR,2014Q1,24.891425376948,"France - Central bank, assets, total, BIS-spliced, GDP",A: Normal value
FR,2014Q2,25.164040296941,"France - Central bank, assets, total, BIS-spliced, GDP",A: Normal value
FR,2014Q3,24.961404615303,"France - Central bank, assets, total, BIS-spliced, GDP",A: Normal value
FR,2014Q4,26.914192782698,"France - Central bank, assets, total, BIS-spliced, GDP",A: Normal value
FR,2015Q1,27.932762403568,"France - Central bank, assets, total, BIS-spliced, GDP",A: Normal value
FR,2015Q2,29.566698996585,"France - Central bank, assets, total, BIS-spliced, GDP",A: Normal value
FR,2015Q3,30.769106339563,"France - Central bank, assets, total, BIS-spliced, GDP",A: Normal value
FR,2015Q4,32.312581294633,"France - Central bank, assets, total, BIS-spliced, GDP",A: Normal value
FR,2016Q1,33.246440841097,"France - Central bank, assets, total, BIS-spliced, GDP",A: Normal value
FR,2016Q2,35.015090497941,"France - Central bank, assets, total, BIS-spliced, GDP",A: Normal value
FR,2016Q3,36.34102867829,"France - Central bank, assets, total, BIS-spliced, GDP",A: Normal value
FR,2016Q4,37.98519015325,"France - Central bank, assets, total, BIS-spliced, GDP",A: Normal value
FR,2017Q1,42.435368158546,"France - Central bank, assets, total, BIS-spliced, GDP",A: Normal value
FR,2017Q2,43.355167833321,"France - Central bank, assets, total, BIS-spliced, GDP",A: Normal value
FR,2017Q3,43.673823652525,"France - Central bank, assets, total, BIS-spliced, GDP",A: Normal value
FR,2017Q4,46.032993375174,"France - Central bank, assets, total, BIS-spliced, GDP",A: Normal value
FR,2018Q1,45.334868972404,"France - Central bank, assets, total, BIS-spliced, GDP",A: Normal value
FR,2018Q2,46.025479668656,"France - Central bank, assets, total, BIS-spliced, GDP",A: Normal value
FR,2018Q3,45.810287421547,"France - Central bank, assets, total, BIS-spliced, GDP",A: Normal value
FR,2018Q4,46.528036766581,"France - Central bank, assets, total, BIS-spliced, GDP",A: Normal value
FR,2019Q1,46.28376616933,"France - Central bank, assets, total, BIS-spliced, GDP",A: Normal value
FR,2019Q2,46.167432532168,"France - Central bank, assets, total, BIS-spliced, GDP",A: Normal value
FR,2019Q3,46.276874401662,"France - Central bank, assets, total, BIS-spliced, GDP",A: Normal value
FR,2019Q4,46.409791894726,"France - Central bank, assets, total, BIS-spliced, GDP",A: Normal value
FR,2020Q1,53.190542613283,"France - Central bank, assets, total, BIS-spliced, GDP",A: Normal value
FR,2020Q2,67.072477727356,"France - Central bank, assets, total, BIS-spliced, GDP",A: Normal value
FR,2020Q3,70.934101687106,"France - Central bank, assets, total, BIS-spliced, GDP",A: Normal value
FR,2020Q4,75.149844922535,"France - Central bank, assets, total, BIS-spliced, GDP",A: Normal value
FR,2021Q1,76.476907746934,"France - Central bank, assets, total, BIS-spliced, GDP",A: Normal value
FR,2021Q2,76.54576348751,"France - Central bank, assets, total, BIS-spliced, GDP",A: Normal value
FR,2021Q3,79.165062564063,"France - Central bank, assets, total, BIS-spliced, GDP",A: Normal value
FR,2021Q4,81.393686994096,"France - Central bank, assets, total, BIS-spliced, GDP",A: Normal value
FR,2022Q1,80.488253074257,"France - Central bank, assets, total, BIS-spliced, GDP",A: Normal value
FR,2022Q2,78.940435371486,"France - Central bank, assets, total, BIS-spliced, GDP",A: Normal value
FR,2022Q3,77.767808057352,"France - Central bank, assets, total, BIS-spliced, GDP",A: Normal value
FR,2022Q4,71.068822257263,"France - Central bank, assets, total, BIS-spliced, GDP",A: Normal value
FR,2023Q1,66.317487303721,"France - Central bank, assets, total, BIS-spliced, GDP",A: Normal value
FR,2023Q2,60.935034388847,"France - Central bank, assets, total, BIS-spliced, GDP",A: Normal value
FR,2023Q3,58.651938620477,"France - Central bank, assets, total, BIS-spliced, GDP",A: Normal value
FR,2023Q4,56.351082345609,"France - Central bank, assets, total, BIS-spliced, GDP",A: Normal value
FR,2024Q1,53.324825240752,"France - Central bank, assets, total, BIS-spliced, GDP",A: Normal value
FR,2024Q2,51.864020862659,"France - Central bank, assets, total, BIS-spliced, GDP",A: Normal value
FR,2024Q3,51.314047698989,"France - Central bank, assets, total, BIS-spliced, GDP",A: Normal value
FR,2024Q4,51.695039996057,"France - Central bank, assets, total, BIS-spliced, GDP",A: Normal value
FR,2025Q1,51.672200189185,"France - Central bank, assets, total, BIS-spliced, GDP",A: Normal value
FR,2025Q2,50.094664896427,"France - Central bank, assets, total, BIS-spliced, GDP",A: Normal value
FR,2025Q3,50.591258790657,"France - Central bank, assets, total, BIS-spliced, GDP",A: Normal value
FR,2025Q4,50.921772255652,"France - Central bank, assets, total, BIS-spliced, GDP",A: Normal value
FR,2026Q1,50.328062755021,"France - Central bank, assets, total, BIS-spliced, GDP",A: Normal value
GB,1955Q4,11.335123412163,"United Kingdom - Central bank, assets, total, BIS-spliced, GDP",A: Normal value
GB,1956Q1,10.863661166858,"United Kingdom - Central bank, assets, total, BIS-spliced, GDP",A: Normal value
GB,1956Q2,10.780793238256,"United Kingdom - Central bank, assets, total, BIS-spliced, GDP",A: Normal value
GB,1956Q3,10.487871136992,"United Kingdom - Central bank, assets, total, BIS-spliced, GDP",A: Normal value
GB,1956Q4,10.698824289991,"United Kingdom - Central bank, assets, total, BIS-spliced, GDP",A: Normal value
GB,1957Q1,10.213217379656,"United Kingdom - Central bank, assets, total, BIS-spliced, GDP",A: Normal value
GB,1957Q2,10.369555888986,"United Kingdom - Central bank, assets, total, BIS-spliced, GDP",A: Normal value
GB,1957Q3,10.136420655313,"United Kingdom - Central bank, assets, total, BIS-spliced, GDP",A: Normal value
GB,1957Q4,10.648292750124,"United Kingdom - Central bank, assets, total, BIS-spliced, GDP",A: Normal value
GB,1958Q1,9.9710600771214,"United Kingdom - Central bank, assets, total, BIS-spliced, GDP",A: Normal value
GB,1958Q2,10.070878423878,"United Kingdom - Central bank, assets, total, BIS-spliced, GDP",A: Normal value
GB,1958Q3,9.8953946538744,"United Kingdom - Central bank, assets, total, BIS-spliced, GDP",A: Normal value
GB,1958Q4,10.223316528337,"United Kingdom - Central bank, assets, total, BIS-spliced, GDP",A: Normal value
GB,1959Q1,9.9829354514661,"United Kingdom - Central bank, assets, total, BIS-spliced, GDP",A: Normal value
GB,1959Q2,9.9881309640146,"United Kingdom - Central bank, assets, total, BIS-spliced, GDP",A: Normal value
GB,1959Q3,9.9512655115891,"United Kingdom - Central bank, assets, total, BIS-spliced, GDP",A: Normal value
GB,1959Q4,10.262437711253,"United Kingdom - Central bank, assets, total, BIS-spliced, GDP",A: Normal value
GB,1960Q1,9.7198743209224,"United Kingdom - Central bank, assets, total, BIS-spliced, GDP",A: Normal value
GB,1960Q2,10.184719773455,"United Kingdom - Central bank, assets, total, BIS-spliced, GDP",A: Normal value
GB,1960Q3,10.235969797257,"United Kingdom - Central bank, assets, total, BIS-spliced, GDP",A: Normal value
GB,1960Q4,10.561862349019,"United Kingdom - Central bank, assets, total, BIS-spliced, GDP",A: Normal value
GB,1961Q1,10.129847554205,"United Kingdom - Central bank, assets, total, BIS-spliced, GDP",A: Normal value
GB,1961Q2,10.235609451058,"United Kingdom - Central bank, assets, total, BIS-spliced, GDP",A: Normal value
GB,1961Q3,10.177580541617,"United Kingdom - Central bank, assets, total, BIS-spliced, GDP",A: Normal value
GB,1961Q4,10.465059414958,"United Kingdom - Central bank, assets, total, BIS-spliced, GDP",A: Normal value
GB,1962Q1,9.9462507563165,"United Kingdom - Central bank, assets, total, BIS-spliced, GDP",A: Normal value
GB,1962Q2,9.5398355003394,"United Kingdom - Central bank, assets, total, BIS-spliced, GDP",A: Normal value
GB,1962Q3,9.4125253673049,"United Kingdom - Central bank, assets, total, BIS-spliced, GDP",A: Normal value
GB,1962Q4,9.2064945912551,"United Kingdom - Central bank, assets, total, BIS-spliced, GDP",A: Normal value
GB,1963Q1,8.7903074149181,"United Kingdom - Central bank, assets, total, BIS-spliced, GDP",A: Normal value
GB,1963Q2,8.911231802384,"United Kingdom - Central bank, assets, total, BIS-spliced, GDP",A: Normal value
GB,1963Q3,8.7914381633429,"United Kingdom - Central bank, assets, total, BIS-spliced, GDP",A: Normal value
GB,1963Q4,9.0537949783963,"United Kingdom - Central bank, assets, total, BIS-spliced, GDP",A: Normal value
GB,1964Q1,8.7630629842883,"United Kingdom - Central bank, assets, total, BIS-spliced, GDP",A: Normal value
GB,1964Q2,8.7297201763375,"United Kingdom - Central bank, assets, total, BIS-spliced, GDP",A: Normal value
GB,1964Q3,8.6118954860757,"United Kingdom - Central bank, assets, total, BIS-spliced, GDP",A: Normal value
GB,1964Q4,8.8776808606537,"United Kingdom - Central bank, assets, total, BIS-spliced, GDP",A: Normal value
GB,1965Q1,8.5054566551258,"United Kingdom - Central bank, assets, total, BIS-spliced, GDP",A: Normal value
GB,1965Q2,8.9489272321406,"United Kingdom - Central bank, assets, total, BIS-spliced, GDP",A: Normal value
GB,1965Q3,8.6923723323941,"United Kingdom - Central bank, assets, total, BIS-spliced, GDP",A: Normal value
GB,1965Q4,8.9798279606486,"United Kingdom - Central bank, assets, total, BIS-spliced, GDP",A: Normal value
GB,1966Q1,8.7415063182702,"United Kingdom - Central bank, assets, total, BIS-spliced, GDP",A: Normal value
GB,1966Q2,8.8521499660361,"United Kingdom - Central bank, assets, total, BIS-spliced, GDP",A: Normal value
GB,1966Q3,8.76201772829,"United Kingdom - Central bank, assets, total, BIS-spliced, GDP",A: Normal value
GB,1966Q4,8.9318811179962,"United Kingdom - Central bank, assets, total, BIS-spliced, GDP",A: Normal value
GB,1967Q1,8.647424820784,"United Kingdom - Central bank, assets, total, BIS-spliced, GDP",A: Normal value
GB,1967Q2,8.5538783490008,"United Kingdom - Central bank, assets, total, BIS-spliced, GDP",A: Normal value
GB,1967Q3,8.4777307870292,"United Kingdom - Central bank, assets, total, BIS-spliced, GDP",A: Normal value
GB,1967Q4,8.9600244269659,"United Kingdom - Central bank, assets, total, BIS-spliced, GDP",A: Normal value
GB,1968Q1,8.4821789555416,"United Kingdom - Central bank, assets, total, BIS-spliced, GDP",A: Normal value
GB,1968Q2,8.4760416502693,"United Kingdom - Central bank, assets, total, BIS-spliced, GDP",A: Normal value
GB,1968Q3,8.3819686040522,"United Kingdom - Central bank, assets, total, BIS-spliced, GDP",A: Normal value
GB,1968Q4,8.5508145537288,"United Kingdom - Central bank, assets, total, BIS-spliced, GDP",A: Normal value
GB,1969Q1,8.0740096313269,"United Kingdom - Central bank, assets, total, BIS-spliced, GDP",A: Normal value
GB,1969Q2,7.9204061253837,"United Kingdom - Central bank, assets, total, BIS-spliced, GDP",A: Normal value
GB,1969Q3,7.7270403111494,"United Kingdom - Central bank, assets, total, BIS-spliced, GDP",A: Normal value
GB,1969Q4,7.925680443549,"United Kingdom - Central bank, assets, total, BIS-spliced, GDP",A: Normal value
GB,1970Q1,7.402122000067,"United Kingdom - Central bank, assets, total, BIS-spliced, GDP",A: Normal value
GB,1970Q2,7.3522715036657,"United Kingdom - Central bank, assets, total, BIS-spliced, GDP",A: Normal value
GB,1970Q3,7.4088712486197,"United Kingdom - Central bank, assets, total, BIS-spliced, GDP",A: Normal value
GB,1970Q4,7.7592458500058,"United Kingdom - Central bank, assets, total, BIS-spliced, GDP",A: Normal value
GB,1971Q1,7.5668195688958,"United Kingdom - Central bank, assets, total, BIS-spliced, GDP",A: Normal value
GB,1971Q2,7.6084220729599,"United Kingdom - Central bank, assets, total, BIS-spliced, GDP",A: Normal value
GB,1971Q3,6.5636918286089,"United Kingdom - Central bank, assets, total, BIS-spliced, GDP",A: Normal value
GB,1971Q4,6.8279253076421,"United Kingdom - Central bank, assets, total, BIS-spliced, GDP",A: Normal value
GB,1972Q1,6.6534132693412,"United Kingdom - Central bank, assets, total, BIS-spliced, GDP",A: Normal value
GB,1972Q2,6.5545612194506,"United Kingdom - Central bank, assets, total, BIS-spliced, GDP",A: Normal value
GB,1972Q3,6.4237943240888,"United Kingdom - Central bank, assets, total, BIS-spliced, GDP",A: Normal value
GB,1972Q4,7.2191134082317,"United Kingdom - Central bank, assets, total, BIS-spliced, GDP",A: Normal value
GB,1973Q1,7.3250824781249,"United Kingdom - Central bank, assets, total, BIS-spliced, GDP",A: Normal value
GB,1973Q2,7.3549386025525,"United Kingdom - Central bank, assets, total, BIS-spliced, GDP",A: Normal value
GB,1973Q3,7.5297294258213,"United Kingdom - Central bank, assets, total, BIS-spliced, GDP",A: Normal value
GB,1973Q4,8.4487216158425,"United Kingdom - Central bank, assets, total, BIS-spliced, GDP",A: Normal value
GB,1974Q1,7.873348628911,"United Kingdom - Central bank, assets, total, BIS-spliced, GDP",A: Normal value
GB,1974Q2,7.2079727400749,"United Kingdom - Central bank, assets, total, BIS-spliced, GDP",A: Normal value
GB,1974Q3,7.2239161578569,"United Kingdom - Central bank, assets, total, BIS-spliced, GDP",A: Normal value
GB,1974Q4,7.8268045181336,"United Kingdom - Central bank, assets, total, BIS-spliced, GDP",A: Normal value
GB,1975Q1,7.1192048484506,"United Kingdom - Central bank, assets, total, BIS-spliced, GDP",A: Normal value
GB,1975Q2,6.9093753430435,"United Kingdom - Central bank, assets, total, BIS-spliced, GDP",A: Normal value
GB,1975Q3,6.6811332940339,"United Kingdom - Central bank, assets, total, BIS-spliced, GDP",A: Normal value
GB,1975Q4,6.8395070935647,"United Kingdom - Central bank, assets, total, BIS-spliced, GDP",A: Normal value
GB,1976Q1,6.3253041018683,"United Kingdom - Central bank, assets, total, BIS-spliced, GDP",A: Normal value
GB,1976Q2,6.3324484380564,"United Kingdom - Central bank, assets, total, BIS-spliced, GDP",A: Normal value
GB,1976Q3,6.4194979807552,"United Kingdom - Central bank, assets, total, BIS-spliced, GDP",A: Normal value
GB,1976Q4,7.0705668864744,"United Kingdom - Central bank, assets, total, BIS-spliced, GDP",A: Normal value
GB,1977Q1,5.8359576902293,"United Kingdom - Central bank, assets, total, BIS-spliced, GDP",A: Normal value
GB,1977Q2,6.0709441828024,"United Kingdom - Central bank, assets, total, BIS-spliced, GDP",A: Normal value
GB,1977Q3,5.880628206806,"United Kingdom - Central bank, assets, total, BIS-spliced, GDP",A: Normal value
GB,1977Q4,6.3648634147613,"United Kingdom - Central bank, assets, total, BIS-spliced, GDP",A: Normal value
GB,1978Q1,6.1670089165147,"United Kingdom - Central bank, assets, total, BIS-spliced, GDP",A: Normal value
GB,1978Q2,5.4602182778476,"United Kingdom - Central bank, assets, total, BIS-spliced, GDP",A: Normal value
GB,1978Q3,5.7417558768225,"United Kingdom - Central bank, assets, total, BIS-spliced, GDP",A: Normal value
GB,1978Q4,6.0607979210783,"United Kingdom - Central bank, assets, total, BIS-spliced, GDP",A: Normal value
GB,1979Q1,5.0281434357728,"United Kingdom - Central bank, assets, total, BIS-spliced, GDP",A: Normal value
GB,1979Q2,5.2959031890623,"United Kingdom - Central bank, assets, total, BIS-spliced, GDP",A: Normal value
GB,1979Q3,5.2601801678645,"United Kingdom - Central bank, assets, total, BIS-spliced, GDP",A: Normal value
GB,1979Q4,5.5539451215056,"United Kingdom - Central bank, assets, total, BIS-spliced, GDP",A: Normal value
GB,1980Q1,4.6221477112115,"United Kingdom - Central bank, assets, total, BIS-spliced, GDP",A: Normal value
GB,1980Q2,4.5522015224847,"United Kingdom - Central bank, assets, total, BIS-spliced, GDP",A: Normal value
GB,1980Q3,4.3784883109399,"United Kingdom - Central bank, assets, total, BIS-spliced, GDP",A: Normal value
GB,1980Q4,4.5156885963609,"United Kingdom - Central bank, assets, total, BIS-spliced, GDP",A: Normal value
GB,1981Q1,4.4453352862231,"United Kingdom - Central bank, assets, total, BIS-spliced, GDP",A: Normal value
GB,1981Q2,4.451195097582,"United Kingdom - Central bank, assets, total, BIS-spliced, GDP",A: Normal value
GB,1981Q3,4.4121675071689,"United Kingdom - Central bank, assets, total, BIS-spliced, GDP",A: Normal value
GB,1981Q4,4.6140797777276,"United Kingdom - Central bank, assets, total, BIS-spliced, GDP",A: Normal value
GB,1982Q1,4.2023857047146,"United Kingdom - Central bank, assets, total, BIS-spliced, GDP",A: Normal value
GB,1982Q2,4.2365839753498,"United Kingdom - Central bank, assets, total, BIS-spliced, GDP",A: Normal value
GB,1982Q3,4.1568345027246,"United Kingdom - Central bank, assets, total, BIS-spliced, GDP",A: Normal value
GB,1982Q4,4.4764811009312,"United Kingdom - Central bank, assets, total, BIS-spliced, GDP",A: Normal value
GB,1983Q1,4.2235661236375,"United Kingdom - Central bank, assets, total, BIS-spliced, GDP",A: Normal value
GB,1983Q2,4.0225610419358,"United Kingdom - Central bank, assets, total, BIS-spliced, GDP",A: Normal value
GB,1983Q3,3.8332959692312,"United Kingdom - Central bank, assets, total, BIS-spliced, GDP",A: Normal value
GB,1983Q4,4.082269137873,"United Kingdom - Central bank, assets, total, BIS-spliced, GDP",A: Normal value
GB,1984Q1,3.9399166760124,"United Kingdom - Central bank, assets, total, BIS-spliced, GDP",A: Normal value
GB,1984Q2,3.7877626807084,"United Kingdom - Central bank, assets, total, BIS-spliced, GDP",A: Normal value
GB,1984Q3,3.7576548880088,"United Kingdom - Central bank, assets, total, BIS-spliced, GDP",A: Normal value
GB,1984Q4,4.1105716372225,"United Kingdom - Central bank, assets, total, BIS-spliced, GDP",A: Normal value
GB,1985Q1,4.9609755371955,"United Kingdom - Central bank, assets, total, BIS-spliced, GDP",A: Normal value
GB,1985Q2,4.7606910114952,"United Kingdom - Central bank, assets, total, BIS-spliced, GDP",A: Normal value
GB,1985Q3,4.0828198399047,"United Kingdom - Central bank, assets, total, BIS-spliced, GDP",A: Normal value
GB,1985Q4,3.6971401299047,"United Kingdom - Central bank, assets, total, BIS-spliced, GDP",A: Normal value
GB,1986Q1,3.7674605050369,"United Kingdom - Central bank, assets, total, BIS-spliced, GDP",A: Normal value
GB,1986Q2,3.3098839237001,"United Kingdom - Central bank, assets, total, BIS-spliced, GDP",A: Normal value
GB,1986Q3,3.356521503492,"United Kingdom - Central bank, assets, total, BIS-spliced, GDP",A: Normal value
GB,1986Q4,3.4939117475579,"United Kingdom - Central bank, assets, total, BIS-spliced, GDP",A: Normal value
GB,1987Q1,3.2667450906316,"United Kingdom - Central bank, assets, total, BIS-spliced, GDP",A: Normal value
GB,1987Q2,3.2419602131495,"United Kingdom - Central bank, assets, total, BIS-spliced, GDP",A: Normal value
GB,1987Q3,3.2622282048107,"United Kingdom - Central bank, assets, total, BIS-spliced, GDP",A: Normal value
GB,1987Q4,3.4346054971845,"United Kingdom - Central bank, assets, total, BIS-spliced, GDP",A: Normal value
GB,1988Q1,3.2123918452971,"United Kingdom - Central bank, assets, total, BIS-spliced, GDP",A: Normal value
GB,1988Q2,3.2929776250764,"United Kingdom - Central bank, assets, total, BIS-spliced, GDP",A: Normal value
GB,1988Q3,3.172089922121,"United Kingdom - Central bank, assets, total, BIS-spliced, GDP",A: Normal value
GB,1988Q4,3.3658301219499,"United Kingdom - Central bank, assets, total, BIS-spliced, GDP",A: Normal value
GB,1989Q1,3.0637045593876,"United Kingdom - Central bank, assets, total, BIS-spliced, GDP",A: Normal value
GB,1989Q2,2.9975059099304,"United Kingdom - Central bank, assets, total, BIS-spliced, GDP",A: Normal value
GB,1989Q3,3.026136995738,"United Kingdom - Central bank, assets, total, BIS-spliced, GDP",A: Normal value
GB,1989Q4,3.3886846711667,"United Kingdom - Central bank, assets, total, BIS-spliced, GDP",A: Normal value
GB,1990Q1,2.896638975773,"United Kingdom - Central bank, assets, total, BIS-spliced, GDP",A: Normal value
GB,1990Q2,2.9004124467931,"United Kingdom - Central bank, assets, total, BIS-spliced, GDP",A: Normal value
GB,1990Q3,2.8983939040219,"United Kingdom - Central bank, assets, total, BIS-spliced, GDP",A: Normal value
GB,1990Q4,3.7024967196036,"United Kingdom - Central bank, assets, total, BIS-spliced, GDP",A: Normal value
GB,1991Q1,2.8972052430453,"United Kingdom - Central bank, assets, total, BIS-spliced, GDP",A: Normal value
GB,1991Q2,2.8791682566051,"United Kingdom - Central bank, assets, total, BIS-spliced, GDP",A: Normal value
GB,1991Q3,2.9350942259323,"United Kingdom - Central bank, assets, total, BIS-spliced, GDP",A: Normal value
GB,1991Q4,3.2295976531948,"United Kingdom - Central bank, assets, total, BIS-spliced, GDP",A: Normal value
GB,1992Q1,2.7991654255907,"United Kingdom - Central bank, assets, total, BIS-spliced, GDP",A: Normal value
GB,1992Q2,2.8407881381675,"United Kingdom - Central bank, assets, total, BIS-spliced, GDP",A: Normal value
GB,1992Q3,3.0431381458315,"United Kingdom - Central bank, assets, total, BIS-spliced, GDP",A: Normal value
GB,1992Q4,3.1706023347185,"United Kingdom - Central bank, assets, total, BIS-spliced, GDP",A: Normal value
GB,1993Q1,3.009603536128,"United Kingdom - Central bank, assets, total, BIS-spliced, GDP",A: Normal value
GB,1993Q2,2.8773922765654,"United Kingdom - Central bank, assets, total, BIS-spliced, GDP",A: Normal value
GB,1993Q3,2.9570992878002,"United Kingdom - Central bank, assets, total, BIS-spliced, GDP",A: Normal value
GB,1993Q4,3.8317005143456,"United Kingdom - Central bank, assets, total, BIS-spliced, GDP",A: Normal value
GB,1994Q1,2.6499819107483,"United Kingdom - Central bank, assets, total, BIS-spliced, GDP",A: Normal value
GB,1994Q2,2.4900412031906,"United Kingdom - Central bank, assets, total, BIS-spliced, GDP",A: Normal value
GB,1994Q3,2.5747579743424,"United Kingdom - Central bank, assets, total, BIS-spliced, GDP",A: Normal value
GB,1994Q4,2.8566050147976,"United Kingdom - Central bank, assets, total, BIS-spliced, GDP",A: Normal value
GB,1995Q1,2.6022011131126,"United Kingdom - Central bank, assets, total, BIS-spliced, GDP",A: Normal value
GB,1995Q2,2.6198635108117,"United Kingdom - Central bank, assets, total, BIS-spliced, GDP",A: Normal value
GB,1995Q3,2.7387598260575,"United Kingdom - Central bank, assets, total, BIS-spliced, GDP",A: Normal value
GB,1995Q4,3.0686687772573,"United Kingdom - Central bank, assets, total, BIS-spliced, GDP",A: Normal value
GB,1996Q1,2.7609053722757,"United Kingdom - Central bank, assets, total, BIS-spliced, GDP",A: Normal value
GB,1996Q2,2.835847046259,"United Kingdom - Central bank, assets, total, BIS-spliced, GDP",A: Normal value
GB,1996Q3,2.8114035937337,"United Kingdom - Central bank, assets, total, BIS-spliced, GDP",A: Normal value
GB,1996Q4,2.9233001192309,"United Kingdom - Central bank, assets, total, BIS-spliced, GDP",A: Normal value
GB,1997Q1,2.8106969689404,"United Kingdom - Central bank, assets, total, BIS-spliced, GDP",A: Normal value
GB,1997Q2,2.7676385548681,"United Kingdom - Central bank, assets, total, BIS-spliced, GDP",A: Normal value
GB,1997Q3,2.6496380143368,"United Kingdom - Central bank, assets, total, BIS-spliced, GDP",A: Normal value
GB,1997Q4,2.9193041846362,"United Kingdom - Central bank, assets, total, BIS-spliced, GDP",A: Normal value
GB,1998Q1,2.1680847293485,"United Kingdom - Central bank, assets, total, BIS-spliced, GDP",A: Normal value
GB,1998Q2,2.1054629147201,"United Kingdom - Central bank, assets, total, BIS-spliced, GDP",A: Normal value
GB,1998Q3,2.1179616307313,"United Kingdom - Central bank, assets, total, BIS-spliced, GDP",A: Normal value
GB,1998Q4,2.6292202265978,"United Kingdom - Central bank, assets, total, BIS-spliced, GDP",A: Normal value
GB,1999Q1,6.3801567921328,"United Kingdom - Central bank, assets, total, BIS-spliced, GDP",A: Normal value
GB,1999Q2,9.9098857762255,"United Kingdom - Central bank, assets, total, BIS-spliced, GDP",A: Normal value
GB,1999Q3,4.9867176431265,"United Kingdom - Central bank, assets, total, BIS-spliced, GDP",A: Normal value
GB,1999Q4,3.8907492336726,"United Kingdom - Central bank, assets, total, BIS-spliced, GDP",A: Normal value
GB,2000Q1,4.3425800856734,"United Kingdom - Central bank, assets, total, BIS-spliced, GDP",A: Normal value
GB,2000Q2,4.8569607606494,"United Kingdom - Central bank, assets, total, BIS-spliced, GDP",A: Normal value
GB,2000Q3,4.4248441954534,"United Kingdom - Central bank, assets, total, BIS-spliced, GDP",A: Normal value
GB,2000Q4,3.5977330330649,"United Kingdom - Central bank, assets, total, BIS-spliced, GDP",A: Normal value
GB,2001Q1,3.2962791216188,"United Kingdom - Central bank, assets, total, BIS-spliced, GDP",A: Normal value
GB,2001Q2,3.3277118535682,"United Kingdom - Central bank, assets, total, BIS-spliced, GDP",A: Normal value
GB,2001Q3,3.3667282109572,"United Kingdom - Central bank, assets, total, BIS-spliced, GDP",A: Normal value
GB,2001Q4,3.7536601406119,"United Kingdom - Central bank, assets, total, BIS-spliced, GDP",A: Normal value
GB,2002Q1,3.5640132340925,"United Kingdom - Central bank, assets, total, BIS-spliced, GDP",A: Normal value
GB,2002Q2,3.5807505794801,"United Kingdom - Central bank, assets, total, BIS-spliced, GDP",A: Normal value
GB,2002Q3,3.6576224804531,"United Kingdom - Central bank, assets, total, BIS-spliced, GDP",A: Normal value
GB,2002Q4,3.9369616588825,"United Kingdom - Central bank, assets, total, BIS-spliced, GDP",A: Normal value
GB,2003Q1,3.7927005422647,"United Kingdom - Central bank, assets, total, BIS-spliced, GDP",A: Normal value
GB,2003Q2,3.9359492703468,"United Kingdom - Central bank, assets, total, BIS-spliced, GDP",A: Normal value
GB,2003Q3,3.9056478697695,"United Kingdom - Central bank, assets, total, BIS-spliced, GDP",A: Normal value
GB,2003Q4,4.1446475108231,"United Kingdom - Central bank, assets, total, BIS-spliced, GDP",A: Normal value
GB,2004Q1,3.8566849573047,"United Kingdom - Central bank, assets, total, BIS-spliced, GDP",A: Normal value
GB,2004Q2,3.9663934755678,"United Kingdom - Central bank, assets, total, BIS-spliced, GDP",A: Normal value
GB,2004Q3,4.0888887255367,"United Kingdom - Central bank, assets, total, BIS-spliced, GDP",A: Normal value
GB,2004Q4,4.3388640137433,"United Kingdom - Central bank, assets, total, BIS-spliced, GDP",A: Normal value
GB,2005Q1,4.267520253599,"United Kingdom - Central bank, assets, total, BIS-spliced, GDP",A: Normal value
GB,2005Q2,4.3271044335461,"United Kingdom - Central bank, assets, total, BIS-spliced, GDP",A: Normal value
GB,2005Q3,4.2700880013367,"United Kingdom - Central bank, assets, total, BIS-spliced, GDP",A: Normal value
GB,2005Q4,4.5334456285733,"United Kingdom - Central bank, assets, total, BIS-spliced, GDP",A: Normal value
GB,2006Q1,4.1963412257818,"United Kingdom - Central bank, assets, total, BIS-spliced, GDP",A: Normal value
GB,2006Q2,5.5117444242909,"United Kingdom - Central bank, assets, total, BIS-spliced, GDP",A: Normal value
GB,2006Q3,5.2910668880339,"United Kingdom - Central bank, assets, total, BIS-spliced, GDP",A: Normal value
GB,2006Q4,5.6037735614432,"United Kingdom - Central bank, assets, total, BIS-spliced, GDP",A: Normal value
GB,2007Q1,5.1574747843042,"United Kingdom - Central bank, assets, total, BIS-spliced, GDP",A: Normal value
GB,2007Q2,5.0979272510645,"United Kingdom - Central bank, assets, total, BIS-spliced, GDP",A: Normal value
GB,2007Q3,6.1957783523752,"United Kingdom - Central bank, assets, total, BIS-spliced, GDP",A: Normal value
GB,2007Q4,6.3760172286747,"United Kingdom - Central bank, assets, total, BIS-spliced, GDP",A: Normal value
GB,2008Q1,6.0792940105758,"United Kingdom - Central bank, assets, total, BIS-spliced, GDP",A: Normal value
GB,2008Q2,5.5981072573948,"United Kingdom - Central bank, assets, total, BIS-spliced, GDP",A: Normal value
GB,2008Q3,8.3338418529937,"United Kingdom - Central bank, assets, total, BIS-spliced, GDP",A: Normal value
GB,2008Q4,14.404198848724,"United Kingdom - Central bank, assets, total, BIS-spliced, GDP",A: Normal value
GB,2009Q1,11.031496736249,"United Kingdom - Central bank, assets, total, BIS-spliced, GDP",A: Normal value
GB,2009Q2,13.491479120434,"United Kingdom - Central bank, assets, total, BIS-spliced, GDP",A: Normal value
GB,2009Q3,13.974762833801,"United Kingdom - Central bank, assets, total, BIS-spliced, GDP",A: Normal value
GB,2009Q4,14.750256303114,"United Kingdom - Central bank, assets, total, BIS-spliced, GDP",A: Normal value
GB,2010Q1,15.575464698241,"United Kingdom - Central bank, assets, total, BIS-spliced, GDP",A: Normal value
GB,2010Q2,15.337819898695,"United Kingdom - Central bank, assets, total, BIS-spliced, GDP",A: Normal value
GB,2010Q3,14.841153919605,"United Kingdom - Central bank, assets, total, BIS-spliced, GDP",A: Normal value
GB,2010Q4,14.786787361499,"United Kingdom - Central bank, assets, total, BIS-spliced, GDP",A: Normal value
GB,2011Q1,14.358501430991,"United Kingdom - Central bank, assets, total, BIS-spliced, GDP",A: Normal value
GB,2011Q2,13.889605376576,"United Kingdom - Central bank, assets, total, BIS-spliced, GDP",A: Normal value
GB,2011Q3,14.191540693386,"United Kingdom - Central bank, assets, total, BIS-spliced, GDP",A: Normal value
GB,2011Q4,16.819161681503,"United Kingdom - Central bank, assets, total, BIS-spliced, GDP",A: Normal value
GB,2012Q1,19.246534787285,"United Kingdom - Central bank, assets, total, BIS-spliced, GDP",A: Normal value
GB,2012Q2,20.601379875727,"United Kingdom - Central bank, assets, total, BIS-spliced, GDP",A: Normal value
GB,2012Q3,22.636149257592,"United Kingdom - Central bank, assets, total, BIS-spliced, GDP",A: Normal value
GB,2012Q4,23.065773228794,"United Kingdom - Central bank, assets, total, BIS-spliced, GDP",A: Normal value
GB,2013Q1,22.53535721577,"United Kingdom - Central bank, assets, total, BIS-spliced, GDP",A: Normal value
GB,2013Q2,22.319333172564,"United Kingdom - Central bank, assets, total, BIS-spliced, GDP",A: Normal value
GB,2013Q3,22.039109128835,"United Kingdom - Central bank, assets, total, BIS-spliced, GDP",A: Normal value
GB,2013Q4,21.752618117102,"United Kingdom - Central bank, assets, total, BIS-spliced, GDP",A: Normal value
GB,2014Q1,21.575540029485,"United Kingdom - Central bank, assets, total, BIS-spliced, GDP",A: Normal value
GB,2014Q2,21.360344382133,"United Kingdom - Central bank, assets, total, BIS-spliced, GDP",A: Normal value
GB,2014Q3,21.080798879485,"United Kingdom - Central bank, assets, total, BIS-spliced, GDP",A: Normal value
GB,2014Q4,20.91777036115,"United Kingdom - Central bank, assets, total, BIS-spliced, GDP",A: Normal value
GB,2015Q1,20.895476643416,"United Kingdom - Central bank, assets, total, BIS-spliced, GDP",A: Normal value
GB,2015Q2,21.140466096696,"United Kingdom - Central bank, assets, total, BIS-spliced, GDP",A: Normal value
GB,2015Q3,21.128418481069,"United Kingdom - Central bank, assets, total, BIS-spliced, GDP",A: Normal value
GB,2015Q4,20.983487688899,"United Kingdom - Central bank, assets, total, BIS-spliced, GDP",A: Normal value
GB,2016Q1,21.021298807193,"United Kingdom - Central bank, assets, total, BIS-spliced, GDP",A: Normal value
GB,2016Q2,20.940735125628,"United Kingdom - Central bank, assets, total, BIS-spliced, GDP",A: Normal value
GB,2016Q3,21.769312931729,"United Kingdom - Central bank, assets, total, BIS-spliced, GDP",A: Normal value
GB,2016Q4,23.667580327771,"United Kingdom - Central bank, assets, total, BIS-spliced, GDP",A: Normal value
GB,2017Q1,25.819829044499,"United Kingdom - Central bank, assets, total, BIS-spliced, GDP",A: Normal value
GB,2017Q2,26.317967533229,"United Kingdom - Central bank, assets, total, BIS-spliced, GDP",A: Normal value
GB,2017Q3,26.536692107299,"United Kingdom - Central bank, assets, total, BIS-spliced, GDP",A: Normal value
GB,2017Q4,27.037624056967,"United Kingdom - Central bank, assets, total, BIS-spliced, GDP",A: Normal value
GB,2018Q1,27.897019449392,"United Kingdom - Central bank, assets, total, BIS-spliced, GDP",A: Normal value
GB,2018Q2,27.664088629742,"United Kingdom - Central bank, assets, total, BIS-spliced, GDP",A: Normal value
GB,2018Q3,27.549356344708,"United Kingdom - Central bank, assets, total, BIS-spliced, GDP",A: Normal value
GB,2018Q4,27.224266068755,"United Kingdom - Central bank, assets, total, BIS-spliced, GDP",A: Normal value
GB,2019Q1,27.215871218693,"United Kingdom - Central bank, assets, total, BIS-spliced, GDP",A: Normal value
GB,2019Q2,26.845922658252,"United Kingdom - Central bank, assets, total, BIS-spliced, GDP",A: Normal value
GB,2019Q3,26.353469204598,"United Kingdom - Central bank, assets, total, BIS-spliced, GDP",A: Normal value
GB,2019Q4,25.883626037024,"United Kingdom - Central bank, assets, total, BIS-spliced, GDP",A: Normal value
GB,2020Q1,26.000313504332,"United Kingdom - Central bank, assets, total, BIS-spliced, GDP",A: Normal value
GB,2020Q2,36.955962937224,"United Kingdom - Central bank, assets, total, BIS-spliced, GDP",A: Normal value
GB,2020Q3,40.448638633995,"United Kingdom - Central bank, assets, total, BIS-spliced, GDP",A: Normal value
GB,2020Q4,42.320211604353,"United Kingdom - Central bank, assets, total, BIS-spliced, GDP",A: Normal value
GB,2021Q1,44.043959855407,"United Kingdom - Central bank, assets, total, BIS-spliced, GDP",A: Normal value
GB,2021Q2,44.405239170557,"United Kingdom - Central bank, assets, total, BIS-spliced, GDP",A: Normal value
GB,2021Q3,44.621742420921,"United Kingdom - Central bank, assets, total, BIS-spliced, GDP",A: Normal value
GB,2021Q4,48.209761944536,"United Kingdom - Central bank, assets, total, BIS-spliced, GDP",A: Normal value
GB,2022Q1,45.292912040991,"United Kingdom - Central bank, assets, total, BIS-spliced, GDP",A: Normal value
GB,2022Q2,44.178583520276,"United Kingdom - Central bank, assets, total, BIS-spliced, GDP",A: Normal value
GB,2022Q3,42.777657006939,"United Kingdom - Central bank, assets, total, BIS-spliced, GDP",A: Normal value
GB,2022Q4,42.155462971178,"United Kingdom - Central bank, assets, total, BIS-spliced, GDP",A: Normal value
GB,2023Q1,39.89421829573,"United Kingdom - Central bank, assets, total, BIS-spliced, GDP",A: Normal value
GB,2023Q2,38.05933050389,"United Kingdom - Central bank, assets, total, BIS-spliced, GDP",A: Normal value
GB,2023Q3,36.41520429067,"United Kingdom - Central bank, assets, total, BIS-spliced, GDP",A: Normal value
GB,2023Q4,34.218782020258,"United Kingdom - Central bank, assets, total, BIS-spliced, GDP",A: Normal value
GB,2024Q1,33.202525049696,"United Kingdom - Central bank, assets, total, BIS-spliced, GDP",A: Normal value
GB,2024Q2,32.715938147708,"United Kingdom - Central bank, assets, total, BIS-spliced, GDP",A: Normal value
GB,2024Q3,31.485601760849,"United Kingdom - Central bank, assets, total, BIS-spliced, GDP",A: Normal value
GB,2024Q4,28.980942098214,"United Kingdom - Central bank, assets, total, BIS-spliced, GDP",A: Normal value
GB,2025Q1,28.930564738133,"United Kingdom - Central bank, assets, total, BIS-spliced, GDP",A: Normal value
GB,2025Q2,27.862451114129,"United Kingdom - Central bank, assets, total, BIS-spliced, GDP",A: Normal value
GB,2025Q3,26.925313809617,"United Kingdom - Central bank, assets, total, BIS-spliced, GDP",A: Normal value
GB,2025Q4,26.021713078539,"United Kingdom - Central bank, assets, total, BIS-spliced, GDP",A: Normal value
GB,2026Q1,25.947143899783,"United Kingdom - Central bank, assets, total, BIS-spliced, GDP",A: Normal value
HK,1998Q4,69.668329038415,"Hong Kong SAR - Central bank, assets, total, BIS-spliced, GDP",A: Normal value
HK,1999Q1,71.841440610397,"Hong Kong SAR - Central bank, assets, total, BIS-spliced, GDP",A: Normal value
HK,1999Q2,74.421912670544,"Hong Kong SAR - Central bank, assets, total, BIS-spliced, GDP",A: Normal value
HK,1999Q3,74.025120787472,"Hong Kong SAR - Central bank, assets, total, BIS-spliced, GDP",A: Normal value
HK,1999Q4,77.989366443922,"Hong Kong SAR - Central bank, assets, total, BIS-spliced, GDP",A: Normal value
HK,2000Q1,75.417820510769,"Hong Kong SAR - Central bank, assets, total, BIS-spliced, GDP",A: Normal value
HK,2000Q2,72.529139241695,"Hong Kong SAR - Central bank, assets, total, BIS-spliced, GDP",A: Normal value
HK,2000Q3,74.243850932554,"Hong Kong SAR - Central bank, assets, total, BIS-spliced, GDP",A: Normal value
HK,2000Q4,76.506978056491,"Hong Kong SAR - Central bank, assets, total, BIS-spliced, GDP",A: Normal value
HK,2001Q1,78.235608312787,"Hong Kong SAR - Central bank, assets, total, BIS-spliced, GDP",A: Normal value
HK,2001Q2,77.133714264099,"Hong Kong SAR - Central bank, assets, total, BIS-spliced, GDP",A: Normal value
HK,2001Q3,74.769354536319,"Hong Kong SAR - Central bank, assets, total, BIS-spliced, GDP",A: Normal value
HK,2001Q4,74.109153848098,"Hong Kong SAR - Central bank, assets, total, BIS-spliced, GDP",A: Normal value
HK,2002Q1,74.816827193845,"Hong Kong SAR - Central bank, assets, total, BIS-spliced, GDP",A: Normal value
HK,2002Q2,74.875561334822,"Hong Kong SAR - Central bank, assets, total, BIS-spliced, GDP",A: Normal value
HK,2002Q3,73.530863544478,"Hong Kong SAR - Central bank, assets, total, BIS-spliced, GDP",A: Normal value
HK,2002Q4,73.626001052742,"Hong Kong SAR - Central bank, assets, total, BIS-spliced, GDP",A: Normal value
HK,2003Q1,74.259473147098,"Hong Kong SAR - Central bank, assets, total, BIS-spliced, GDP",A: Normal value
HK,2003Q2,77.132751114803,"Hong Kong SAR - Central bank, assets, total, BIS-spliced, GDP",A: Normal value
HK,2003Q3,77.698426549376,"Hong Kong SAR - Central bank, assets, total, BIS-spliced, GDP",A: Normal value
HK,2003Q4,80.526230953381,"Hong Kong SAR - Central bank, assets, total, BIS-spliced, GDP",A: Normal value
HK,2004Q1,84.021383570644,"Hong Kong SAR - Central bank, assets, total, BIS-spliced, GDP",A: Normal value
HK,2004Q2,81.207663772675,"Hong Kong SAR - Central bank, assets, total, BIS-spliced, GDP",A: Normal value
HK,2004Q3,78.274793520181,"Hong Kong SAR - Central bank, assets, total, BIS-spliced, GDP",A: Normal value
HK,2004Q4,80.649385172752,"Hong Kong SAR - Central bank, assets, total, BIS-spliced, GDP",A: Normal value
HK,2005Q1,79.285992788397,"Hong Kong SAR - Central bank, assets, total, BIS-spliced, GDP",A: Normal value
HK,2005Q2,77.987460781701,"Hong Kong SAR - Central bank, assets, total, BIS-spliced, GDP",A: Normal value
HK,2005Q3,76.909972482565,"Hong Kong SAR - Central bank, assets, total, BIS-spliced, GDP",A: Normal value
HK,2005Q4,75.611310719898,"Hong Kong SAR - Central bank, assets, total, BIS-spliced, GDP",A: Normal value
HK,2006Q1,75.772247937292,"Hong Kong SAR - Central bank, assets, total, BIS-spliced, GDP",A: Normal value
HK,2006Q2,75.728542648841,"Hong Kong SAR - Central bank, assets, total, BIS-spliced, GDP",A: Normal value
HK,2006Q3,77.431852317351,"Hong Kong SAR - Central bank, assets, total, BIS-spliced, GDP",A: Normal value
HK,2006Q4,78.329087597197,"Hong Kong SAR - Central bank, assets, total, BIS-spliced, GDP",A: Normal value
HK,2007Q1,80.029783818096,"Hong Kong SAR - Central bank, assets, total, BIS-spliced, GDP",A: Normal value
HK,2007Q2,80.509620495403,"Hong Kong SAR - Central bank, assets, total, BIS-spliced, GDP",A: Normal value
HK,2007Q3,82.359165011782,"Hong Kong SAR - Central bank, assets, total, BIS-spliced, GDP",A: Normal value
HK,2007Q4,85.817542873975,"Hong Kong SAR - Central bank, assets, total, BIS-spliced, GDP",A: Normal value
HK,2008Q1,86.598367763117,"Hong Kong SAR - Central bank, assets, total, BIS-spliced, GDP",A: Normal value
HK,2008Q2,82.316660892492,"Hong Kong SAR - Central bank, assets, total, BIS-spliced, GDP",A: Normal value
HK,2008Q3,82.760042100575,"Hong Kong SAR - Central bank, assets, total, BIS-spliced, GDP",A: Normal value
HK,2008Q4,91.326084560613,"Hong Kong SAR - Central bank, assets, total, BIS-spliced, GDP",A: Normal value
HK,2009Q1,95.645511177645,"Hong Kong SAR - Central bank, assets, total, BIS-spliced, GDP",A: Normal value
HK,2009Q2,110.10744840123,"Hong Kong SAR - Central bank, assets, total, BIS-spliced, GDP",A: Normal value
HK,2009Q3,118.6808001485,"Hong Kong SAR - Central bank, assets, total, BIS-spliced, GDP",A: Normal value
HK,2009Q4,129.57489820699,"Hong Kong SAR - Central bank, assets, total, BIS-spliced, GDP",A: Normal value
HK,2010Q1,131.14119863194,"Hong Kong SAR - Central bank, assets, total, BIS-spliced, GDP",A: Normal value
HK,2010Q2,130.24577981301,"Hong Kong SAR - Central bank, assets, total, BIS-spliced, GDP",A: Normal value
HK,2010Q3,129.85350727994,"Hong Kong SAR - Central bank, assets, total, BIS-spliced, GDP",A: Normal value
HK,2010Q4,132.10593221652,"Hong Kong SAR - Central bank, assets, total, BIS-spliced, GDP",A: Normal value
HK,2011Q1,132.59497486773,"Hong Kong SAR - Central bank, assets, total, BIS-spliced, GDP",A: Normal value
HK,2011Q2,130.57892548707,"Hong Kong SAR - Central bank, assets, total, BIS-spliced, GDP",A: Normal value
HK,2011Q3,127.05293090175,"Hong Kong SAR - Central bank, assets, total, BIS-spliced, GDP",A: Normal value
HK,2011Q4,128.68818410946,"Hong Kong SAR - Central bank, assets, total, BIS-spliced, GDP",A: Normal value
HK,2012Q1,130.01129109753,"Hong Kong SAR - Central bank, assets, total, BIS-spliced, GDP",A: Normal value
HK,2012Q2,129.4208683489,"Hong Kong SAR - Central bank, assets, total, BIS-spliced, GDP",A: Normal value
HK,2012Q3,132.26122047207,"Hong Kong SAR - Central bank, assets, total, BIS-spliced, GDP",A: Normal value
HK,2012Q4,136.69179738726,"Hong Kong SAR - Central bank, assets, total, BIS-spliced, GDP",A: Normal value
HK,2013Q1,139.92736619603,"Hong Kong SAR - Central bank, assets, total, BIS-spliced, GDP",A: Normal value
HK,2013Q2,136.74916258423,"Hong Kong SAR - Central bank, assets, total, BIS-spliced, GDP",A: Normal value
HK,2013Q3,139.17883623517,"Hong Kong SAR - Central bank, assets, total, BIS-spliced, GDP",A: Normal value
HK,2013Q4,142.00906421508,"Hong Kong SAR - Central bank, assets, total, BIS-spliced, GDP",A: Normal value
HK,2014Q1,138.83068632058,"Hong Kong SAR - Central bank, assets, total, BIS-spliced, GDP",A: Normal value
HK,2014Q2,139.658179843,"Hong Kong SAR - Central bank, assets, total, BIS-spliced, GDP",A: Normal value
HK,2014Q3,144.26627936372,"Hong Kong SAR - Central bank, assets, total, BIS-spliced, GDP",A: Normal value
HK,2014Q4,139.43235047318,"Hong Kong SAR - Central bank, assets, total, BIS-spliced, GDP",A: Normal value
HK,2015Q1,142.81364487049,"Hong Kong SAR - Central bank, assets, total, BIS-spliced, GDP",A: Normal value
HK,2015Q2,141.94127736538,"Hong Kong SAR - Central bank, assets, total, BIS-spliced, GDP",A: Normal value
HK,2015Q3,138.9687409544,"Hong Kong SAR - Central bank, assets, total, BIS-spliced, GDP",A: Normal value
HK,2015Q4,142.71098377215,"Hong Kong SAR - Central bank, assets, total, BIS-spliced, GDP",A: Normal value
HK,2016Q1,145.02308265349,"Hong Kong SAR - Central bank, assets, total, BIS-spliced, GDP",A: Normal value
HK,2016Q2,145.47890893364,"Hong Kong SAR - Central bank, assets, total, BIS-spliced, GDP",A: Normal value
HK,2016Q3,145.39698299183,"Hong Kong SAR - Central bank, assets, total, BIS-spliced, GDP",A: Normal value
HK,2016Q4,145.30497893288,"Hong Kong SAR - Central bank, assets, total, BIS-spliced, GDP",A: Normal value
HK,2017Q1,148.74235223272,"Hong Kong SAR - Central bank, assets, total, BIS-spliced, GDP",A: Normal value
HK,2017Q2,151.6740054654,"Hong Kong SAR - Central bank, assets, total, BIS-spliced, GDP",A: Normal value
HK,2017Q3,149.04868582847,"Hong Kong SAR - Central bank, assets, total, BIS-spliced, GDP",A: Normal value
HK,2017Q4,150.99402613357,"Hong Kong SAR - Central bank, assets, total, BIS-spliced, GDP",A: Normal value
HK,2018Q1,153.00336606344,"Hong Kong SAR - Central bank, assets, total, BIS-spliced, GDP",A: Normal value
HK,2018Q2,148.59872959987,"Hong Kong SAR - Central bank, assets, total, BIS-spliced, GDP",A: Normal value
HK,2018Q3,143.87820707224,"Hong Kong SAR - Central bank, assets, total, BIS-spliced, GDP",A: Normal value
HK,2018Q4,142.9795486903,"Hong Kong SAR - Central bank, assets, total, BIS-spliced, GDP",A: Normal value
HK,2019Q1,146.19699924343,"Hong Kong SAR - Central bank, assets, total, BIS-spliced, GDP",A: Normal value
HK,2019Q2,144.19571565881,"Hong Kong SAR - Central bank, assets, total, BIS-spliced, GDP",A: Normal value
HK,2019Q3,147.89425906289,"Hong Kong SAR - Central bank, assets, total, BIS-spliced, GDP",A: Normal value
HK,2019Q4,147.77266447561,"Hong Kong SAR - Central bank, assets, total, BIS-spliced, GDP",A: Normal value
HK,2020Q1,146.40147603149,"Hong Kong SAR - Central bank, assets, total, BIS-spliced, GDP",A: Normal value
HK,2020Q2,153.50980177991,"Hong Kong SAR - Central bank, assets, total, BIS-spliced, GDP",A: Normal value
HK,2020Q3,154.81987134999,"Hong Kong SAR - Central bank, assets, total, BIS-spliced, GDP",A: Normal value
HK,2020Q4,168.0878817671,"Hong Kong SAR - Central bank, assets, total, BIS-spliced, GDP",A: Normal value
HK,2021Q1,166.32125138923,"Hong Kong SAR - Central bank, assets, total, BIS-spliced, GDP",A: Normal value
HK,2021Q2,164.24597417544,"Hong Kong SAR - Central bank, assets, total, BIS-spliced, GDP",A: Normal value
HK,2021Q3,160.61884875815,"Hong Kong SAR - Central bank, assets, total, BIS-spliced, GDP",A: Normal value
HK,2021Q4,159.29489200434,"Hong Kong SAR - Central bank, assets, total, BIS-spliced, GDP",A: Normal value
HK,2022Q1,158.32209280643,"Hong Kong SAR - Central bank, assets, total, BIS-spliced, GDP",A: Normal value
HK,2022Q2,148.15894445123,"Hong Kong SAR - Central bank, assets, total, BIS-spliced, GDP",A: Normal value
HK,2022Q3,140.2972190711,"Hong Kong SAR - Central bank, assets, total, BIS-spliced, GDP",A: Normal value
HK,2022Q4,142.57151469486,"Hong Kong SAR - Central bank, assets, total, BIS-spliced, GDP",A: Normal value
HK,2023Q1,143.40884519331,"Hong Kong SAR - Central bank, assets, total, BIS-spliced, GDP",A: Normal value
HK,2023Q2,138.67886598423,"Hong Kong SAR - Central bank, assets, total, BIS-spliced, GDP",A: Normal value
HK,2023Q3,134.35682080309,"Hong Kong SAR - Central bank, assets, total, BIS-spliced, GDP",A: Normal value
HK,2023Q4,134.77611377364,"Hong Kong SAR - Central bank, assets, total, BIS-spliced, GDP",A: Normal value
HK,2024Q1,134.08072315548,"Hong Kong SAR - Central bank, assets, total, BIS-spliced, GDP",A: Normal value
HK,2024Q2,128.81487362162,"Hong Kong SAR - Central bank, assets, total, BIS-spliced, GDP",A: Normal value
HK,2024Q3,131.59244698353,"Hong Kong SAR - Central bank, assets, total, BIS-spliced, GDP",A: Normal value
HK,2024Q4,128.10016621734,"Hong Kong SAR - Central bank, assets, total, BIS-spliced, GDP",A: Normal value
HK,2025Q1,123.60797966001,"Hong Kong SAR - Central bank, assets, total, BIS-spliced, GDP",A: Normal value
HK,2025Q2,132.22995971011,"Hong Kong SAR - Central bank, assets, total, BIS-spliced, GDP",A: Normal value
HK,2025Q3,126.40539817564,"Hong Kong SAR - Central bank, assets, total, BIS-spliced, GDP",A: Normal value
HK,2025Q4,125.05272286177,"Hong Kong SAR - Central bank, assets, total, BIS-spliced, GDP",A: Normal value
HK,2026Q1,128.77354989229,"Hong Kong SAR - Central bank, assets, total, BIS-spliced, GDP",A: Normal value
JP,1956Q1,9.3081093196378,"Japan - Central bank, assets, total, BIS-spliced, GDP",A: Normal value
JP,1956Q2,7.8861297335403,"Japan - Central bank, assets, total, BIS-spliced, GDP",A: Normal value
JP,1956Q3,7.8565501831434,"Japan - Central bank, assets, total, BIS-spliced, GDP",A: Normal value
JP,1956Q4,9.5965480507306,"Japan - Central bank, assets, total, BIS-spliced, GDP",A: Normal value
JP,1957Q1,10.090068684038,"Japan - Central bank, assets, total, BIS-spliced, GDP",A: Normal value
JP,1957Q2,7.9743625770528,"Japan - Central bank, assets, total, BIS-spliced, GDP",A: Normal value
JP,1957Q3,8.1075609947229,"Japan - Central bank, assets, total, BIS-spliced, GDP",A: Normal value
JP,1957Q4,9.3874132758916,"Japan - Central bank, assets, total, BIS-spliced, GDP",A: Normal value
JP,1958Q1,9.8303048504683,"Japan - Central bank, assets, total, BIS-spliced, GDP",A: Normal value
JP,1958Q2,8.0299144268544,"Japan - Central bank, assets, total, BIS-spliced, GDP",A: Normal value
JP,1958Q3,7.6607224751821,"Japan - Central bank, assets, total, BIS-spliced, GDP",A: Normal value
JP,1958Q4,8.8804125247009,"Japan - Central bank, assets, total, BIS-spliced, GDP",A: Normal value
JP,1959Q1,8.427278002525,"Japan - Central bank, assets, total, BIS-spliced, GDP",A: Normal value
JP,1959Q2,7.3531854702386,"Japan - Central bank, assets, total, BIS-spliced, GDP",A: Normal value
JP,1959Q3,7.1944104335416,"Japan - Central bank, assets, total, BIS-spliced, GDP",A: Normal value
JP,1959Q4,8.8833235294238,"Japan - Central bank, assets, total, BIS-spliced, GDP",A: Normal value
JP,1960Q1,8.499734983309,"Japan - Central bank, assets, total, BIS-spliced, GDP",A: Normal value
JP,1960Q2,7.2255715433944,"Japan - Central bank, assets, total, BIS-spliced, GDP",A: Normal value
JP,1960Q3,7.0176379250699,"Japan - Central bank, assets, total, BIS-spliced, GDP",A: Normal value
JP,1960Q4,8.4448432981266,"Japan - Central bank, assets, total, BIS-spliced, GDP",A: Normal value
JP,1961Q1,8.9895380742528,"Japan - Central bank, assets, total, BIS-spliced, GDP",A: Normal value
JP,1961Q2,7.4497847129578,"Japan - Central bank, assets, total, BIS-spliced, GDP",A: Normal value
JP,1961Q3,7.4285961802795,"Japan - Central bank, assets, total, BIS-spliced, GDP",A: Normal value
JP,1961Q4,9.1118293235829,"Japan - Central bank, assets, total, BIS-spliced, GDP",A: Normal value
JP,1962Q1,9.8808450664,"Japan - Central bank, assets, total, BIS-spliced, GDP",A: Normal value
JP,1962Q2,8.3818399216986,"Japan - Central bank, assets, total, BIS-spliced, GDP",A: Normal value
JP,1962Q3,8.0351447535212,"Japan - Central bank, assets, total, BIS-spliced, GDP",A: Normal value
JP,1962Q4,8.8589737951999,"Japan - Central bank, assets, total, BIS-spliced, GDP",A: Normal value
JP,1963Q1,9.3561307127741,"Japan - Central bank, assets, total, BIS-spliced, GDP",A: Normal value
JP,1963Q2,7.7181768751659,"Japan - Central bank, assets, total, BIS-spliced, GDP",A: Normal value
JP,1963Q3,7.4063357303563,"Japan - Central bank, assets, total, BIS-spliced, GDP",A: Normal value
JP,1963Q4,8.9851320201275,"Japan - Central bank, assets, total, BIS-spliced, GDP",A: Normal value
JP,1964Q1,9.3189773790537,"Japan - Central bank, assets, total, BIS-spliced, GDP",A: Normal value
JP,1964Q2,7.8320019742881,"Japan - Central bank, assets, total, BIS-spliced, GDP",A: Normal value
JP,1964Q3,7.5897815208861,"Japan - Central bank, assets, total, BIS-spliced, GDP",A: Normal value
JP,1964Q4,8.5756099056646,"Japan - Central bank, assets, total, BIS-spliced, GDP",A: Normal value
JP,1965Q1,8.166353943222,"Japan - Central bank, assets, total, BIS-spliced, GDP",A: Normal value
JP,1965Q2,7.3965776108338,"Japan - Central bank, assets, total, BIS-spliced, GDP",A: Normal value
JP,1965Q3,7.2504376158296,"Japan - Central bank, assets, total, BIS-spliced, GDP",A: Normal value
JP,1965Q4,9.0197649371855,"Japan - Central bank, assets, total, BIS-spliced, GDP",A: Normal value
JP,1966Q1,8.1835893580457,"Japan - Central bank, assets, total, BIS-spliced, GDP",A: Normal value
JP,1966Q2,7.5475179481508,"Japan - Central bank, assets, total, BIS-spliced, GDP",A: Normal value
JP,1966Q3,7.3297163097465,"Japan - Central bank, assets, total, BIS-spliced, GDP",A: Normal value
JP,1966Q4,8.2753269805213,"Japan - Central bank, assets, total, BIS-spliced, GDP",A: Normal value
JP,1967Q1,8.0081642014259,"Japan - Central bank, assets, total, BIS-spliced, GDP",A: Normal value
JP,1967Q2,7.4061543314248,"Japan - Central bank, assets, total, BIS-spliced, GDP",A: Normal value
JP,1967Q3,7.2986773187841,"Japan - Central bank, assets, total, BIS-spliced, GDP",A: Normal value
JP,1967Q4,8.3813648180794,"Japan - Central bank, assets, total, BIS-spliced, GDP",A: Normal value
JP,1968Q1,8.5164564274149,"Japan - Central bank, assets, total, BIS-spliced, GDP",A: Normal value
JP,1968Q2,7.4774112218334,"Japan - Central bank, assets, total, BIS-spliced, GDP",A: Normal value
JP,1968Q3,7.1862170298796,"Japan - Central bank, assets, total, BIS-spliced, GDP",A: Normal value
JP,1968Q4,8.2897108310298,"Japan - Central bank, assets, total, BIS-spliced, GDP",A: Normal value
JP,1969Q1,8.3457561792776,"Japan - Central bank, assets, total, BIS-spliced, GDP",A: Normal value
JP,1969Q2,7.3146397946631,"Japan - Central bank, assets, total, BIS-spliced, GDP",A: Normal value
JP,1969Q3,7.1270644664345,"Japan - Central bank, assets, total, BIS-spliced, GDP",A: Normal value
JP,1969Q4,8.3845801842634,"Japan - Central bank, assets, total, BIS-spliced, GDP",A: Normal value
JP,1970Q1,8.2214928862634,"Japan - Central bank, assets, total, BIS-spliced, GDP",A: Normal value
JP,1970Q2,7.3645358904305,"Japan - Central bank, assets, total, BIS-spliced, GDP",A: Normal value
JP,1970Q3,7.0383931961643,"Japan - Central bank, assets, total, BIS-spliced, GDP",A: Normal value
JP,1970Q4,8.2460020018722,"Japan - Central bank, assets, total, BIS-spliced, GDP",A: Normal value
JP,1971Q1,8.1639155379384,"Japan - Central bank, assets, total, BIS-spliced, GDP",A: Normal value
JP,1971Q2,7.5255278121272,"Japan - Central bank, assets, total, BIS-spliced, GDP",A: Normal value
JP,1971Q3,7.7312144606047,"Japan - Central bank, assets, total, BIS-spliced, GDP",A: Normal value
JP,1971Q4,8.9916589847429,"Japan - Central bank, assets, total, BIS-spliced, GDP",A: Normal value
JP,1972Q1,8.7140002790035,"Japan - Central bank, assets, total, BIS-spliced, GDP",A: Normal value
JP,1972Q2,7.8365317538025,"Japan - Central bank, assets, total, BIS-spliced, GDP",A: Normal value
JP,1972Q3,7.4248986718954,"Japan - Central bank, assets, total, BIS-spliced, GDP",A: Normal value
JP,1972Q4,9.2102494947528,"Japan - Central bank, assets, total, BIS-spliced, GDP",A: Normal value
JP,1973Q1,10.221080246097,"Japan - Central bank, assets, total, BIS-spliced, GDP",A: Normal value
JP,1973Q2,8.8608448094819,"Japan - Central bank, assets, total, BIS-spliced, GDP",A: Normal value
JP,1973Q3,8.8294298237213,"Japan - Central bank, assets, total, BIS-spliced, GDP",A: Normal value
JP,1973Q4,10.451357262544,"Japan - Central bank, assets, total, BIS-spliced, GDP",A: Normal value
JP,1974Q1,11.342106006917,"Japan - Central bank, assets, total, BIS-spliced, GDP",A: Normal value
JP,1974Q2,9.6619647983633,"Japan - Central bank, assets, total, BIS-spliced, GDP",A: Normal value
JP,1974Q3,9.6577788254851,"Japan - Central bank, assets, total, BIS-spliced, GDP",A: Normal value
JP,1974Q4,10.547365009798,"Japan - Central bank, assets, total, BIS-spliced, GDP",A: Normal value
JP,1975Q1,10.725836159222,"Japan - Central bank, assets, total, BIS-spliced, GDP",A: Normal value
JP,1975Q2,9.4077808252025,"Japan - Central bank, assets, total, BIS-spliced, GDP",A: Normal value
JP,1975Q3,9.2415036963819,"Japan - Central bank, assets, total, BIS-spliced, GDP",A: Normal value
JP,1975Q4,9.9003224002878,"Japan - Central bank, assets, total, BIS-spliced, GDP",A: Normal value
JP,1976Q1,9.7742021427792,"Japan - Central bank, assets, total, BIS-spliced, GDP",A: Normal value
JP,1976Q2,8.9005937305807,"Japan - Central bank, assets, total, BIS-spliced, GDP",A: Normal value
JP,1976Q3,8.6156302835667,"Japan - Central bank, assets, total, BIS-spliced, GDP",A: Normal value
JP,1976Q4,9.5997948384938,"Japan - Central bank, assets, total, BIS-spliced, GDP",A: Normal value
JP,1977Q1,9.6295770171658,"Japan - Central bank, assets, total, BIS-spliced, GDP",A: Normal value
JP,1977Q2,8.4875123062457,"Japan - Central bank, assets, total, BIS-spliced, GDP",A: Normal value
JP,1977Q3,8.2870759493295,"Japan - Central bank, assets, total, BIS-spliced, GDP",A: Normal value
JP,1977Q4,9.3844120902768,"Japan - Central bank, assets, total, BIS-spliced, GDP",A: Normal value
JP,1978Q1,9.1906206633457,"Japan - Central bank, assets, total, BIS-spliced, GDP",A: Normal value
JP,1978Q2,8.4120508710983,"Japan - Central bank, assets, total, BIS-spliced, GDP",A: Normal value
JP,1978Q3,8.1213308746417,"Japan - Central bank, assets, total, BIS-spliced, GDP",A: Normal value
JP,1978Q4,9.5942272472823,"Japan - Central bank, assets, total, BIS-spliced, GDP",A: Normal value
JP,1979Q1,8.4567419705177,"Japan - Central bank, assets, total, BIS-spliced, GDP",A: Normal value
JP,1979Q2,8.3242670168058,"Japan - Central bank, assets, total, BIS-spliced, GDP",A: Normal value
JP,1979Q3,8.1444925348582,"Japan - Central bank, assets, total, BIS-spliced, GDP",A: Normal value
JP,1979Q4,9.4442762840203,"Japan - Central bank, assets, total, BIS-spliced, GDP",A: Normal value
JP,1980Q1,9.4674892556504,"Japan - Central bank, assets, total, BIS-spliced, GDP",A: Normal value
JP,1980Q2,8.740444388321,"Japan - Central bank, assets, total, BIS-spliced, GDP",A: Normal value
JP,1980Q3,8.6016495828996,"Japan - Central bank, assets, total, BIS-spliced, GDP",A: Normal value
JP,1980Q4,9.4300621006236,"Japan - Central bank, assets, total, BIS-spliced, GDP",A: Normal value
JP,1981Q1,8.6860206695741,"Japan - Central bank, assets, total, BIS-spliced, GDP",A: Normal value
JP,1981Q2,8.4798862683951,"Japan - Central bank, assets, total, BIS-spliced, GDP",A: Normal value
JP,1981Q3,8.1806915019226,"Japan - Central bank, assets, total, BIS-spliced, GDP",A: Normal value
JP,1981Q4,9.1347863990483,"Japan - Central bank, assets, total, BIS-spliced, GDP",A: Normal value
JP,1982Q1,9.1410415394845,"Japan - Central bank, assets, total, BIS-spliced, GDP",A: Normal value
JP,1982Q2,8.6910745539265,"Japan - Central bank, assets, total, BIS-spliced, GDP",A: Normal value
JP,1982Q3,8.5065291796139,"Japan - Central bank, assets, total, BIS-spliced, GDP",A: Normal value
JP,1982Q4,9.1488663073528,"Japan - Central bank, assets, total, BIS-spliced, GDP",A: Normal value
JP,1983Q1,8.8451404707734,"Japan - Central bank, assets, total, BIS-spliced, GDP",A: Normal value
JP,1983Q2,8.5893982856162,"Japan - Central bank, assets, total, BIS-spliced, GDP",A: Normal value
JP,1983Q3,8.4531657251489,"Japan - Central bank, assets, total, BIS-spliced, GDP",A: Normal value
JP,1983Q4,9.1823361320602,"Japan - Central bank, assets, total, BIS-spliced, GDP",A: Normal value
JP,1984Q1,8.5994659668449,"Japan - Central bank, assets, total, BIS-spliced, GDP",A: Normal value
JP,1984Q2,8.7633822959893,"Japan - Central bank, assets, total, BIS-spliced, GDP",A: Normal value
JP,1984Q3,8.6654550571969,"Japan - Central bank, assets, total, BIS-spliced, GDP",A: Normal value
JP,1984Q4,9.4135342509165,"Japan - Central bank, assets, total, BIS-spliced, GDP",A: Normal value
JP,1985Q1,8.7664054286887,"Japan - Central bank, assets, total, BIS-spliced, GDP",A: Normal value
JP,1985Q2,8.7490890065373,"Japan - Central bank, assets, total, BIS-spliced, GDP",A: Normal value
JP,1985Q3,8.0820470986757,"Japan - Central bank, assets, total, BIS-spliced, GDP",A: Normal value
JP,1985Q4,9.1449596302604,"Japan - Central bank, assets, total, BIS-spliced, GDP",A: Normal value
JP,1986Q1,8.743659891683,"Japan - Central bank, assets, total, BIS-spliced, GDP",A: Normal value
JP,1986Q2,8.6498692904735,"Japan - Central bank, assets, total, BIS-spliced, GDP",A: Normal value
JP,1986Q3,8.2153295533055,"Japan - Central bank, assets, total, BIS-spliced, GDP",A: Normal value
JP,1986Q4,9.1142761790352,"Japan - Central bank, assets, total, BIS-spliced, GDP",A: Normal value
JP,1987Q1,9.1105279455056,"Japan - Central bank, assets, total, BIS-spliced, GDP",A: Normal value
JP,1987Q2,8.8831121389392,"Japan - Central bank, assets, total, BIS-spliced, GDP",A: Normal value
JP,1987Q3,8.4023174976079,"Japan - Central bank, assets, total, BIS-spliced, GDP",A: Normal value
JP,1987Q4,9.3124646072705,"Japan - Central bank, assets, total, BIS-spliced, GDP",A: Normal value
JP,1988Q1,9.3309394515448,"Japan - Central bank, assets, total, BIS-spliced, GDP",A: Normal value
JP,1988Q2,8.9104226835255,"Japan - Central bank, assets, total, BIS-spliced, GDP",A: Normal value
JP,1988Q3,8.510778558197,"Japan - Central bank, assets, total, BIS-spliced, GDP",A: Normal value
JP,1988Q4,9.89771536881,"Japan - Central bank, assets, total, BIS-spliced, GDP",A: Normal value
JP,1989Q1,9.2999061903679,"Japan - Central bank, assets, total, BIS-spliced, GDP",A: Normal value
JP,1989Q2,9.1200853856313,"Japan - Central bank, assets, total, BIS-spliced, GDP",A: Normal value
JP,1989Q3,8.9107487648784,"Japan - Central bank, assets, total, BIS-spliced, GDP",A: Normal value
JP,1989Q4,10.526800093091,"Japan - Central bank, assets, total, BIS-spliced, GDP",A: Normal value
JP,1990Q1,10.535031856662,"Japan - Central bank, assets, total, BIS-spliced, GDP",A: Normal value
JP,1990Q2,9.6029528206338,"Japan - Central bank, assets, total, BIS-spliced, GDP",A: Normal value
JP,1990Q3,9.316369767896,"Japan - Central bank, assets, total, BIS-spliced, GDP",A: Normal value
JP,1990Q4,10.662431476911,"Japan - Central bank, assets, total, BIS-spliced, GDP",A: Normal value
JP,1991Q1,9.4903846588082,"Japan - Central bank, assets, total, BIS-spliced, GDP",A: Normal value
JP,1991Q2,9.4474404315559,"Japan - Central bank, assets, total, BIS-spliced, GDP",A: Normal value
JP,1991Q3,8.9024285367683,"Japan - Central bank, assets, total, BIS-spliced, GDP",A: Normal value
JP,1991Q4,10.095389668976,"Japan - Central bank, assets, total, BIS-spliced, GDP",A: Normal value
JP,1992Q1,9.0503267501317,"Japan - Central bank, assets, total, BIS-spliced, GDP",A: Normal value
JP,1992Q2,8.8580561730221,"Japan - Central bank, assets, total, BIS-spliced, GDP",A: Normal value
JP,1992Q3,8.5382735090302,"Japan - Central bank, assets, total, BIS-spliced, GDP",A: Normal value
JP,1992Q4,9.5189299539734,"Japan - Central bank, assets, total, BIS-spliced, GDP",A: Normal value
JP,1993Q1,9.0421842480685,"Japan - Central bank, assets, total, BIS-spliced, GDP",A: Normal value
JP,1993Q2,8.9216377314792,"Japan - Central bank, assets, total, BIS-spliced, GDP",A: Normal value
JP,1993Q3,8.5773055361389,"Japan - Central bank, assets, total, BIS-spliced, GDP",A: Normal value
JP,1993Q4,9.9454827043239,"Japan - Central bank, assets, total, BIS-spliced, GDP",A: Normal value
JP,1994Q1,9.985567138988,"Japan - Central bank, assets, total, BIS-spliced, GDP",A: Normal value
JP,1994Q2,9.2980026452818,"Japan - Central bank, assets, total, BIS-spliced, GDP",A: Normal value
JP,1994Q3,8.863792419382,"Japan - Central bank, assets, total, BIS-spliced, GDP",A: Normal value
JP,1994Q4,9.6635599653419,"Japan - Central bank, assets, total, BIS-spliced, GDP",A: Normal value
JP,1995Q1,9.2968948595212,"Japan - Central bank, assets, total, BIS-spliced, GDP",A: Normal value
JP,1995Q2,9.5302625078543,"Japan - Central bank, assets, total, BIS-spliced, GDP",A: Normal value
JP,1995Q3,9.0478618455621,"Japan - Central bank, assets, total, BIS-spliced, GDP",A: Normal value
JP,1995Q4,10.237136728526,"Japan - Central bank, assets, total, BIS-spliced, GDP",A: Normal value
JP,1996Q1,10.786521899388,"Japan - Central bank, assets, total, BIS-spliced, GDP",A: Normal value
JP,1996Q2,10.004477925699,"Japan - Central bank, assets, total, BIS-spliced, GDP",A: Normal value
JP,1996Q3,9.8199505491008,"Japan - Central bank, assets, total, BIS-spliced, GDP",A: Normal value
JP,1996Q4,11.341713810857,"Japan - Central bank, assets, total, BIS-spliced, GDP",A: Normal value
JP,1997Q1,11.360243787226,"Japan - Central bank, assets, total, BIS-spliced, GDP",A: Normal value
JP,1997Q2,11.127192204785,"Japan - Central bank, assets, total, BIS-spliced, GDP",A: Normal value
JP,1997Q3,10.211541801937,"Japan - Central bank, assets, total, BIS-spliced, GDP",A: Normal value
JP,1997Q4,12.88921891271,"Japan - Central bank, assets, total, BIS-spliced, GDP",A: Normal value
JP,1998Q1,16.560872125545,"Japan - Central bank, assets, total, BIS-spliced, GDP",A: Normal value
JP,1998Q2,13.728891163389,"Japan - Central bank, assets, total, BIS-spliced, GDP",A: Normal value
JP,1998Q3,14.362959781378,"Japan - Central bank, assets, total, BIS-spliced, GDP",A: Normal value
JP,1998Q4,16.792249057304,"Japan - Central bank, assets, total, BIS-spliced, GDP",A: Normal value
JP,1999Q1,14.751284228362,"Japan - Central bank, assets, total, BIS-spliced, GDP",A: Normal value
JP,1999Q2,13.620447394941,"Japan - Central bank, assets, total, BIS-spliced, GDP",A: Normal value
JP,1999Q3,12.799135723067,"Japan - Central bank, assets, total, BIS-spliced, GDP",A: Normal value
JP,1999Q4,20.824119351212,"Japan - Central bank, assets, total, BIS-spliced, GDP",A: Normal value
JP,2000Q1,19.789803783603,"Japan - Central bank, assets, total, BIS-spliced, GDP",A: Normal value
JP,2000Q2,15.536645367033,"Japan - Central bank, assets, total, BIS-spliced, GDP",A: Normal value
JP,2000Q3,15.783903364906,"Japan - Central bank, assets, total, BIS-spliced, GDP",A: Normal value
JP,2000Q4,19.641169005629,"Japan - Central bank, assets, total, BIS-spliced, GDP",A: Normal value
JP,2001Q1,21.091491497361,"Japan - Central bank, assets, total, BIS-spliced, GDP",A: Normal value
JP,2001Q2,21.444453425514,"Japan - Central bank, assets, total, BIS-spliced, GDP",A: Normal value
JP,2001Q3,21.279493417614,"Japan - Central bank, assets, total, BIS-spliced, GDP",A: Normal value
JP,2001Q4,21.772338167826,"Japan - Central bank, assets, total, BIS-spliced, GDP",A: Normal value
JP,2002Q1,25.868723111618,"Japan - Central bank, assets, total, BIS-spliced, GDP",A: Normal value
JP,2002Q2,23.282292827318,"Japan - Central bank, assets, total, BIS-spliced, GDP",A: Normal value
JP,2002Q3,23.37462482747,"Japan - Central bank, assets, total, BIS-spliced, GDP",A: Normal value
JP,2002Q4,23.499388317981,"Japan - Central bank, assets, total, BIS-spliced, GDP",A: Normal value
JP,2003Q1,26.601947949712,"Japan - Central bank, assets, total, BIS-spliced, GDP",A: Normal value
JP,2003Q2,23.614760448337,"Japan - Central bank, assets, total, BIS-spliced, GDP",A: Normal value
JP,2003Q3,25.25926536435,"Japan - Central bank, assets, total, BIS-spliced, GDP",A: Normal value
JP,2003Q4,24.768337418858,"Japan - Central bank, assets, total, BIS-spliced, GDP",A: Normal value
JP,2004Q1,28.05703424035,"Japan - Central bank, assets, total, BIS-spliced, GDP",A: Normal value
JP,2004Q2,25.279720140314,"Japan - Central bank, assets, total, BIS-spliced, GDP",A: Normal value
JP,2004Q3,26.104923968569,"Japan - Central bank, assets, total, BIS-spliced, GDP",A: Normal value
JP,2004Q4,27.038089269725,"Japan - Central bank, assets, total, BIS-spliced, GDP",A: Normal value
JP,2005Q1,28.161500646494,"Japan - Central bank, assets, total, BIS-spliced, GDP",A: Normal value
JP,2005Q2,26.940302435355,"Japan - Central bank, assets, total, BIS-spliced, GDP",A: Normal value
JP,2005Q3,27.633554514826,"Japan - Central bank, assets, total, BIS-spliced, GDP",A: Normal value
JP,2005Q4,28.951044176143,"Japan - Central bank, assets, total, BIS-spliced, GDP",A: Normal value
JP,2006Q1,26.89733994421,"Japan - Central bank, assets, total, BIS-spliced, GDP",A: Normal value
JP,2006Q2,21.114178142763,"Japan - Central bank, assets, total, BIS-spliced, GDP",A: Normal value
JP,2006Q3,21.79274723928,"Japan - Central bank, assets, total, BIS-spliced, GDP",A: Normal value
JP,2006Q4,21.374399118116,"Japan - Central bank, assets, total, BIS-spliced, GDP",A: Normal value
JP,2007Q1,20.77908984848,"Japan - Central bank, assets, total, BIS-spliced, GDP",A: Normal value
JP,2007Q2,18.371352416032,"Japan - Central bank, assets, total, BIS-spliced, GDP",A: Normal value
JP,2007Q3,20.352936076243,"Japan - Central bank, assets, total, BIS-spliced, GDP",A: Normal value
JP,2007Q4,20.433039182402,"Japan - Central bank, assets, total, BIS-spliced, GDP",A: Normal value
JP,2008Q1,20.865927280828,"Japan - Central bank, assets, total, BIS-spliced, GDP",A: Normal value
JP,2008Q2,18.730659517662,"Japan - Central bank, assets, total, BIS-spliced, GDP",A: Normal value
JP,2008Q3,20.90485459691,"Japan - Central bank, assets, total, BIS-spliced, GDP",A: Normal value
JP,2008Q4,23.013952387185,"Japan - Central bank, assets, total, BIS-spliced, GDP",A: Normal value
JP,2009Q1,23.695788087754,"Japan - Central bank, assets, total, BIS-spliced, GDP",A: Normal value
JP,2009Q2,21.383808743389,"Japan - Central bank, assets, total, BIS-spliced, GDP",A: Normal value
JP,2009Q3,23.022945103368,"Japan - Central bank, assets, total, BIS-spliced, GDP",A: Normal value
JP,2009Q4,24.53073804562,"Japan - Central bank, assets, total, BIS-spliced, GDP",A: Normal value
JP,2010Q1,24.322002330996,"Japan - Central bank, assets, total, BIS-spliced, GDP",A: Normal value
JP,2010Q2,22.523247556893,"Japan - Central bank, assets, total, BIS-spliced, GDP",A: Normal value
JP,2010Q3,23.697522424864,"Japan - Central bank, assets, total, BIS-spliced, GDP",A: Normal value
JP,2010Q4,25.221816970442,"Japan - Central bank, assets, total, BIS-spliced, GDP",A: Normal value
JP,2011Q1,27.951611740226,"Japan - Central bank, assets, total, BIS-spliced, GDP",A: Normal value
JP,2011Q2,25.639875756286,"Japan - Central bank, assets, total, BIS-spliced, GDP",A: Normal value
JP,2011Q3,27.390376775083,"Japan - Central bank, assets, total, BIS-spliced, GDP",A: Normal value
JP,2011Q4,28.523978036908,"Japan - Central bank, assets, total, BIS-spliced, GDP",A: Normal value
JP,2012Q1,27.667716943004,"Japan - Central bank, assets, total, BIS-spliced, GDP",A: Normal value
JP,2012Q2,28.345874874573,"Japan - Central bank, assets, total, BIS-spliced, GDP",A: Normal value
JP,2012Q3,29.616477356909,"Japan - Central bank, assets, total, BIS-spliced, GDP",A: Normal value
JP,2012Q4,31.326002364048,"Japan - Central bank, assets, total, BIS-spliced, GDP",A: Normal value
JP,2013Q1,32.662795161939,"Japan - Central bank, assets, total, BIS-spliced, GDP",A: Normal value
JP,2013Q2,36.922944528856,"Japan - Central bank, assets, total, BIS-spliced, GDP",A: Normal value
JP,2013Q3,40.89527788646,"Japan - Central bank, assets, total, BIS-spliced, GDP",A: Normal value
JP,2013Q4,43.547452611926,"Japan - Central bank, assets, total, BIS-spliced, GDP",A: Normal value
JP,2014Q1,46.569853609323,"Japan - Central bank, assets, total, BIS-spliced, GDP",A: Normal value
JP,2014Q2,49.355394626472,"Japan - Central bank, assets, total, BIS-spliced, GDP",A: Normal value
JP,2014Q3,52.825468069261,"Japan - Central bank, assets, total, BIS-spliced, GDP",A: Normal value
JP,2014Q4,56.848134291193,"Japan - Central bank, assets, total, BIS-spliced, GDP",A: Normal value
JP,2015Q1,60.658687250907,"Japan - Central bank, assets, total, BIS-spliced, GDP",A: Normal value
JP,2015Q2,64.104130764154,"Japan - Central bank, assets, total, BIS-spliced, GDP",A: Normal value
JP,2015Q3,67.240580180989,"Japan - Central bank, assets, total, BIS-spliced, GDP",A: Normal value
JP,2015Q4,69.792717827272,"Japan - Central bank, assets, total, BIS-spliced, GDP",A: Normal value
JP,2016Q1,73.503296497406,"Japan - Central bank, assets, total, BIS-spliced, GDP",A: Normal value
JP,2016Q2,78.209623469035,"Japan - Central bank, assets, total, BIS-spliced, GDP",A: Normal value
JP,2016Q3,82.385186797653,"Japan - Central bank, assets, total, BIS-spliced, GDP",A: Normal value
JP,2016Q4,85.736237162002,"Japan - Central bank, assets, total, BIS-spliced, GDP",A: Normal value
JP,2017Q1,88.114638190807,"Japan - Central bank, assets, total, BIS-spliced, GDP",A: Normal value
JP,2017Q2,89.998051658125,"Japan - Central bank, assets, total, BIS-spliced, GDP",A: Normal value
JP,2017Q3,91.430106920383,"Japan - Central bank, assets, total, BIS-spliced, GDP",A: Normal value
JP,2017Q4,92.279220618619,"Japan - Central bank, assets, total, BIS-spliced, GDP",A: Normal value
JP,2018Q1,93.064087812756,"Japan - Central bank, assets, total, BIS-spliced, GDP",A: Normal value
JP,2018Q2,94.198596090153,"Japan - Central bank, assets, total, BIS-spliced, GDP",A: Normal value
JP,2018Q3,95.79838188154,"Japan - Central bank, assets, total, BIS-spliced, GDP",A: Normal value
JP,2018Q4,96.994205349389,"Japan - Central bank, assets, total, BIS-spliced, GDP",A: Normal value
JP,2019Q1,97.729626641303,"Japan - Central bank, assets, total, BIS-spliced, GDP",A: Normal value
JP,2019Q2,98.952619266415,"Japan - Central bank, assets, total, BIS-spliced, GDP",A: Normal value
JP,2019Q3,99.490536743584,"Japan - Central bank, assets, total, BIS-spliced, GDP",A: Normal value
JP,2019Q4,100.21178488937,"Japan - Central bank, assets, total, BIS-spliced, GDP",A: Normal value
JP,2020Q1,105.93223353772,"Japan - Central bank, assets, total, BIS-spliced, GDP",A: Normal value
JP,2020Q2,116.06346962502,"Japan - Central bank, assets, total, BIS-spliced, GDP",A: Normal value
JP,2020Q3,124.56600931022,"Japan - Central bank, assets, total, BIS-spliced, GDP",A: Normal value
JP,2020Q4,126.86083522985,"Japan - Central bank, assets, total, BIS-spliced, GDP",A: Normal value
JP,2021Q1,128.9628177037,"Japan - Central bank, assets, total, BIS-spliced, GDP",A: Normal value
JP,2021Q2,126.84200862619,"Japan - Central bank, assets, total, BIS-spliced, GDP",A: Normal value
JP,2021Q3,127.07198745668,"Japan - Central bank, assets, total, BIS-spliced, GDP",A: Normal value
JP,2021Q4,126.15354863444,"Japan - Central bank, assets, total, BIS-spliced, GDP",A: Normal value
JP,2022Q1,127.69061712127,"Japan - Central bank, assets, total, BIS-spliced, GDP",A: Normal value
JP,2022Q2,126.50555305454,"Japan - Central bank, assets, total, BIS-spliced, GDP",A: Normal value
JP,2022Q3,117.95342888535,"Japan - Central bank, assets, total, BIS-spliced, GDP",A: Normal value
JP,2022Q4,120.33631157733,"Japan - Central bank, assets, total, BIS-spliced, GDP",A: Normal value
JP,2023Q1,124.29886366149,"Japan - Central bank, assets, total, BIS-spliced, GDP",A: Normal value
JP,2023Q2,122.18139663844,"Japan - Central bank, assets, total, BIS-spliced, GDP",A: Normal value
JP,2023Q3,121.84052409972,"Japan - Central bank, assets, total, BIS-spliced, GDP",A: Normal value
JP,2023Q4,121.73662077296,"Japan - Central bank, assets, total, BIS-spliced, GDP",A: Normal value
JP,2024Q1,122.09783960895,"Japan - Central bank, assets, total, BIS-spliced, GDP",A: Normal value
JP,2024Q2,120.91559113695,"Japan - Central bank, assets, total, BIS-spliced, GDP",A: Normal value
JP,2024Q3,119.7736049095,"Japan - Central bank, assets, total, BIS-spliced, GDP",A: Normal value
JP,2024Q4,117.85297007235,"Japan - Central bank, assets, total, BIS-spliced, GDP",A: Normal value
JP,2025Q1,113.55104442758,"Japan - Central bank, assets, total, BIS-spliced, GDP",A: Normal value
JP,2025Q2,110.23955517865,"Japan - Central bank, assets, total, BIS-spliced, GDP",A: Normal value
JP,2025Q3,105.85100247105,"Japan - Central bank, assets, total, BIS-spliced, GDP",A: Normal value
JP,2025Q4,102.15079587503,"Japan - Central bank, assets, total, BIS-spliced, GDP",A: Normal value
JP,2026Q1,98.850833999859,"Japan - Central bank, assets, total, BIS-spliced, GDP",A: Normal value
KR,1970Q1,13.265200141252,"Korea - Central bank, assets, total, BIS-spliced, GDP",A: Normal value
KR,1970Q2,13.095298992276,"Korea - Central bank, assets, total, BIS-spliced, GDP",A: Normal value
KR,1970Q3,13.596519171167,"Korea - Central bank, assets, total, BIS-spliced, GDP",A: Normal value
KR,1970Q4,13.858859391061,"Korea - Central bank, assets, total, BIS-spliced, GDP",A: Normal value
KR,1971Q1,12.669592308465,"Korea - Central bank, assets, total, BIS-spliced, GDP",A: Normal value
KR,1971Q2,12.06332221313,"Korea - Central bank, assets, total, BIS-spliced, GDP",A: Normal value
KR,1971Q3,12.688178492173,"Korea - Central bank, assets, total, BIS-spliced, GDP",A: Normal value
KR,1971Q4,11.798577721475,"Korea - Central bank, assets, total, BIS-spliced, GDP",A: Normal value
KR,1972Q1,10.582171012735,"Korea - Central bank, assets, total, BIS-spliced, GDP",A: Normal value
KR,1972Q2,11.475538365043,"Korea - Central bank, assets, total, BIS-spliced, GDP",A: Normal value
KR,1972Q3,15.411938825851,"Korea - Central bank, assets, total, BIS-spliced, GDP",A: Normal value
KR,1972Q4,19.408999328408,"Korea - Central bank, assets, total, BIS-spliced, GDP",A: Normal value
KR,1973Q1,18.478591610519,"Korea - Central bank, assets, total, BIS-spliced, GDP",A: Normal value
KR,1973Q2,19.618215742962,"Korea - Central bank, assets, total, BIS-spliced, GDP",A: Normal value
KR,1973Q3,20.89945574334,"Korea - Central bank, assets, total, BIS-spliced, GDP",A: Normal value
KR,1973Q4,20.870884268761,"Korea - Central bank, assets, total, BIS-spliced, GDP",A: Normal value
KR,1974Q1,19.057274819357,"Korea - Central bank, assets, total, BIS-spliced, GDP",A: Normal value
KR,1974Q2,17.970843763805,"Korea - Central bank, assets, total, BIS-spliced, GDP",A: Normal value
KR,1974Q3,17.529885902568,"Korea - Central bank, assets, total, BIS-spliced, GDP",A: Normal value
KR,1974Q4,18.555494697007,"Korea - Central bank, assets, total, BIS-spliced, GDP",A: Normal value
KR,1975Q1,17.823040421588,"Korea - Central bank, assets, total, BIS-spliced, GDP",A: Normal value
KR,1975Q2,19.324394128535,"Korea - Central bank, assets, total, BIS-spliced, GDP",A: Normal value
KR,1975Q3,20.433878929592,"Korea - Central bank, assets, total, BIS-spliced, GDP",A: Normal value
KR,1975Q4,20.297880287609,"Korea - Central bank, assets, total, BIS-spliced, GDP",A: Normal value
KR,1976Q1,19.904190174763,"Korea - Central bank, assets, total, BIS-spliced, GDP",A: Normal value
KR,1976Q2,19.011042905961,"Korea - Central bank, assets, total, BIS-spliced, GDP",A: Normal value
KR,1976Q3,19.918390586449,"Korea - Central bank, assets, total, BIS-spliced, GDP",A: Normal value
KR,1976Q4,19.736591471877,"Korea - Central bank, assets, total, BIS-spliced, GDP",A: Normal value
KR,1977Q1,18.425745368707,"Korea - Central bank, assets, total, BIS-spliced, GDP",A: Normal value
KR,1977Q2,18.404934070608,"Korea - Central bank, assets, total, BIS-spliced, GDP",A: Normal value
KR,1977Q3,19.715820323636,"Korea - Central bank, assets, total, BIS-spliced, GDP",A: Normal value
KR,1977Q4,21.342550231921,"Korea - Central bank, assets, total, BIS-spliced, GDP",A: Normal value
KR,1978Q1,19.24658005763,"Korea - Central bank, assets, total, BIS-spliced, GDP",A: Normal value
KR,1978Q2,18.51772483757,"Korea - Central bank, assets, total, BIS-spliced, GDP",A: Normal value
KR,1978Q3,18.088499607625,"Korea - Central bank, assets, total, BIS-spliced, GDP",A: Normal value
KR,1978Q4,19.006383178447,"Korea - Central bank, assets, total, BIS-spliced, GDP",A: Normal value
KR,1979Q1,17.806813319118,"Korea - Central bank, assets, total, BIS-spliced, GDP",A: Normal value
KR,1979Q2,17.064517660785,"Korea - Central bank, assets, total, BIS-spliced, GDP",A: Normal value
KR,1979Q3,17.34923197417,"Korea - Central bank, assets, total, BIS-spliced, GDP",A: Normal value
KR,1979Q4,17.535186904827,"Korea - Central bank, assets, total, BIS-spliced, GDP",A: Normal value
KR,1980Q1,16.116641685222,"Korea - Central bank, assets, total, BIS-spliced, GDP",A: Normal value
KR,1980Q2,15.947405855328,"Korea - Central bank, assets, total, BIS-spliced, GDP",A: Normal value
KR,1980Q3,16.912014021836,"Korea - Central bank, assets, total, BIS-spliced, GDP",A: Normal value
KR,1980Q4,17.525987423126,"Korea - Central bank, assets, total, BIS-spliced, GDP",A: Normal value
KR,1981Q1,16.506225643504,"Korea - Central bank, assets, total, BIS-spliced, GDP",A: Normal value
KR,1981Q2,16.708555765554,"Korea - Central bank, assets, total, BIS-spliced, GDP",A: Normal value
KR,1981Q3,15.63598098352,"Korea - Central bank, assets, total, BIS-spliced, GDP",A: Normal value
KR,1981Q4,16.938746869546,"Korea - Central bank, assets, total, BIS-spliced, GDP",A: Normal value
KR,1982Q1,16.363467852982,"Korea - Central bank, assets, total, BIS-spliced, GDP",A: Normal value
KR,1982Q2,16.069348992078,"Korea - Central bank, assets, total, BIS-spliced, GDP",A: Normal value
KR,1982Q3,16.52659284326,"Korea - Central bank, assets, total, BIS-spliced, GDP",A: Normal value
KR,1982Q4,16.714416764221,"Korea - Central bank, assets, total, BIS-spliced, GDP",A: Normal value
KR,1983Q1,15.214521236442,"Korea - Central bank, assets, total, BIS-spliced, GDP",A: Normal value
KR,1983Q2,14.383675517982,"Korea - Central bank, assets, total, BIS-spliced, GDP",A: Normal value
KR,1983Q3,15.208416965746,"Korea - Central bank, assets, total, BIS-spliced, GDP",A: Normal value
KR,1983Q4,16.313356366346,"Korea - Central bank, assets, total, BIS-spliced, GDP",A: Normal value
KR,1984Q1,14.761160760786,"Korea - Central bank, assets, total, BIS-spliced, GDP",A: Normal value
KR,1984Q2,15.789480722682,"Korea - Central bank, assets, total, BIS-spliced, GDP",A: Normal value
KR,1984Q3,16.352311312804,"Korea - Central bank, assets, total, BIS-spliced, GDP",A: Normal value
KR,1984Q4,17.056363640887,"Korea - Central bank, assets, total, BIS-spliced, GDP",A: Normal value
KR,1985Q1,16.40466786486,"Korea - Central bank, assets, total, BIS-spliced, GDP",A: Normal value
KR,1985Q2,17.231523647682,"Korea - Central bank, assets, total, BIS-spliced, GDP",A: Normal value
KR,1985Q3,19.038177097405,"Korea - Central bank, assets, total, BIS-spliced, GDP",A: Normal value
KR,1985Q4,18.011342866954,"Korea - Central bank, assets, total, BIS-spliced, GDP",A: Normal value
KR,1986Q1,16.962861699704,"Korea - Central bank, assets, total, BIS-spliced, GDP",A: Normal value
KR,1986Q2,16.98094231381,"Korea - Central bank, assets, total, BIS-spliced, GDP",A: Normal value
KR,1986Q3,18.412884957427,"Korea - Central bank, assets, total, BIS-spliced, GDP",A: Normal value
KR,1986Q4,17.553520463456,"Korea - Central bank, assets, total, BIS-spliced, GDP",A: Normal value
KR,1987Q1,17.886121903063,"Korea - Central bank, assets, total, BIS-spliced, GDP",A: Normal value
KR,1987Q2,18.207995463764,"Korea - Central bank, assets, total, BIS-spliced, GDP",A: Normal value
KR,1987Q3,19.035725148994,"Korea - Central bank, assets, total, BIS-spliced, GDP",A: Normal value
KR,1987Q4,20.562317882328,"Korea - Central bank, assets, total, BIS-spliced, GDP",A: Normal value
KR,1988Q1,22.258081590986,"Korea - Central bank, assets, total, BIS-spliced, GDP",A: Normal value
KR,1988Q2,23.539690663647,"Korea - Central bank, assets, total, BIS-spliced, GDP",A: Normal value
KR,1988Q3,23.733152477548,"Korea - Central bank, assets, total, BIS-spliced, GDP",A: Normal value
KR,1988Q4,24.385763444409,"Korea - Central bank, assets, total, BIS-spliced, GDP",A: Normal value
KR,1989Q1,23.823805000355,"Korea - Central bank, assets, total, BIS-spliced, GDP",A: Normal value
KR,1989Q2,23.944355094884,"Korea - Central bank, assets, total, BIS-spliced, GDP",A: Normal value
KR,1989Q3,23.898882970041,"Korea - Central bank, assets, total, BIS-spliced, GDP",A: Normal value
KR,1989Q4,23.669764540137,"Korea - Central bank, assets, total, BIS-spliced, GDP",A: Normal value
KR,1990Q1,21.151460278573,"Korea - Central bank, assets, total, BIS-spliced, GDP",A: Normal value
KR,1990Q2,22.002513516964,"Korea - Central bank, assets, total, BIS-spliced, GDP",A: Normal value
KR,1990Q3,22.885367015965,"Korea - Central bank, assets, total, BIS-spliced, GDP",A: Normal value
KR,1990Q4,21.124052852099,"Korea - Central bank, assets, total, BIS-spliced, GDP",A: Normal value
KR,1991Q1,19.792838434063,"Korea - Central bank, assets, total, BIS-spliced, GDP",A: Normal value
KR,1991Q2,18.871179735179,"Korea - Central bank, assets, total, BIS-spliced, GDP",A: Normal value
KR,1991Q3,18.338379705229,"Korea - Central bank, assets, total, BIS-spliced, GDP",A: Normal value
KR,1991Q4,18.558878242954,"Korea - Central bank, assets, total, BIS-spliced, GDP",A: Normal value
KR,1992Q1,17.70117169704,"Korea - Central bank, assets, total, BIS-spliced, GDP",A: Normal value
KR,1992Q2,17.919854804764,"Korea - Central bank, assets, total, BIS-spliced, GDP",A: Normal value
KR,1992Q3,18.802297458751,"Korea - Central bank, assets, total, BIS-spliced, GDP",A: Normal value
KR,1992Q4,19.565350207288,"Korea - Central bank, assets, total, BIS-spliced, GDP",A: Normal value
KR,1993Q1,18.183758638968,"Korea - Central bank, assets, total, BIS-spliced, GDP",A: Normal value
KR,1993Q2,18.42935978563,"Korea - Central bank, assets, total, BIS-spliced, GDP",A: Normal value
KR,1993Q3,18.715703845368,"Korea - Central bank, assets, total, BIS-spliced, GDP",A: Normal value
KR,1993Q4,19.373507206252,"Korea - Central bank, assets, total, BIS-spliced, GDP",A: Normal value
KR,1994Q1,18.182522108587,"Korea - Central bank, assets, total, BIS-spliced, GDP",A: Normal value
KR,1994Q2,17.756336393302,"Korea - Central bank, assets, total, BIS-spliced, GDP",A: Normal value
KR,1994Q3,17.350360503483,"Korea - Central bank, assets, total, BIS-spliced, GDP",A: Normal value
KR,1994Q4,17.270412258186,"Korea - Central bank, assets, total, BIS-spliced, GDP",A: Normal value
KR,1995Q1,15.701605173966,"Korea - Central bank, assets, total, BIS-spliced, GDP",A: Normal value
KR,1995Q2,15.17038764426,"Korea - Central bank, assets, total, BIS-spliced, GDP",A: Normal value
KR,1995Q3,15.017675890964,"Korea - Central bank, assets, total, BIS-spliced, GDP",A: Normal value
KR,1995Q4,15.495886547847,"Korea - Central bank, assets, total, BIS-spliced, GDP",A: Normal value
KR,1996Q1,14.64477091429,"Korea - Central bank, assets, total, BIS-spliced, GDP",A: Normal value
KR,1996Q2,15.003670566215,"Korea - Central bank, assets, total, BIS-spliced, GDP",A: Normal value
KR,1996Q3,14.748342055661,"Korea - Central bank, assets, total, BIS-spliced, GDP",A: Normal value
KR,1996Q4,13.735162277755,"Korea - Central bank, assets, total, BIS-spliced, GDP",A: Normal value
KR,1997Q1,11.328981413052,"Korea - Central bank, assets, total, BIS-spliced, GDP",A: Normal value
KR,1997Q2,12.166613615311,"Korea - Central bank, assets, total, BIS-spliced, GDP",A: Normal value
KR,1997Q3,12.389274175096,"Korea - Central bank, assets, total, BIS-spliced, GDP",A: Normal value
KR,1997Q4,20.057055996232,"Korea - Central bank, assets, total, BIS-spliced, GDP",A: Normal value
KR,1998Q1,23.245176284832,"Korea - Central bank, assets, total, BIS-spliced, GDP",A: Normal value
KR,1998Q2,23.992590115823,"Korea - Central bank, assets, total, BIS-spliced, GDP",A: Normal value
KR,1998Q3,24.734782391988,"Korea - Central bank, assets, total, BIS-spliced, GDP",A: Normal value
KR,1998Q4,22.964868073428,"Korea - Central bank, assets, total, BIS-spliced, GDP",A: Normal value
KR,1999Q1,23.30988287624,"Korea - Central bank, assets, total, BIS-spliced, GDP",A: Normal value
KR,1999Q2,22.121095267241,"Korea - Central bank, assets, total, BIS-spliced, GDP",A: Normal value
KR,1999Q3,21.022281030378,"Korea - Central bank, assets, total, BIS-spliced, GDP",A: Normal value
KR,1999Q4,21.246488773781,"Korea - Central bank, assets, total, BIS-spliced, GDP",A: Normal value
KR,2000Q1,21.825287167343,"Korea - Central bank, assets, total, BIS-spliced, GDP",A: Normal value
KR,2000Q2,22.14605137693,"Korea - Central bank, assets, total, BIS-spliced, GDP",A: Normal value
KR,2000Q3,21.787367264463,"Korea - Central bank, assets, total, BIS-spliced, GDP",A: Normal value
KR,2000Q4,23.091045643061,"Korea - Central bank, assets, total, BIS-spliced, GDP",A: Normal value
KR,2001Q1,23.632411943918,"Korea - Central bank, assets, total, BIS-spliced, GDP",A: Normal value
KR,2001Q2,22.258118806186,"Korea - Central bank, assets, total, BIS-spliced, GDP",A: Normal value
KR,2001Q3,22.541784723593,"Korea - Central bank, assets, total, BIS-spliced, GDP",A: Normal value
KR,2001Q4,23.534442956691,"Korea - Central bank, assets, total, BIS-spliced, GDP",A: Normal value
KR,2002Q1,24.782353681956,"Korea - Central bank, assets, total, BIS-spliced, GDP",A: Normal value
KR,2002Q2,22.908562879635,"Korea - Central bank, assets, total, BIS-spliced, GDP",A: Normal value
KR,2002Q3,23.153883374779,"Korea - Central bank, assets, total, BIS-spliced, GDP",A: Normal value
KR,2002Q4,22.07783967397,"Korea - Central bank, assets, total, BIS-spliced, GDP",A: Normal value
KR,2003Q1,22.234953636912,"Korea - Central bank, assets, total, BIS-spliced, GDP",A: Normal value
KR,2003Q2,21.368922768169,"Korea - Central bank, assets, total, BIS-spliced, GDP",A: Normal value
KR,2003Q3,22.439883992796,"Korea - Central bank, assets, total, BIS-spliced, GDP",A: Normal value
KR,2003Q4,25.310277284945,"Korea - Central bank, assets, total, BIS-spliced, GDP",A: Normal value
KR,2004Q1,28.30757882425,"Korea - Central bank, assets, total, BIS-spliced, GDP",A: Normal value
KR,2004Q2,26.380660964291,"Korea - Central bank, assets, total, BIS-spliced, GDP",A: Normal value
KR,2004Q3,26.517753763338,"Korea - Central bank, assets, total, BIS-spliced, GDP",A: Normal value
KR,2004Q4,26.836106152042,"Korea - Central bank, assets, total, BIS-spliced, GDP",A: Normal value
KR,2005Q1,28.920129823205,"Korea - Central bank, assets, total, BIS-spliced, GDP",A: Normal value
KR,2005Q2,27.973240201785,"Korea - Central bank, assets, total, BIS-spliced, GDP",A: Normal value
KR,2005Q3,28.216330269127,"Korea - Central bank, assets, total, BIS-spliced, GDP",A: Normal value
KR,2005Q4,27.257433487862,"Korea - Central bank, assets, total, BIS-spliced, GDP",A: Normal value
KR,2006Q1,28.082349752042,"Korea - Central bank, assets, total, BIS-spliced, GDP",A: Normal value
KR,2006Q2,27.610241005466,"Korea - Central bank, assets, total, BIS-spliced, GDP",A: Normal value
KR,2006Q3,29.692808922056,"Korea - Central bank, assets, total, BIS-spliced, GDP",A: Normal value
KR,2006Q4,28.977294027369,"Korea - Central bank, assets, total, BIS-spliced, GDP",A: Normal value
KR,2007Q1,28.882057251607,"Korea - Central bank, assets, total, BIS-spliced, GDP",A: Normal value
KR,2007Q2,28.65234570256,"Korea - Central bank, assets, total, BIS-spliced, GDP",A: Normal value
KR,2007Q3,27.066051805812,"Korea - Central bank, assets, total, BIS-spliced, GDP",A: Normal value
KR,2007Q4,28.51021818245,"Korea - Central bank, assets, total, BIS-spliced, GDP",A: Normal value
KR,2008Q1,28.142068793122,"Korea - Central bank, assets, total, BIS-spliced, GDP",A: Normal value
KR,2008Q2,27.378785533198,"Korea - Central bank, assets, total, BIS-spliced, GDP",A: Normal value
KR,2008Q3,25.166117215842,"Korea - Central bank, assets, total, BIS-spliced, GDP",A: Normal value
KR,2008Q4,25.964015817479,"Korea - Central bank, assets, total, BIS-spliced, GDP",A: Normal value
KR,2009Q1,28.637857736348,"Korea - Central bank, assets, total, BIS-spliced, GDP",A: Normal value
KR,2009Q2,30.972080537133,"Korea - Central bank, assets, total, BIS-spliced, GDP",A: Normal value
KR,2009Q3,31.739801307419,"Korea - Central bank, assets, total, BIS-spliced, GDP",A: Normal value
KR,2009Q4,28.999578190329,"Korea - Central bank, assets, total, BIS-spliced, GDP",A: Normal value
KR,2010Q1,30.769713972996,"Korea - Central bank, assets, total, BIS-spliced, GDP",A: Normal value
KR,2010Q2,30.611462471211,"Korea - Central bank, assets, total, BIS-spliced, GDP",A: Normal value
KR,2010Q3,30.414476970526,"Korea - Central bank, assets, total, BIS-spliced, GDP",A: Normal value
KR,2010Q4,27.778083050167,"Korea - Central bank, assets, total, BIS-spliced, GDP",A: Normal value
KR,2011Q1,32.352487856926,"Korea - Central bank, assets, total, BIS-spliced, GDP",A: Normal value
KR,2011Q2,31.43021420466,"Korea - Central bank, assets, total, BIS-spliced, GDP",A: Normal value
KR,2011Q3,30.128792094259,"Korea - Central bank, assets, total, BIS-spliced, GDP",A: Normal value
KR,2011Q4,31.502732753472,"Korea - Central bank, assets, total, BIS-spliced, GDP",A: Normal value
KR,2012Q1,33.134654784002,"Korea - Central bank, assets, total, BIS-spliced, GDP",A: Normal value
KR,2012Q2,32.217862862714,"Korea - Central bank, assets, total, BIS-spliced, GDP",A: Normal value
KR,2012Q3,31.65573891307,"Korea - Central bank, assets, total, BIS-spliced, GDP",A: Normal value
KR,2012Q4,29.673608391345,"Korea - Central bank, assets, total, BIS-spliced, GDP",A: Normal value
KR,2013Q1,31.066335022989,"Korea - Central bank, assets, total, BIS-spliced, GDP",A: Normal value
KR,2013Q2,32.223553712698,"Korea - Central bank, assets, total, BIS-spliced, GDP",A: Normal value
KR,2013Q3,31.383786602932,"Korea - Central bank, assets, total, BIS-spliced, GDP",A: Normal value
KR,2013Q4,29.185164636012,"Korea - Central bank, assets, total, BIS-spliced, GDP",A: Normal value
KR,2014Q1,29.712050712292,"Korea - Central bank, assets, total, BIS-spliced, GDP",A: Normal value
KR,2014Q2,30.101842298695,"Korea - Central bank, assets, total, BIS-spliced, GDP",A: Normal value
KR,2014Q3,30.618320771114,"Korea - Central bank, assets, total, BIS-spliced, GDP",A: Normal value
KR,2014Q4,29.649297305004,"Korea - Central bank, assets, total, BIS-spliced, GDP",A: Normal value
KR,2015Q1,30.277491725408,"Korea - Central bank, assets, total, BIS-spliced, GDP",A: Normal value
KR,2015Q2,30.245995855845,"Korea - Central bank, assets, total, BIS-spliced, GDP",A: Normal value
KR,2015Q3,28.798957095118,"Korea - Central bank, assets, total, BIS-spliced, GDP",A: Normal value
KR,2015Q4,28.085022316773,"Korea - Central bank, assets, total, BIS-spliced, GDP",A: Normal value
KR,2016Q1,27.360901266012,"Korea - Central bank, assets, total, BIS-spliced, GDP",A: Normal value
KR,2016Q2,26.433626714161,"Korea - Central bank, assets, total, BIS-spliced, GDP",A: Normal value
KR,2016Q3,26.219887205587,"Korea - Central bank, assets, total, BIS-spliced, GDP",A: Normal value
KR,2016Q4,26.203673203651,"Korea - Central bank, assets, total, BIS-spliced, GDP",A: Normal value
KR,2017Q1,26.13704180205,"Korea - Central bank, assets, total, BIS-spliced, GDP",A: Normal value
KR,2017Q2,25.360961424046,"Korea - Central bank, assets, total, BIS-spliced, GDP",A: Normal value
KR,2017Q3,24.843458211803,"Korea - Central bank, assets, total, BIS-spliced, GDP",A: Normal value
KR,2017Q4,24.329253854497,"Korea - Central bank, assets, total, BIS-spliced, GDP",A: Normal value
KR,2018Q1,24.55551707451,"Korea - Central bank, assets, total, BIS-spliced, GDP",A: Normal value
KR,2018Q2,25.302966281895,"Korea - Central bank, assets, total, BIS-spliced, GDP",A: Normal value
KR,2018Q3,25.000562931522,"Korea - Central bank, assets, total, BIS-spliced, GDP",A: Normal value
KR,2018Q4,24.679167572881,"Korea - Central bank, assets, total, BIS-spliced, GDP",A: Normal value
KR,2019Q1,24.873533838505,"Korea - Central bank, assets, total, BIS-spliced, GDP",A: Normal value
KR,2019Q2,24.885734033036,"Korea - Central bank, assets, total, BIS-spliced, GDP",A: Normal value
KR,2019Q3,24.871072473683,"Korea - Central bank, assets, total, BIS-spliced, GDP",A: Normal value
KR,2019Q4,24.138791331525,"Korea - Central bank, assets, total, BIS-spliced, GDP",A: Normal value
KR,2020Q1,24.87894071951,"Korea - Central bank, assets, total, BIS-spliced, GDP",A: Normal value
KR,2020Q2,27.778376368934,"Korea - Central bank, assets, total, BIS-spliced, GDP",A: Normal value
KR,2020Q3,26.48772289057,"Korea - Central bank, assets, total, BIS-spliced, GDP",A: Normal value
KR,2020Q4,26.171442373658,"Korea - Central bank, assets, total, BIS-spliced, GDP",A: Normal value
KR,2021Q1,26.801736258486,"Korea - Central bank, assets, total, BIS-spliced, GDP",A: Normal value
KR,2021Q2,26.489780982107,"Korea - Central bank, assets, total, BIS-spliced, GDP",A: Normal value
KR,2021Q3,26.594764537802,"Korea - Central bank, assets, total, BIS-spliced, GDP",A: Normal value
KR,2021Q4,26.807696791008,"Korea - Central bank, assets, total, BIS-spliced, GDP",A: Normal value
KR,2022Q1,26.237055958246,"Korea - Central bank, assets, total, BIS-spliced, GDP",A: Normal value
KR,2022Q2,26.67266009126,"Korea - Central bank, assets, total, BIS-spliced, GDP",A: Normal value
KR,2022Q3,25.157745622276,"Korea - Central bank, assets, total, BIS-spliced, GDP",A: Normal value
KR,2022Q4,25.08093381413,"Korea - Central bank, assets, total, BIS-spliced, GDP",A: Normal value
KR,2023Q1,25.27509976371,"Korea - Central bank, assets, total, BIS-spliced, GDP",A: Normal value
KR,2023Q2,24.369837846507,"Korea - Central bank, assets, total, BIS-spliced, GDP",A: Normal value
KR,2023Q3,22.570368617518,"Korea - Central bank, assets, total, BIS-spliced, GDP",A: Normal value
KR,2023Q4,22.26946925533,"Korea - Central bank, assets, total, BIS-spliced, GDP",A: Normal value
KR,2024Q1,22.352217293504,"Korea - Central bank, assets, total, BIS-spliced, GDP",A: Normal value
KR,2024Q2,22.598836623534,"Korea - Central bank, assets, total, BIS-spliced, GDP",A: Normal value
KR,2024Q3,22.286478045682,"Korea - Central bank, assets, total, BIS-spliced, GDP",A: Normal value
KR,2024Q4,23.291107278802,"Korea - Central bank, assets, total, BIS-spliced, GDP",A: Normal value
KR,2025Q1,23.048326819386,"Korea - Central bank, assets, total, BIS-spliced, GDP",A: Normal value
KR,2025Q2,21.990284007882,"Korea - Central bank, assets, total, BIS-spliced, GDP",A: Normal value
KR,2025Q3,21.941627796886,"Korea - Central bank, assets, total, BIS-spliced, GDP",A: Normal value
KR,2025Q4,23.701531767559,"Korea - Central bank, assets, total, BIS-spliced, GDP",A: Normal value
MX,1977Q1,8.0378229784979,"Mexico - Central bank, assets, total, BIS-spliced, GDP",A: Normal value
MX,1977Q2,8.724102164057,"Mexico - Central bank, assets, total, BIS-spliced, GDP",A: Normal value
MX,1977Q3,8.2722279144104,"Mexico - Central bank, assets, total, BIS-spliced, GDP",A: Normal value
MX,1977Q4,9.1693333765698,"Mexico - Central bank, assets, total, BIS-spliced, GDP",A: Normal value
MX,1978Q1,8.4131324535702,"Mexico - Central bank, assets, total, BIS-spliced, GDP",A: Normal value
MX,1978Q2,8.6137671093717,"Mexico - Central bank, assets, total, BIS-spliced, GDP",A: Normal value
MX,1978Q3,8.8830163321855,"Mexico - Central bank, assets, total, BIS-spliced, GDP",A: Normal value
MX,1978Q4,10.485801600347,"Mexico - Central bank, assets, total, BIS-spliced, GDP",A: Normal value
MX,1979Q1,10.795952791149,"Mexico - Central bank, assets, total, BIS-spliced, GDP",A: Normal value
MX,1979Q2,9.8465753733123,"Mexico - Central bank, assets, total, BIS-spliced, GDP",A: Normal value
MX,1979Q3,10.867089114499,"Mexico - Central bank, assets, total, BIS-spliced, GDP",A: Normal value
MX,1979Q4,11.48705600704,"Mexico - Central bank, assets, total, BIS-spliced, GDP",A: Normal value
MX,1980Q1,11.090684218889,"Mexico - Central bank, assets, total, BIS-spliced, GDP",A: Normal value
MX,1980Q2,10.941952765426,"Mexico - Central bank, assets, total, BIS-spliced, GDP",A: Normal value
MX,1980Q3,10.834500062843,"Mexico - Central bank, assets, total, BIS-spliced, GDP",A: Normal value
MX,1980Q4,11.617859519748,"Mexico - Central bank, assets, total, BIS-spliced, GDP",A: Normal value
MX,1981Q1,11.538070156051,"Mexico - Central bank, assets, total, BIS-spliced, GDP",A: Normal value
MX,1981Q2,11.984619747314,"Mexico - Central bank, assets, total, BIS-spliced, GDP",A: Normal value
MX,1981Q3,12.107594483341,"Mexico - Central bank, assets, total, BIS-spliced, GDP",A: Normal value
MX,1981Q4,12.745639034949,"Mexico - Central bank, assets, total, BIS-spliced, GDP",A: Normal value
MX,1982Q1,15.22550629585,"Mexico - Central bank, assets, total, BIS-spliced, GDP",A: Normal value
MX,1982Q2,15.381605087198,"Mexico - Central bank, assets, total, BIS-spliced, GDP",A: Normal value
MX,1982Q3,18.625769845606,"Mexico - Central bank, assets, total, BIS-spliced, GDP",A: Normal value
MX,1982Q4,22.26206265443,"Mexico - Central bank, assets, total, BIS-spliced, GDP",A: Normal value
MX,1983Q1,20.873371221791,"Mexico - Central bank, assets, total, BIS-spliced, GDP",A: Normal value
MX,1983Q2,19.411103594315,"Mexico - Central bank, assets, total, BIS-spliced, GDP",A: Normal value
MX,1983Q3,18.254121858956,"Mexico - Central bank, assets, total, BIS-spliced, GDP",A: Normal value
MX,1983Q4,17.579118123089,"Mexico - Central bank, assets, total, BIS-spliced, GDP",A: Normal value
MX,1984Q1,17.683625823318,"Mexico - Central bank, assets, total, BIS-spliced, GDP",A: Normal value
MX,1984Q2,16.99769764748,"Mexico - Central bank, assets, total, BIS-spliced, GDP",A: Normal value
MX,1984Q3,16.236061863918,"Mexico - Central bank, assets, total, BIS-spliced, GDP",A: Normal value
MX,1984Q4,16.648324470591,"Mexico - Central bank, assets, total, BIS-spliced, GDP",A: Normal value
MX,1985Q1,16.2717767695,"Mexico - Central bank, assets, total, BIS-spliced, GDP",A: Normal value
MX,1985Q2,14.785583796376,"Mexico - Central bank, assets, total, BIS-spliced, GDP",A: Normal value
MX,1985Q3,13.415908599951,"Mexico - Central bank, assets, total, BIS-spliced, GDP",A: Normal value
MX,1985Q4,14.30182687139,"Mexico - Central bank, assets, total, BIS-spliced, GDP",A: Normal value
MX,1986Q1,14.766890760101,"Mexico - Central bank, assets, total, BIS-spliced, GDP",A: Normal value
MX,1986Q2,14.871076236007,"Mexico - Central bank, assets, total, BIS-spliced, GDP",A: Normal value
MX,1986Q3,15.00325730171,"Mexico - Central bank, assets, total, BIS-spliced, GDP",A: Normal value
MX,1986Q4,16.639737335494,"Mexico - Central bank, assets, total, BIS-spliced, GDP",A: Normal value
MX,1987Q1,16.655007256176,"Mexico - Central bank, assets, total, BIS-spliced, GDP",A: Normal value
MX,1987Q2,18.951324016752,"Mexico - Central bank, assets, total, BIS-spliced, GDP",A: Normal value
MX,1987Q3,17.821766528111,"Mexico - Central bank, assets, total, BIS-spliced, GDP",A: Normal value
MX,1987Q4,19.014404632663,"Mexico - Central bank, assets, total, BIS-spliced, GDP",A: Normal value
MX,1988Q1,17.27487622925,"Mexico - Central bank, assets, total, BIS-spliced, GDP",A: Normal value
MX,1988Q2,13.901681045123,"Mexico - Central bank, assets, total, BIS-spliced, GDP",A: Normal value
MX,1988Q3,11.098150476304,"Mexico - Central bank, assets, total, BIS-spliced, GDP",A: Normal value
MX,1988Q4,10.777628295287,"Mexico - Central bank, assets, total, BIS-spliced, GDP",A: Normal value
MX,1989Q1,10.489480488389,"Mexico - Central bank, assets, total, BIS-spliced, GDP",A: Normal value
MX,1989Q2,9.7348437848718,"Mexico - Central bank, assets, total, BIS-spliced, GDP",A: Normal value
MX,1989Q3,10.829209009177,"Mexico - Central bank, assets, total, BIS-spliced, GDP",A: Normal value
MX,1989Q4,10.804635501612,"Mexico - Central bank, assets, total, BIS-spliced, GDP",A: Normal value
MX,1990Q1,9.7767013397667,"Mexico - Central bank, assets, total, BIS-spliced, GDP",A: Normal value
MX,1990Q2,9.7660190674087,"Mexico - Central bank, assets, total, BIS-spliced, GDP",A: Normal value
MX,1990Q3,8.9115253037934,"Mexico - Central bank, assets, total, BIS-spliced, GDP",A: Normal value
MX,1990Q4,9.6142639212439,"Mexico - Central bank, assets, total, BIS-spliced, GDP",A: Normal value
MX,1991Q1,8.7756236676413,"Mexico - Central bank, assets, total, BIS-spliced, GDP",A: Normal value
MX,1991Q2,8.8505730506921,"Mexico - Central bank, assets, total, BIS-spliced, GDP",A: Normal value
MX,1991Q3,9.9679923704582,"Mexico - Central bank, assets, total, BIS-spliced, GDP",A: Normal value
MX,1991Q4,8.6989941393596,"Mexico - Central bank, assets, total, BIS-spliced, GDP",A: Normal value
MX,1992Q1,8.1121705449292,"Mexico - Central bank, assets, total, BIS-spliced, GDP",A: Normal value
MX,1992Q2,8.9219070073095,"Mexico - Central bank, assets, total, BIS-spliced, GDP",A: Normal value
MX,1992Q3,6.934325784381,"Mexico - Central bank, assets, total, BIS-spliced, GDP",A: Normal value
MX,1992Q4,7.6257570110174,"Mexico - Central bank, assets, total, BIS-spliced, GDP",A: Normal value
MX,1993Q1,6.9913033664603,"Mexico - Central bank, assets, total, BIS-spliced, GDP",A: Normal value
MX,1993Q2,7.0762326766429,"Mexico - Central bank, assets, total, BIS-spliced, GDP",A: Normal value
MX,1993Q3,7.1986099157468,"Mexico - Central bank, assets, total, BIS-spliced, GDP",A: Normal value
MX,1993Q4,9.2528808524729,"Mexico - Central bank, assets, total, BIS-spliced, GDP",A: Normal value
MX,1994Q1,11.717191683217,"Mexico - Central bank, assets, total, BIS-spliced, GDP",A: Normal value
MX,1994Q2,5.9837344403663,"Mexico - Central bank, assets, total, BIS-spliced, GDP",A: Normal value
MX,1994Q3,6.2684752591795,"Mexico - Central bank, assets, total, BIS-spliced, GDP",A: Normal value
MX,1994Q4,10.004238077324,"Mexico - Central bank, assets, total, BIS-spliced, GDP",A: Normal value
MX,1995Q1,12.329420808555,"Mexico - Central bank, assets, total, BIS-spliced, GDP",A: Normal value
MX,1995Q2,11.657056960594,"Mexico - Central bank, assets, total, BIS-spliced, GDP",A: Normal value
MX,1995Q3,11.258301863411,"Mexico - Central bank, assets, total, BIS-spliced, GDP",A: Normal value
MX,1995Q4,11.998779519892,"Mexico - Central bank, assets, total, BIS-spliced, GDP",A: Normal value
MX,1996Q1,10.840966603512,"Mexico - Central bank, assets, total, BIS-spliced, GDP",A: Normal value
MX,1996Q2,10.294343095273,"Mexico - Central bank, assets, total, BIS-spliced, GDP",A: Normal value
MX,1996Q3,9.4047740816642,"Mexico - Central bank, assets, total, BIS-spliced, GDP",A: Normal value
MX,1996Q4,8.3951856600105,"Mexico - Central bank, assets, total, BIS-spliced, GDP",A: Normal value
MX,1997Q1,8.3376079615364,"Mexico - Central bank, assets, total, BIS-spliced, GDP",A: Normal value
MX,1997Q2,8.2654425028442,"Mexico - Central bank, assets, total, BIS-spliced, GDP",A: Normal value
MX,1997Q3,8.4612500890178,"Mexico - Central bank, assets, total, BIS-spliced, GDP",A: Normal value
MX,1997Q4,8.9024739071659,"Mexico - Central bank, assets, total, BIS-spliced, GDP",A: Normal value
MX,1998Q1,8.6690976850459,"Mexico - Central bank, assets, total, BIS-spliced, GDP",A: Normal value
MX,1998Q2,8.9300050400547,"Mexico - Central bank, assets, total, BIS-spliced, GDP",A: Normal value
MX,1998Q3,8.6504624891583,"Mexico - Central bank, assets, total, BIS-spliced, GDP",A: Normal value
MX,1998Q4,8.9581095920799,"Mexico - Central bank, assets, total, BIS-spliced, GDP",A: Normal value
MX,1999Q1,9.3503817430956,"Mexico - Central bank, assets, total, BIS-spliced, GDP",A: Normal value
MX,1999Q2,9.2717257727619,"Mexico - Central bank, assets, total, BIS-spliced, GDP",A: Normal value
MX,1999Q3,8.8425410102323,"Mexico - Central bank, assets, total, BIS-spliced, GDP",A: Normal value
MX,1999Q4,9.6596987413205,"Mexico - Central bank, assets, total, BIS-spliced, GDP",A: Normal value
MX,2000Q1,8.6889051506299,"Mexico - Central bank, assets, total, BIS-spliced, GDP",A: Normal value
MX,2000Q2,8.853340649608,"Mexico - Central bank, assets, total, BIS-spliced, GDP",A: Normal value
MX,2000Q3,8.3231560567777,"Mexico - Central bank, assets, total, BIS-spliced, GDP",A: Normal value
MX,2000Q4,8.8577950642278,"Mexico - Central bank, assets, total, BIS-spliced, GDP",A: Normal value
MX,2001Q1,8.5990393674268,"Mexico - Central bank, assets, total, BIS-spliced, GDP",A: Normal value
MX,2001Q2,8.107561787688,"Mexico - Central bank, assets, total, BIS-spliced, GDP",A: Normal value
MX,2001Q3,8.8256824059989,"Mexico - Central bank, assets, total, BIS-spliced, GDP",A: Normal value
MX,2001Q4,8.9474213046791,"Mexico - Central bank, assets, total, BIS-spliced, GDP",A: Normal value
MX,2002Q1,9.0825452053771,"Mexico - Central bank, assets, total, BIS-spliced, GDP",A: Normal value
MX,2002Q2,9.6399615408923,"Mexico - Central bank, assets, total, BIS-spliced, GDP",A: Normal value
MX,2002Q3,9.8555725611489,"Mexico - Central bank, assets, total, BIS-spliced, GDP",A: Normal value
MX,2002Q4,10.146716873608,"Mexico - Central bank, assets, total, BIS-spliced, GDP",A: Normal value
MX,2003Q1,9.6517438265884,"Mexico - Central bank, assets, total, BIS-spliced, GDP",A: Normal value
MX,2003Q2,10.44292974792,"Mexico - Central bank, assets, total, BIS-spliced, GDP",A: Normal value
MX,2003Q3,10.492153795251,"Mexico - Central bank, assets, total, BIS-spliced, GDP",A: Normal value
MX,2003Q4,10.840669831967,"Mexico - Central bank, assets, total, BIS-spliced, GDP",A: Normal value
MX,2004Q1,10.612396262042,"Mexico - Central bank, assets, total, BIS-spliced, GDP",A: Normal value
MX,2004Q2,10.838498171937,"Mexico - Central bank, assets, total, BIS-spliced, GDP",A: Normal value
MX,2004Q3,9.7568704535818,"Mexico - Central bank, assets, total, BIS-spliced, GDP",A: Normal value
MX,2004Q4,10.233921674254,"Mexico - Central bank, assets, total, BIS-spliced, GDP",A: Normal value
MX,2005Q1,9.7715567727302,"Mexico - Central bank, assets, total, BIS-spliced, GDP",A: Normal value
MX,2005Q2,9.1667679623159,"Mexico - Central bank, assets, total, BIS-spliced, GDP",A: Normal value
MX,2005Q3,9.2206054941801,"Mexico - Central bank, assets, total, BIS-spliced, GDP",A: Normal value
MX,2005Q4,10.029905751574,"Mexico - Central bank, assets, total, BIS-spliced, GDP",A: Normal value
MX,2006Q1,9.1771507514349,"Mexico - Central bank, assets, total, BIS-spliced, GDP",A: Normal value
MX,2006Q2,10.586706333868,"Mexico - Central bank, assets, total, BIS-spliced, GDP",A: Normal value
MX,2006Q3,9.5604092886564,"Mexico - Central bank, assets, total, BIS-spliced, GDP",A: Normal value
MX,2006Q4,9.8712077995505,"Mexico - Central bank, assets, total, BIS-spliced, GDP",A: Normal value
MX,2007Q1,9.485829808269,"Mexico - Central bank, assets, total, BIS-spliced, GDP",A: Normal value
MX,2007Q2,9.766086792185,"Mexico - Central bank, assets, total, BIS-spliced, GDP",A: Normal value
MX,2007Q3,9.6035988404485,"Mexico - Central bank, assets, total, BIS-spliced, GDP",A: Normal value
MX,2007Q4,9.8142883617504,"Mexico - Central bank, assets, total, BIS-spliced, GDP",A: Normal value
MX,2008Q1,10.032212543915,"Mexico - Central bank, assets, total, BIS-spliced, GDP",A: Normal value
MX,2008Q2,9.5473110107916,"Mexico - Central bank, assets, total, BIS-spliced, GDP",A: Normal value
MX,2008Q3,9.8756776887051,"Mexico - Central bank, assets, total, BIS-spliced, GDP",A: Normal value
MX,2008Q4,11.963476448371,"Mexico - Central bank, assets, total, BIS-spliced, GDP",A: Normal value
MX,2009Q1,11.94508782785,"Mexico - Central bank, assets, total, BIS-spliced, GDP",A: Normal value
MX,2009Q2,11.711800036348,"Mexico - Central bank, assets, total, BIS-spliced, GDP",A: Normal value
MX,2009Q3,12.827090880709,"Mexico - Central bank, assets, total, BIS-spliced, GDP",A: Normal value
MX,2009Q4,12.597582333342,"Mexico - Central bank, assets, total, BIS-spliced, GDP",A: Normal value
MX,2010Q1,11.856769886733,"Mexico - Central bank, assets, total, BIS-spliced, GDP",A: Normal value
MX,2010Q2,12.013790643075,"Mexico - Central bank, assets, total, BIS-spliced, GDP",A: Normal value
MX,2010Q3,11.624247730289,"Mexico - Central bank, assets, total, BIS-spliced, GDP",A: Normal value
MX,2010Q4,11.2195779306,"Mexico - Central bank, assets, total, BIS-spliced, GDP",A: Normal value
MX,2011Q1,11.218128565051,"Mexico - Central bank, assets, total, BIS-spliced, GDP",A: Normal value
MX,2011Q2,11.348810684566,"Mexico - Central bank, assets, total, BIS-spliced, GDP",A: Normal value
MX,2011Q3,13.887557160967,"Mexico - Central bank, assets, total, BIS-spliced, GDP",A: Normal value
MX,2011Q4,14.198899221337,"Mexico - Central bank, assets, total, BIS-spliced, GDP",A: Normal value
MX,2012Q1,13.377314152172,"Mexico - Central bank, assets, total, BIS-spliced, GDP",A: Normal value
MX,2012Q2,14.019093531158,"Mexico - Central bank, assets, total, BIS-spliced, GDP",A: Normal value
MX,2012Q3,14.40931613467,"Mexico - Central bank, assets, total, BIS-spliced, GDP",A: Normal value
MX,2012Q4,13.854350243922,"Mexico - Central bank, assets, total, BIS-spliced, GDP",A: Normal value
MX,2013Q1,13.877006641528,"Mexico - Central bank, assets, total, BIS-spliced, GDP",A: Normal value
MX,2013Q2,14.130931588814,"Mexico - Central bank, assets, total, BIS-spliced, GDP",A: Normal value
MX,2013Q3,14.759026949646,"Mexico - Central bank, assets, total, BIS-spliced, GDP",A: Normal value
MX,2013Q4,15.082129163487,"Mexico - Central bank, assets, total, BIS-spliced, GDP",A: Normal value
MX,2014Q1,15.15573732111,"Mexico - Central bank, assets, total, BIS-spliced, GDP",A: Normal value
MX,2014Q2,14.981192209842,"Mexico - Central bank, assets, total, BIS-spliced, GDP",A: Normal value
MX,2014Q3,15.445357628948,"Mexico - Central bank, assets, total, BIS-spliced, GDP",A: Normal value
MX,2014Q4,17.173345845105,"Mexico - Central bank, assets, total, BIS-spliced, GDP",A: Normal value
MX,2015Q1,17.906429462986,"Mexico - Central bank, assets, total, BIS-spliced, GDP",A: Normal value
MX,2015Q2,17.765170442845,"Mexico - Central bank, assets, total, BIS-spliced, GDP",A: Normal value
MX,2015Q3,18.865929510543,"Mexico - Central bank, assets, total, BIS-spliced, GDP",A: Normal value
MX,2015Q4,19.129079610149,"Mexico - Central bank, assets, total, BIS-spliced, GDP",A: Normal value
MX,2016Q1,18.349640925052,"Mexico - Central bank, assets, total, BIS-spliced, GDP",A: Normal value
MX,2016Q2,17.271549206869,"Mexico - Central bank, assets, total, BIS-spliced, GDP",A: Normal value
MX,2016Q3,17.964236870021,"Mexico - Central bank, assets, total, BIS-spliced, GDP",A: Normal value
MX,2016Q4,18.696868823403,"Mexico - Central bank, assets, total, BIS-spliced, GDP",A: Normal value
MX,2017Q1,16.818118178366,"Mexico - Central bank, assets, total, BIS-spliced, GDP",A: Normal value
MX,2017Q2,15.944879875997,"Mexico - Central bank, assets, total, BIS-spliced, GDP",A: Normal value
MX,2017Q3,16.393665654405,"Mexico - Central bank, assets, total, BIS-spliced, GDP",A: Normal value
MX,2017Q4,16.549936139432,"Mexico - Central bank, assets, total, BIS-spliced, GDP",A: Normal value
MX,2018Q1,15.176498706805,"Mexico - Central bank, assets, total, BIS-spliced, GDP",A: Normal value
MX,2018Q2,15.316194063201,"Mexico - Central bank, assets, total, BIS-spliced, GDP",A: Normal value
MX,2018Q3,15.432999158493,"Mexico - Central bank, assets, total, BIS-spliced, GDP",A: Normal value
MX,2018Q4,15.926057276844,"Mexico - Central bank, assets, total, BIS-spliced, GDP",A: Normal value
MX,2019Q1,14.848507741046,"Mexico - Central bank, assets, total, BIS-spliced, GDP",A: Normal value
MX,2019Q2,14.769083050045,"Mexico - Central bank, assets, total, BIS-spliced, GDP",A: Normal value
MX,2019Q3,15.964907882234,"Mexico - Central bank, assets, total, BIS-spliced, GDP",A: Normal value
MX,2019Q4,15.152744872882,"Mexico - Central bank, assets, total, BIS-spliced, GDP",A: Normal value
MX,2020Q1,18.626202176426,"Mexico - Central bank, assets, total, BIS-spliced, GDP",A: Normal value
MX,2020Q2,19.927968614153,"Mexico - Central bank, assets, total, BIS-spliced, GDP",A: Normal value
MX,2020Q3,20.146126824051,"Mexico - Central bank, assets, total, BIS-spliced, GDP",A: Normal value
MX,2020Q4,19.074151526508,"Mexico - Central bank, assets, total, BIS-spliced, GDP",A: Normal value
MX,2021Q1,19.113464098653,"Mexico - Central bank, assets, total, BIS-spliced, GDP",A: Normal value
MX,2021Q2,17.424319093801,"Mexico - Central bank, assets, total, BIS-spliced, GDP",A: Normal value
MX,2021Q3,18.439458594974,"Mexico - Central bank, assets, total, BIS-spliced, GDP",A: Normal value
MX,2021Q4,17.807341236276,"Mexico - Central bank, assets, total, BIS-spliced, GDP",A: Normal value
MX,2022Q1,16.368114008578,"Mexico - Central bank, assets, total, BIS-spliced, GDP",A: Normal value
MX,2022Q2,16.212629369398,"Mexico - Central bank, assets, total, BIS-spliced, GDP",A: Normal value
MX,2022Q3,16.238453385098,"Mexico - Central bank, assets, total, BIS-spliced, GDP",A: Normal value
MX,2022Q4,14.819495662384,"Mexico - Central bank, assets, total, BIS-spliced, GDP",A: Normal value
MX,2023Q1,14.050090204146,"Mexico - Central bank, assets, total, BIS-spliced, GDP",A: Normal value
MX,2023Q2,13.197237283667,"Mexico - Central bank, assets, total, BIS-spliced, GDP",A: Normal value
MX,2023Q3,13.411854001211,"Mexico - Central bank, assets, total, BIS-spliced, GDP",A: Normal value
MX,2023Q4,13.143430674527,"Mexico - Central bank, assets, total, BIS-spliced, GDP",A: Normal value
MX,2024Q1,13.085430721966,"Mexico - Central bank, assets, total, BIS-spliced, GDP",A: Normal value
MX,2024Q2,13.98163736182,"Mexico - Central bank, assets, total, BIS-spliced, GDP",A: Normal value
MX,2024Q3,15.651276756522,"Mexico - Central bank, assets, total, BIS-spliced, GDP",A: Normal value
MX,2024Q4,16.559423158084,"Mexico - Central bank, assets, total, BIS-spliced, GDP",A: Normal value
MX,2025Q1,15.906432471826,"Mexico - Central bank, assets, total, BIS-spliced, GDP",A: Normal value
MX,2025Q2,15.393418506277,"Mexico - Central bank, assets, total, BIS-spliced, GDP",A: Normal value
MX,2025Q3,15.517290127047,"Mexico - Central bank, assets, total, BIS-spliced, GDP",A: Normal value
MX,2025Q4,15.362303684987,"Mexico - Central bank, assets, total, BIS-spliced, GDP",A: Normal value
MX,2026Q1,14.673859533102,"Mexico - Central bank, assets, total, BIS-spliced, GDP",A: Normal value
MY,1998Q1,29.564477125463,"Malaysia - Central bank, assets, total, BIS-spliced, GDP",A: Normal value
MY,1998Q2,29.806188471468,"Malaysia - Central bank, assets, total, BIS-spliced, GDP",A: Normal value
MY,1998Q3,35.103077517707,"Malaysia - Central bank, assets, total, BIS-spliced, GDP",A: Normal value
MY,1998Q4,42.705203966917,"Malaysia - Central bank, assets, total, BIS-spliced, GDP",A: Normal value
MY,1999Q1,45.682828528582,"Malaysia - Central bank, assets, total, BIS-spliced, GDP",A: Normal value
MY,1999Q2,49.736622435573,"Malaysia - Central bank, assets, total, BIS-spliced, GDP",A: Normal value
MY,1999Q3,49.470193345897,"Malaysia - Central bank, assets, total, BIS-spliced, GDP",A: Normal value
MY,1999Q4,47.4908472702,"Malaysia - Central bank, assets, total, BIS-spliced, GDP",A: Normal value
MY,2000Q1,48.777919734581,"Malaysia - Central bank, assets, total, BIS-spliced, GDP",A: Normal value
MY,2000Q2,47.326811380962,"Malaysia - Central bank, assets, total, BIS-spliced, GDP",A: Normal value
MY,2000Q3,44.138127886143,"Malaysia - Central bank, assets, total, BIS-spliced, GDP",A: Normal value
MY,2000Q4,40.566141051437,"Malaysia - Central bank, assets, total, BIS-spliced, GDP",A: Normal value
MY,2001Q1,37.231134929647,"Malaysia - Central bank, assets, total, BIS-spliced, GDP",A: Normal value
MY,2001Q2,35.769504904108,"Malaysia - Central bank, assets, total, BIS-spliced, GDP",A: Normal value
MY,2001Q3,39.783042606185,"Malaysia - Central bank, assets, total, BIS-spliced, GDP",A: Normal value
MY,2001Q4,41.19555683139,"Malaysia - Central bank, assets, total, BIS-spliced, GDP",A: Normal value
MY,2002Q1,42.744552644733,"Malaysia - Central bank, assets, total, BIS-spliced, GDP",A: Normal value
MY,2002Q2,43.553292232184,"Malaysia - Central bank, assets, total, BIS-spliced, GDP",A: Normal value
MY,2002Q3,42.286012332429,"Malaysia - Central bank, assets, total, BIS-spliced, GDP",A: Normal value
MY,2002Q4,41.123600915891,"Malaysia - Central bank, assets, total, BIS-spliced, GDP",A: Normal value
MY,2003Q1,40.175019497665,"Malaysia - Central bank, assets, total, BIS-spliced, GDP",A: Normal value
MY,2003Q2,41.404079338409,"Malaysia - Central bank, assets, total, BIS-spliced, GDP",A: Normal value
MY,2003Q3,44.134952093164,"Malaysia - Central bank, assets, total, BIS-spliced, GDP",A: Normal value
MY,2003Q4,46.69147042848,"Malaysia - Central bank, assets, total, BIS-spliced, GDP",A: Normal value
MY,2004Q1,50.976017167448,"Malaysia - Central bank, assets, total, BIS-spliced, GDP",A: Normal value
MY,2004Q2,51.504687246184,"Malaysia - Central bank, assets, total, BIS-spliced, GDP",A: Normal value
MY,2004Q3,52.20200409425,"Malaysia - Central bank, assets, total, BIS-spliced, GDP",A: Normal value
MY,2004Q4,58.409111255928,"Malaysia - Central bank, assets, total, BIS-spliced, GDP",A: Normal value
MY,2005Q1,60.702480859908,"Malaysia - Central bank, assets, total, BIS-spliced, GDP",A: Normal value
MY,2005Q2,60.853588058455,"Malaysia - Central bank, assets, total, BIS-spliced, GDP",A: Normal value
MY,2005Q3,61.764322569562,"Malaysia - Central bank, assets, total, BIS-spliced, GDP",A: Normal value
MY,2005Q4,52.799527895554,"Malaysia - Central bank, assets, total, BIS-spliced, GDP",A: Normal value
MY,2006Q1,52.125882496879,"Malaysia - Central bank, assets, total, BIS-spliced, GDP",A: Normal value
MY,2006Q2,53.853869874549,"Malaysia - Central bank, assets, total, BIS-spliced, GDP",A: Normal value
MY,2006Q3,53.365617801791,"Malaysia - Central bank, assets, total, BIS-spliced, GDP",A: Normal value
MY,2006Q4,52.578379756181,"Malaysia - Central bank, assets, total, BIS-spliced, GDP",A: Normal value
MY,2007Q1,59.471126655263,"Malaysia - Central bank, assets, total, BIS-spliced, GDP",A: Normal value
MY,2007Q2,68.925863127778,"Malaysia - Central bank, assets, total, BIS-spliced, GDP",A: Normal value
MY,2007Q3,63.404170697592,"Malaysia - Central bank, assets, total, BIS-spliced, GDP",A: Normal value
MY,2007Q4,62.0621204021,"Malaysia - Central bank, assets, total, BIS-spliced, GDP",A: Normal value
MY,2008Q1,68.368897537957,"Malaysia - Central bank, assets, total, BIS-spliced, GDP",A: Normal value
MY,2008Q2,66.061884587538,"Malaysia - Central bank, assets, total, BIS-spliced, GDP",A: Normal value
MY,2008Q3,53.001672907884,"Malaysia - Central bank, assets, total, BIS-spliced, GDP",A: Normal value
MY,2008Q4,43.437881869619,"Malaysia - Central bank, assets, total, BIS-spliced, GDP",A: Normal value
MY,2009Q1,45.201187722462,"Malaysia - Central bank, assets, total, BIS-spliced, GDP",A: Normal value
MY,2009Q2,46.848918119071,"Malaysia - Central bank, assets, total, BIS-spliced, GDP",A: Normal value
MY,2009Q3,50.032081286907,"Malaysia - Central bank, assets, total, BIS-spliced, GDP",A: Normal value
MY,2009Q4,49.454644345057,"Malaysia - Central bank, assets, total, BIS-spliced, GDP",A: Normal value
MY,2010Q1,45.251625538531,"Malaysia - Central bank, assets, total, BIS-spliced, GDP",A: Normal value
MY,2010Q2,43.840490986605,"Malaysia - Central bank, assets, total, BIS-spliced, GDP",A: Normal value
MY,2010Q3,45.065403416301,"Malaysia - Central bank, assets, total, BIS-spliced, GDP",A: Normal value
MY,2010Q4,47.501864234994,"Malaysia - Central bank, assets, total, BIS-spliced, GDP",A: Normal value
MY,2011Q1,49.91177493174,"Malaysia - Central bank, assets, total, BIS-spliced, GDP",A: Normal value
MY,2011Q2,56.684193905434,"Malaysia - Central bank, assets, total, BIS-spliced, GDP",A: Normal value
MY,2011Q3,54.580096511556,"Malaysia - Central bank, assets, total, BIS-spliced, GDP",A: Normal value
MY,2011Q4,51.874698315238,"Malaysia - Central bank, assets, total, BIS-spliced, GDP",A: Normal value
MY,2012Q1,50.842625504923,"Malaysia - Central bank, assets, total, BIS-spliced, GDP",A: Normal value
MY,2012Q2,50.862432064354,"Malaysia - Central bank, assets, total, BIS-spliced, GDP",A: Normal value
MY,2012Q3,49.267150895662,"Malaysia - Central bank, assets, total, BIS-spliced, GDP",A: Normal value
MY,2012Q4,49.047234777838,"Malaysia - Central bank, assets, total, BIS-spliced, GDP",A: Normal value
MY,2013Q1,48.924832768123,"Malaysia - Central bank, assets, total, BIS-spliced, GDP",A: Normal value
MY,2013Q2,48.74958731038,"Malaysia - Central bank, assets, total, BIS-spliced, GDP",A: Normal value
MY,2013Q3,47.376882683923,"Malaysia - Central bank, assets, total, BIS-spliced, GDP",A: Normal value
MY,2013Q4,46.591393027324,"Malaysia - Central bank, assets, total, BIS-spliced, GDP",A: Normal value
MY,2014Q1,43.228354771482,"Malaysia - Central bank, assets, total, BIS-spliced, GDP",A: Normal value
MY,2014Q2,42.350204226304,"Malaysia - Central bank, assets, total, BIS-spliced, GDP",A: Normal value
MY,2014Q3,41.536390598582,"Malaysia - Central bank, assets, total, BIS-spliced, GDP",A: Normal value
MY,2014Q4,38.666503543188,"Malaysia - Central bank, assets, total, BIS-spliced, GDP",A: Normal value
MY,2015Q1,36.600248350235,"Malaysia - Central bank, assets, total, BIS-spliced, GDP",A: Normal value
MY,2015Q2,36.871013552779,"Malaysia - Central bank, assets, total, BIS-spliced, GDP",A: Normal value
MY,2015Q3,38.147375655998,"Malaysia - Central bank, assets, total, BIS-spliced, GDP",A: Normal value
MY,2015Q4,37.452153863535,"Malaysia - Central bank, assets, total, BIS-spliced, GDP",A: Normal value
MY,2016Q1,34.365974145934,"Malaysia - Central bank, assets, total, BIS-spliced, GDP",A: Normal value
MY,2016Q2,34.726960412786,"Malaysia - Central bank, assets, total, BIS-spliced, GDP",A: Normal value
MY,2016Q3,34.625496950167,"Malaysia - Central bank, assets, total, BIS-spliced, GDP",A: Normal value
MY,2016Q4,36.114096068129,"Malaysia - Central bank, assets, total, BIS-spliced, GDP",A: Normal value
MY,2017Q1,35.114458496402,"Malaysia - Central bank, assets, total, BIS-spliced, GDP",A: Normal value
MY,2017Q2,34.300065803137,"Malaysia - Central bank, assets, total, BIS-spliced, GDP",A: Normal value
MY,2017Q3,33.998541082007,"Malaysia - Central bank, assets, total, BIS-spliced, GDP",A: Normal value
MY,2017Q4,32.791089200137,"Malaysia - Central bank, assets, total, BIS-spliced, GDP",A: Normal value
MY,2018Q1,32.328838429111,"Malaysia - Central bank, assets, total, BIS-spliced, GDP",A: Normal value
MY,2018Q2,31.874604288572,"Malaysia - Central bank, assets, total, BIS-spliced, GDP",A: Normal value
MY,2018Q3,31.478212600921,"Malaysia - Central bank, assets, total, BIS-spliced, GDP",A: Normal value
MY,2018Q4,30.925605058226,"Malaysia - Central bank, assets, total, BIS-spliced, GDP",A: Normal value
MY,2019Q1,31.003484646264,"Malaysia - Central bank, assets, total, BIS-spliced, GDP",A: Normal value
MY,2019Q2,30.492987151691,"Malaysia - Central bank, assets, total, BIS-spliced, GDP",A: Normal value
MY,2019Q3,30.706052742178,"Malaysia - Central bank, assets, total, BIS-spliced, GDP",A: Normal value
MY,2019Q4,29.853329323803,"Malaysia - Central bank, assets, total, BIS-spliced, GDP",A: Normal value
MY,2020Q1,31.284053556018,"Malaysia - Central bank, assets, total, BIS-spliced, GDP",A: Normal value
MY,2020Q2,33.825020020814,"Malaysia - Central bank, assets, total, BIS-spliced, GDP",A: Normal value
MY,2020Q3,34.090493079752,"Malaysia - Central bank, assets, total, BIS-spliced, GDP",A: Normal value
MY,2020Q4,34.408732275233,"Malaysia - Central bank, assets, total, BIS-spliced, GDP",A: Normal value
MY,2021Q1,35.408272740457,"Malaysia - Central bank, assets, total, BIS-spliced, GDP",A: Normal value
MY,2021Q2,34.594362069463,"Malaysia - Central bank, assets, total, BIS-spliced, GDP",A: Normal value
MY,2021Q3,35.738429369433,"Malaysia - Central bank, assets, total, BIS-spliced, GDP",A: Normal value
MY,2021Q4,35.630198830793,"Malaysia - Central bank, assets, total, BIS-spliced, GDP",A: Normal value
MY,2022Q1,33.909329091864,"Malaysia - Central bank, assets, total, BIS-spliced, GDP",A: Normal value
MY,2022Q2,32.577737860784,"Malaysia - Central bank, assets, total, BIS-spliced, GDP",A: Normal value
MY,2022Q3,32.875557251163,"Malaysia - Central bank, assets, total, BIS-spliced, GDP",A: Normal value
MY,2022Q4,34.490068343439,"Malaysia - Central bank, assets, total, BIS-spliced, GDP",A: Normal value
MY,2023Q1,34.542003327866,"Malaysia - Central bank, assets, total, BIS-spliced, GDP",A: Normal value
MY,2023Q2,34.350408235296,"Malaysia - Central bank, assets, total, BIS-spliced, GDP",A: Normal value
MY,2023Q3,34.189138298399,"Malaysia - Central bank, assets, total, BIS-spliced, GDP",A: Normal value
MY,2023Q4,34.620921548427,"Malaysia - Central bank, assets, total, BIS-spliced, GDP",A: Normal value
MY,2024Q1,34.829829770449,"Malaysia - Central bank, assets, total, BIS-spliced, GDP",A: Normal value
MY,2024Q2,34.025027920199,"Malaysia - Central bank, assets, total, BIS-spliced, GDP",A: Normal value
MY,2024Q3,31.518790370151,"Malaysia - Central bank, assets, total, BIS-spliced, GDP",A: Normal value
MY,2024Q4,32.163659045398,"Malaysia - Central bank, assets, total, BIS-spliced, GDP",A: Normal value
MY,2025Q1,32.338158410938,"Malaysia - Central bank, assets, total, BIS-spliced, GDP",A: Normal value
MY,2025Q2,30.858500897616,"Malaysia - Central bank, assets, total, BIS-spliced, GDP",A: Normal value
MY,2025Q3,31.356169508622,"Malaysia - Central bank, assets, total, BIS-spliced, GDP",A: Normal value
MY,2025Q4,29.749223651999,"Malaysia - Central bank, assets, total, BIS-spliced, GDP",A: Normal value
MY,2026Q1,30.071686640384,"Malaysia - Central bank, assets, total, BIS-spliced, GDP",A: Normal value
NL,1982Q4,13.544864861072,"Netherlands - Central bank, assets, total, BIS-spliced, GDP",A: Normal value
NL,1983Q1,14.08075439003,"Netherlands - Central bank, assets, total, BIS-spliced, GDP",A: Normal value
NL,1983Q2,14.034488835017,"Netherlands - Central bank, assets, total, BIS-spliced, GDP",A: Normal value
NL,1983Q3,14.510269802608,"Netherlands - Central bank, assets, total, BIS-spliced, GDP",A: Normal value
NL,1983Q4,15.095661349859,"Netherlands - Central bank, assets, total, BIS-spliced, GDP",A: Normal value
NL,1984Q1,15.218895730652,"Netherlands - Central bank, assets, total, BIS-spliced, GDP",A: Normal value
NL,1984Q2,20.03729162503,"Netherlands - Central bank, assets, total, BIS-spliced, GDP",A: Normal value
NL,1984Q3,19.876898932955,"Netherlands - Central bank, assets, total, BIS-spliced, GDP",A: Normal value
NL,1984Q4,20.380065972211,"Netherlands - Central bank, assets, total, BIS-spliced, GDP",A: Normal value
NL,1985Q1,19.884572575055,"Netherlands - Central bank, assets, total, BIS-spliced, GDP",A: Normal value
NL,1985Q2,19.891250566463,"Netherlands - Central bank, assets, total, BIS-spliced, GDP",A: Normal value
NL,1985Q3,19.811310789704,"Netherlands - Central bank, assets, total, BIS-spliced, GDP",A: Normal value
NL,1985Q4,18.925634959748,"Netherlands - Central bank, assets, total, BIS-spliced, GDP",A: Normal value
NL,1986Q1,18.530885593055,"Netherlands - Central bank, assets, total, BIS-spliced, GDP",A: Normal value
NL,1986Q2,18.285879051088,"Netherlands - Central bank, assets, total, BIS-spliced, GDP",A: Normal value
NL,1986Q3,17.193422462275,"Netherlands - Central bank, assets, total, BIS-spliced, GDP",A: Normal value
NL,1986Q4,18.045384068318,"Netherlands - Central bank, assets, total, BIS-spliced, GDP",A: Normal value
NL,1987Q1,17.822109061703,"Netherlands - Central bank, assets, total, BIS-spliced, GDP",A: Normal value
NL,1987Q2,16.515645990102,"Netherlands - Central bank, assets, total, BIS-spliced, GDP",A: Normal value
NL,1987Q3,16.929008013787,"Netherlands - Central bank, assets, total, BIS-spliced, GDP",A: Normal value
NL,1987Q4,16.694284059279,"Netherlands - Central bank, assets, total, BIS-spliced, GDP",A: Normal value
NL,1988Q1,16.603151026216,"Netherlands - Central bank, assets, total, BIS-spliced, GDP",A: Normal value
NL,1988Q2,16.028161019759,"Netherlands - Central bank, assets, total, BIS-spliced, GDP",A: Normal value
NL,1988Q3,17.02622691914,"Netherlands - Central bank, assets, total, BIS-spliced, GDP",A: Normal value
NL,1988Q4,17.015304399218,"Netherlands - Central bank, assets, total, BIS-spliced, GDP",A: Normal value
NL,1989Q1,17.165525139688,"Netherlands - Central bank, assets, total, BIS-spliced, GDP",A: Normal value
NL,1989Q2,17.447366711294,"Netherlands - Central bank, assets, total, BIS-spliced, GDP",A: Normal value
NL,1989Q3,17.160238908048,"Netherlands - Central bank, assets, total, BIS-spliced, GDP",A: Normal value
NL,1989Q4,16.513051366944,"Netherlands - Central bank, assets, total, BIS-spliced, GDP",A: Normal value
NL,1990Q1,16.183877815955,"Netherlands - Central bank, assets, total, BIS-spliced, GDP",A: Normal value
NL,1990Q2,14.617615619344,"Netherlands - Central bank, assets, total, BIS-spliced, GDP",A: Normal value
NL,1990Q3,14.857559501239,"Netherlands - Central bank, assets, total, BIS-spliced, GDP",A: Normal value
NL,1990Q4,14.977231209626,"Netherlands - Central bank, assets, total, BIS-spliced, GDP",A: Normal value
NL,1991Q1,14.691594206822,"Netherlands - Central bank, assets, total, BIS-spliced, GDP",A: Normal value
NL,1991Q2,15.132535597238,"Netherlands - Central bank, assets, total, BIS-spliced, GDP",A: Normal value
NL,1991Q3,15.068102986338,"Netherlands - Central bank, assets, total, BIS-spliced, GDP",A: Normal value
NL,1991Q4,13.629451943866,"Netherlands - Central bank, assets, total, BIS-spliced, GDP",A: Normal value
NL,1992Q1,13.248521037453,"Netherlands - Central bank, assets, total, BIS-spliced, GDP",A: Normal value
NL,1992Q2,13.564773858679,"Netherlands - Central bank, assets, total, BIS-spliced, GDP",A: Normal value
NL,1992Q3,15.355092229242,"Netherlands - Central bank, assets, total, BIS-spliced, GDP",A: Normal value
NL,1992Q4,14.883667062492,"Netherlands - Central bank, assets, total, BIS-spliced, GDP",A: Normal value
NL,1993Q1,15.717248435715,"Netherlands - Central bank, assets, total, BIS-spliced, GDP",A: Normal value
NL,1993Q2,14.564669746049,"Netherlands - Central bank, assets, total, BIS-spliced, GDP",A: Normal value
NL,1993Q3,16.249432217033,"Netherlands - Central bank, assets, total, BIS-spliced, GDP",A: Normal value
NL,1993Q4,15.470628412735,"Netherlands - Central bank, assets, total, BIS-spliced, GDP",A: Normal value
NL,1994Q1,16.356901996195,"Netherlands - Central bank, assets, total, BIS-spliced, GDP",A: Normal value
NL,1994Q2,16.330046133424,"Netherlands - Central bank, assets, total, BIS-spliced, GDP",A: Normal value
NL,1994Q3,14.797513304444,"Netherlands - Central bank, assets, total, BIS-spliced, GDP",A: Normal value
NL,1994Q4,14.993924922339,"Netherlands - Central bank, assets, total, BIS-spliced, GDP",A: Normal value
NL,1995Q1,14.448158474774,"Netherlands - Central bank, assets, total, BIS-spliced, GDP",A: Normal value
NL,1995Q2,14.031687594618,"Netherlands - Central bank, assets, total, BIS-spliced, GDP",A: Normal value
NL,1995Q3,14.008751620137,"Netherlands - Central bank, assets, total, BIS-spliced, GDP",A: Normal value
NL,1995Q4,13.57114851088,"Netherlands - Central bank, assets, total, BIS-spliced, GDP",A: Normal value
NL,1996Q1,13.094142006416,"Netherlands - Central bank, assets, total, BIS-spliced, GDP",A: Normal value
NL,1996Q2,13.209674839264,"Netherlands - Central bank, assets, total, BIS-spliced, GDP",A: Normal value
NL,1996Q3,12.659708674903,"Netherlands - Central bank, assets, total, BIS-spliced, GDP",A: Normal value
NL,1996Q4,12.87071198489,"Netherlands - Central bank, assets, total, BIS-spliced, GDP",A: Normal value
NL,1997Q1,11.790746080683,"Netherlands - Central bank, assets, total, BIS-spliced, GDP",A: Normal value
NL,1997Q2,11.795306965173,"Netherlands - Central bank, assets, total, BIS-spliced, GDP",A: Normal value
NL,1997Q3,11.388781109646,"Netherlands - Central bank, assets, total, BIS-spliced, GDP",A: Normal value
NL,1997Q4,11.347080358274,"Netherlands - Central bank, assets, total, BIS-spliced, GDP",A: Normal value
NL,1998Q1,10.849707715871,"Netherlands - Central bank, assets, total, BIS-spliced, GDP",A: Normal value
NL,1998Q2,10.405280762683,"Netherlands - Central bank, assets, total, BIS-spliced, GDP",A: Normal value
NL,1998Q3,9.6401884024854,"Netherlands - Central bank, assets, total, BIS-spliced, GDP",A: Normal value
NL,1998Q4,10.484031635769,"Netherlands - Central bank, assets, total, BIS-spliced, GDP",A: Normal value
NL,1999Q1,23.88121288438,"Netherlands - Central bank, assets, total, BIS-spliced, GDP",A: Normal value
NL,1999Q2,22.947020298261,"Netherlands - Central bank, assets, total, BIS-spliced, GDP",A: Normal value
NL,1999Q3,16.00896394049,"Netherlands - Central bank, assets, total, BIS-spliced, GDP",A: Normal value
NL,1999Q4,13.836313644003,"Netherlands - Central bank, assets, total, BIS-spliced, GDP",A: Normal value
NL,2000Q1,16.939153135068,"Netherlands - Central bank, assets, total, BIS-spliced, GDP",A: Normal value
NL,2000Q2,19.368453253089,"Netherlands - Central bank, assets, total, BIS-spliced, GDP",A: Normal value
NL,2000Q3,19.023053373317,"Netherlands - Central bank, assets, total, BIS-spliced, GDP",A: Normal value
NL,2000Q4,10.321199074878,"Netherlands - Central bank, assets, total, BIS-spliced, GDP",A: Normal value
NL,2001Q1,10.938232854242,"Netherlands - Central bank, assets, total, BIS-spliced, GDP",A: Normal value
NL,2001Q2,10.942254596865,"Netherlands - Central bank, assets, total, BIS-spliced, GDP",A: Normal value
NL,2001Q3,10.892899723506,"Netherlands - Central bank, assets, total, BIS-spliced, GDP",A: Normal value
NL,2001Q4,8.7210493013339,"Netherlands - Central bank, assets, total, BIS-spliced, GDP",A: Normal value
NL,2002Q1,10.470951358956,"Netherlands - Central bank, assets, total, BIS-spliced, GDP",A: Normal value
NL,2002Q2,9.2550695557762,"Netherlands - Central bank, assets, total, BIS-spliced, GDP",A: Normal value
NL,2002Q3,10.314043317525,"Netherlands - Central bank, assets, total, BIS-spliced, GDP",A: Normal value
NL,2002Q4,9.9256342113539,"Netherlands - Central bank, assets, total, BIS-spliced, GDP",A: Normal value
NL,2003Q1,10.27582283327,"Netherlands - Central bank, assets, total, BIS-spliced, GDP",A: Normal value
NL,2003Q2,9.9846702336841,"Netherlands - Central bank, assets, total, BIS-spliced, GDP",A: Normal value
NL,2003Q3,10.619646439868,"Netherlands - Central bank, assets, total, BIS-spliced, GDP",A: Normal value
NL,2003Q4,10.539122097128,"Netherlands - Central bank, assets, total, BIS-spliced, GDP",A: Normal value
NL,2004Q1,10.346697527109,"Netherlands - Central bank, assets, total, BIS-spliced, GDP",A: Normal value
NL,2004Q2,10.571529817415,"Netherlands - Central bank, assets, total, BIS-spliced, GDP",A: Normal value
NL,2004Q3,10.5724137798,"Netherlands - Central bank, assets, total, BIS-spliced, GDP",A: Normal value
NL,2004Q4,11.378765111557,"Netherlands - Central bank, assets, total, BIS-spliced, GDP",A: Normal value
NL,2005Q1,11.410085548376,"Netherlands - Central bank, assets, total, BIS-spliced, GDP",A: Normal value
NL,2005Q2,11.018330456325,"Netherlands - Central bank, assets, total, BIS-spliced, GDP",A: Normal value
NL,2005Q3,12.258900105958,"Netherlands - Central bank, assets, total, BIS-spliced, GDP",A: Normal value
NL,2005Q4,12.662162008802,"Netherlands - Central bank, assets, total, BIS-spliced, GDP",A: Normal value
NL,2006Q1,13.008947756604,"Netherlands - Central bank, assets, total, BIS-spliced, GDP",A: Normal value
NL,2006Q2,12.152740048152,"Netherlands - Central bank, assets, total, BIS-spliced, GDP",A: Normal value
NL,2006Q3,12.352476532616,"Netherlands - Central bank, assets, total, BIS-spliced, GDP",A: Normal value
NL,2006Q4,12.658677588997,"Netherlands - Central bank, assets, total, BIS-spliced, GDP",A: Normal value
NL,2007Q1,13.412909275362,"Netherlands - Central bank, assets, total, BIS-spliced, GDP",A: Normal value
NL,2007Q2,13.859120553596,"Netherlands - Central bank, assets, total, BIS-spliced, GDP",A: Normal value
NL,2007Q3,12.598516299854,"Netherlands - Central bank, assets, total, BIS-spliced, GDP",A: Normal value
NL,2007Q4,18.10211729074,"Netherlands - Central bank, assets, total, BIS-spliced, GDP",A: Normal value
NL,2008Q1,13.076427265947,"Netherlands - Central bank, assets, total, BIS-spliced, GDP",A: Normal value
NL,2008Q2,17.574590543998,"Netherlands - Central bank, assets, total, BIS-spliced, GDP",A: Normal value
NL,2008Q3,18.953169733793,"Netherlands - Central bank, assets, total, BIS-spliced, GDP",A: Normal value
NL,2008Q4,19.402859172205,"Netherlands - Central bank, assets, total, BIS-spliced, GDP",A: Normal value
NL,2009Q1,17.545911830647,"Netherlands - Central bank, assets, total, BIS-spliced, GDP",A: Normal value
NL,2009Q2,18.574326803577,"Netherlands - Central bank, assets, total, BIS-spliced, GDP",A: Normal value
NL,2009Q3,18.414152686549,"Netherlands - Central bank, assets, total, BIS-spliced, GDP",A: Normal value
NL,2009Q4,22.965717061279,"Netherlands - Central bank, assets, total, BIS-spliced, GDP",A: Normal value
NL,2010Q1,23.50303136786,"Netherlands - Central bank, assets, total, BIS-spliced, GDP",A: Normal value
NL,2010Q2,28.263124285411,"Netherlands - Central bank, assets, total, BIS-spliced, GDP",A: Normal value
NL,2010Q3,22.96649774154,"Netherlands - Central bank, assets, total, BIS-spliced, GDP",A: Normal value
NL,2010Q4,22.916446794674,"Netherlands - Central bank, assets, total, BIS-spliced, GDP",A: Normal value
NL,2011Q1,19.833489089586,"Netherlands - Central bank, assets, total, BIS-spliced, GDP",A: Normal value
NL,2011Q2,20.811493711171,"Netherlands - Central bank, assets, total, BIS-spliced, GDP",A: Normal value
NL,2011Q3,33.784473546324,"Netherlands - Central bank, assets, total, BIS-spliced, GDP",A: Normal value
NL,2011Q4,44.409955586057,"Netherlands - Central bank, assets, total, BIS-spliced, GDP",A: Normal value
NL,2012Q1,48.242980569448,"Netherlands - Central bank, assets, total, BIS-spliced, GDP",A: Normal value
NL,2012Q2,43.13997262641,"Netherlands - Central bank, assets, total, BIS-spliced, GDP",A: Normal value
NL,2012Q3,42.548947865956,"Netherlands - Central bank, assets, total, BIS-spliced, GDP",A: Normal value
NL,2012Q4,42.346278958007,"Netherlands - Central bank, assets, total, BIS-spliced, GDP",A: Normal value
NL,2013Q1,33.982261125191,"Netherlands - Central bank, assets, total, BIS-spliced, GDP",A: Normal value
NL,2013Q2,31.451448786116,"Netherlands - Central bank, assets, total, BIS-spliced, GDP",A: Normal value
NL,2013Q3,29.195978157357,"Netherlands - Central bank, assets, total, BIS-spliced, GDP",A: Normal value
NL,2013Q4,26.103208558939,"Netherlands - Central bank, assets, total, BIS-spliced, GDP",A: Normal value
NL,2014Q1,24.937689782851,"Netherlands - Central bank, assets, total, BIS-spliced, GDP",A: Normal value
NL,2014Q2,19.426545187226,"Netherlands - Central bank, assets, total, BIS-spliced, GDP",A: Normal value
NL,2014Q3,18.131991202364,"Netherlands - Central bank, assets, total, BIS-spliced, GDP",A: Normal value
NL,2014Q4,24.486824220955,"Netherlands - Central bank, assets, total, BIS-spliced, GDP",A: Normal value
NL,2015Q1,22.963296860308,"Netherlands - Central bank, assets, total, BIS-spliced, GDP",A: Normal value
NL,2015Q2,29.167729497088,"Netherlands - Central bank, assets, total, BIS-spliced, GDP",A: Normal value
NL,2015Q3,33.256209531175,"Netherlands - Central bank, assets, total, BIS-spliced, GDP",A: Normal value
NL,2015Q4,34.824363302838,"Netherlands - Central bank, assets, total, BIS-spliced, GDP",A: Normal value
NL,2016Q1,36.549024405215,"Netherlands - Central bank, assets, total, BIS-spliced, GDP",A: Normal value
NL,2016Q2,40.11793549478,"Netherlands - Central bank, assets, total, BIS-spliced, GDP",A: Normal value
NL,2016Q3,41.014941841497,"Netherlands - Central bank, assets, total, BIS-spliced, GDP",A: Normal value
NL,2016Q4,40.312999343348,"Netherlands - Central bank, assets, total, BIS-spliced, GDP",A: Normal value
NL,2017Q1,45.49336991438,"Netherlands - Central bank, assets, total, BIS-spliced, GDP",A: Normal value
NL,2017Q2,42.014984951127,"Netherlands - Central bank, assets, total, BIS-spliced, GDP",A: Normal value
NL,2017Q3,43.170031998235,"Netherlands - Central bank, assets, total, BIS-spliced, GDP",A: Normal value
NL,2017Q4,41.327505382156,"Netherlands - Central bank, assets, total, BIS-spliced, GDP",A: Normal value
NL,2018Q1,46.765799745049,"Netherlands - Central bank, assets, total, BIS-spliced, GDP",A: Normal value
NL,2018Q2,43.902733777051,"Netherlands - Central bank, assets, total, BIS-spliced, GDP",A: Normal value
NL,2018Q3,45.179784415388,"Netherlands - Central bank, assets, total, BIS-spliced, GDP",A: Normal value
NL,2018Q4,46.694724436548,"Netherlands - Central bank, assets, total, BIS-spliced, GDP",A: Normal value
NL,2019Q1,41.904773847292,"Netherlands - Central bank, assets, total, BIS-spliced, GDP",A: Normal value
NL,2019Q2,35.587119971018,"Netherlands - Central bank, assets, total, BIS-spliced, GDP",A: Normal value
NL,2019Q3,40.298230605797,"Netherlands - Central bank, assets, total, BIS-spliced, GDP",A: Normal value
NL,2019Q4,38.005461978268,"Netherlands - Central bank, assets, total, BIS-spliced, GDP",A: Normal value
NL,2020Q1,41.72723632117,"Netherlands - Central bank, assets, total, BIS-spliced, GDP",A: Normal value
NL,2020Q2,52.248281952512,"Netherlands - Central bank, assets, total, BIS-spliced, GDP",A: Normal value
NL,2020Q3,58.077552033836,"Netherlands - Central bank, assets, total, BIS-spliced, GDP",A: Normal value
NL,2020Q4,55.334813474098,"Netherlands - Central bank, assets, total, BIS-spliced, GDP",A: Normal value
NL,2021Q1,56.598495080069,"Netherlands - Central bank, assets, total, BIS-spliced, GDP",A: Normal value
NL,2021Q2,59.748028748208,"Netherlands - Central bank, assets, total, BIS-spliced, GDP",A: Normal value
NL,2021Q3,59.470977695667,"Netherlands - Central bank, assets, total, BIS-spliced, GDP",A: Normal value
NL,2021Q4,57.193785662588,"Netherlands - Central bank, assets, total, BIS-spliced, GDP",A: Normal value
NL,2022Q1,63.706462955594,"Netherlands - Central bank, assets, total, BIS-spliced, GDP",A: Normal value
NL,2022Q2,61.319791037501,"Netherlands - Central bank, assets, total, BIS-spliced, GDP",A: Normal value
NL,2022Q3,60.892030226825,"Netherlands - Central bank, assets, total, BIS-spliced, GDP",A: Normal value
NL,2022Q4,49.080679010171,"Netherlands - Central bank, assets, total, BIS-spliced, GDP",A: Normal value
NL,2023Q1,53.215276418472,"Netherlands - Central bank, assets, total, BIS-spliced, GDP",A: Normal value
NL,2023Q2,47.180652643202,"Netherlands - Central bank, assets, total, BIS-spliced, GDP",A: Normal value
NL,2023Q3,48.510401263756,"Netherlands - Central bank, assets, total, BIS-spliced, GDP",A: Normal value
NL,2023Q4,38.062825828989,"Netherlands - Central bank, assets, total, BIS-spliced, GDP",A: Normal value
NL,2024Q1,40.075310515371,"Netherlands - Central bank, assets, total, BIS-spliced, GDP",A: Normal value
NL,2024Q2,36.020512669237,"Netherlands - Central bank, assets, total, BIS-spliced, GDP",A: Normal value
NL,2024Q3,39.171798236301,"Netherlands - Central bank, assets, total, BIS-spliced, GDP",A: Normal value
NL,2024Q4,38.131263816176,"Netherlands - Central bank, assets, total, BIS-spliced, GDP",A: Normal value
NL,2025Q1,37.204218910798,"Netherlands - Central bank, assets, total, BIS-spliced, GDP",A: Normal value
NL,2025Q2,35.718110258122,"Netherlands - Central bank, assets, total, BIS-spliced, GDP",A: Normal value
NL,2025Q3,34.081829133931,"Netherlands - Central bank, assets, total, BIS-spliced, GDP",A: Normal value
NL,2025Q4,32.674162257496,"Netherlands - Central bank, assets, total, BIS-spliced, GDP",A: Normal value
NL,2026Q1,33.647213061918,"Netherlands - Central bank, assets, total, BIS-spliced, GDP",A: Normal value
NO,1960Q4,20.144385053456,"Norway - Central bank, assets, total, BIS-spliced, GDP",A: Normal value
NO,1961Q1,19.632632874144,"Norway - Central bank, assets, total, BIS-spliced, GDP",A: Normal value
NO,1961Q2,19.432647413657,"Norway - Central bank, assets, total, BIS-spliced, GDP",A: Normal value
NO,1961Q3,18.887050797223,"Norway - Central bank, assets, total, BIS-spliced, GDP",A: Normal value
NO,1961Q4,18.545751244525,"Norway - Central bank, assets, total, BIS-spliced, GDP",A: Normal value
NO,1962Q1,17.96838484026,"Norway - Central bank, assets, total, BIS-spliced, GDP",A: Normal value
NO,1962Q2,17.663591286221,"Norway - Central bank, assets, total, BIS-spliced, GDP",A: Normal value
NO,1962Q3,17.490662417776,"Norway - Central bank, assets, total, BIS-spliced, GDP",A: Normal value
NO,1962Q4,17.549838557468,"Norway - Central bank, assets, total, BIS-spliced, GDP",A: Normal value
NO,1963Q1,17.74932419781,"Norway - Central bank, assets, total, BIS-spliced, GDP",A: Normal value
NO,1963Q2,17.927078324941,"Norway - Central bank, assets, total, BIS-spliced, GDP",A: Normal value
NO,1963Q3,17.455460387585,"Norway - Central bank, assets, total, BIS-spliced, GDP",A: Normal value
NO,1963Q4,17.154622968312,"Norway - Central bank, assets, total, BIS-spliced, GDP",A: Normal value
NO,1964Q1,16.647904080682,"Norway - Central bank, assets, total, BIS-spliced, GDP",A: Normal value
NO,1964Q2,17.007746124586,"Norway - Central bank, assets, total, BIS-spliced, GDP",A: Normal value
NO,1964Q3,16.580243613994,"Norway - Central bank, assets, total, BIS-spliced, GDP",A: Normal value
NO,1964Q4,16.173462614129,"Norway - Central bank, assets, total, BIS-spliced, GDP",A: Normal value
NO,1965Q1,16.126436934853,"Norway - Central bank, assets, total, BIS-spliced, GDP",A: Normal value
NO,1965Q2,16.179235985367,"Norway - Central bank, assets, total, BIS-spliced, GDP",A: Normal value
NO,1965Q3,15.370418302219,"Norway - Central bank, assets, total, BIS-spliced, GDP",A: Normal value
NO,1965Q4,15.61483932524,"Norway - Central bank, assets, total, BIS-spliced, GDP",A: Normal value
NO,1966Q1,15.441094564945,"Norway - Central bank, assets, total, BIS-spliced, GDP",A: Normal value
NO,1966Q2,15.554571806299,"Norway - Central bank, assets, total, BIS-spliced, GDP",A: Normal value
NO,1966Q3,15.270824914773,"Norway - Central bank, assets, total, BIS-spliced, GDP",A: Normal value
NO,1966Q4,15.08168699231,"Norway - Central bank, assets, total, BIS-spliced, GDP",A: Normal value
NO,1967Q1,14.947620722947,"Norway - Central bank, assets, total, BIS-spliced, GDP",A: Normal value
NO,1967Q2,15.710238816427,"Norway - Central bank, assets, total, BIS-spliced, GDP",A: Normal value
NO,1967Q3,15.316747128905,"Norway - Central bank, assets, total, BIS-spliced, GDP",A: Normal value
NO,1967Q4,15.987087223117,"Norway - Central bank, assets, total, BIS-spliced, GDP",A: Normal value
NO,1968Q1,15.1613975149,"Norway - Central bank, assets, total, BIS-spliced, GDP",A: Normal value
NO,1968Q2,15.732488081916,"Norway - Central bank, assets, total, BIS-spliced, GDP",A: Normal value
NO,1968Q3,14.851957993593,"Norway - Central bank, assets, total, BIS-spliced, GDP",A: Normal value
NO,1968Q4,14.375280262197,"Norway - Central bank, assets, total, BIS-spliced, GDP",A: Normal value
NO,1969Q1,13.934928618643,"Norway - Central bank, assets, total, BIS-spliced, GDP",A: Normal value
NO,1969Q2,15.668029213525,"Norway - Central bank, assets, total, BIS-spliced, GDP",A: Normal value
NO,1969Q3,15.258496400552,"Norway - Central bank, assets, total, BIS-spliced, GDP",A: Normal value
NO,1969Q4,15.424909137901,"Norway - Central bank, assets, total, BIS-spliced, GDP",A: Normal value
NO,1970Q1,14.769698178688,"Norway - Central bank, assets, total, BIS-spliced, GDP",A: Normal value
NO,1970Q2,14.795334161148,"Norway - Central bank, assets, total, BIS-spliced, GDP",A: Normal value
NO,1970Q3,13.721779463759,"Norway - Central bank, assets, total, BIS-spliced, GDP",A: Normal value
NO,1970Q4,15.179405755917,"Norway - Central bank, assets, total, BIS-spliced, GDP",A: Normal value
NO,1971Q1,14.762363015105,"Norway - Central bank, assets, total, BIS-spliced, GDP",A: Normal value
NO,1971Q2,15.826861238744,"Norway - Central bank, assets, total, BIS-spliced, GDP",A: Normal value
NO,1971Q3,16.315650483967,"Norway - Central bank, assets, total, BIS-spliced, GDP",A: Normal value
NO,1971Q4,15.913279887876,"Norway - Central bank, assets, total, BIS-spliced, GDP",A: Normal value
NO,1972Q1,15.884392702556,"Norway - Central bank, assets, total, BIS-spliced, GDP",A: Normal value
NO,1972Q2,16.344822033384,"Norway - Central bank, assets, total, BIS-spliced, GDP",A: Normal value
NO,1972Q3,15.762835357049,"Norway - Central bank, assets, total, BIS-spliced, GDP",A: Normal value
NO,1972Q4,16.113930545954,"Norway - Central bank, assets, total, BIS-spliced, GDP",A: Normal value
NO,1973Q1,14.638249242884,"Norway - Central bank, assets, total, BIS-spliced, GDP",A: Normal value
NO,1973Q2,15.825055368448,"Norway - Central bank, assets, total, BIS-spliced, GDP",A: Normal value
NO,1973Q3,15.41569066061,"Norway - Central bank, assets, total, BIS-spliced, GDP",A: Normal value
NO,1973Q4,14.855863503643,"Norway - Central bank, assets, total, BIS-spliced, GDP",A: Normal value
NO,1974Q1,14.838145604113,"Norway - Central bank, assets, total, BIS-spliced, GDP",A: Normal value
NO,1974Q2,15.327602430566,"Norway - Central bank, assets, total, BIS-spliced, GDP",A: Normal value
NO,1974Q3,14.45248565913,"Norway - Central bank, assets, total, BIS-spliced, GDP",A: Normal value
NO,1974Q4,13.560121496551,"Norway - Central bank, assets, total, BIS-spliced, GDP",A: Normal value
NO,1975Q1,12.700988372004,"Norway - Central bank, assets, total, BIS-spliced, GDP",A: Normal value
NO,1975Q2,13.043700652975,"Norway - Central bank, assets, total, BIS-spliced, GDP",A: Normal value
NO,1975Q3,13.934384308598,"Norway - Central bank, assets, total, BIS-spliced, GDP",A: Normal value
NO,1975Q4,13.862440097335,"Norway - Central bank, assets, total, BIS-spliced, GDP",A: Normal value
NO,1976Q1,14.131892733918,"Norway - Central bank, assets, total, BIS-spliced, GDP",A: Normal value
NO,1976Q2,12.741362102852,"Norway - Central bank, assets, total, BIS-spliced, GDP",A: Normal value
NO,1976Q3,13.017321304939,"Norway - Central bank, assets, total, BIS-spliced, GDP",A: Normal value
NO,1976Q4,12.460968979378,"Norway - Central bank, assets, total, BIS-spliced, GDP",A: Normal value
NO,1977Q1,12.425149044291,"Norway - Central bank, assets, total, BIS-spliced, GDP",A: Normal value
NO,1977Q2,13.779979459196,"Norway - Central bank, assets, total, BIS-spliced, GDP",A: Normal value
NO,1977Q3,12.77048957891,"Norway - Central bank, assets, total, BIS-spliced, GDP",A: Normal value
NO,1977Q4,14.518166688432,"Norway - Central bank, assets, total, BIS-spliced, GDP",A: Normal value
NO,1978Q1,13.229754800127,"Norway - Central bank, assets, total, BIS-spliced, GDP",A: Normal value
NO,1978Q2,13.779521382721,"Norway - Central bank, assets, total, BIS-spliced, GDP",A: Normal value
NO,1978Q3,13.044080843515,"Norway - Central bank, assets, total, BIS-spliced, GDP",A: Normal value
NO,1978Q4,13.254490035656,"Norway - Central bank, assets, total, BIS-spliced, GDP",A: Normal value
NO,1979Q1,13.708689619825,"Norway - Central bank, assets, total, BIS-spliced, GDP",A: Normal value
NO,1979Q2,13.754846197416,"Norway - Central bank, assets, total, BIS-spliced, GDP",A: Normal value
NO,1979Q3,14.247038067424,"Norway - Central bank, assets, total, BIS-spliced, GDP",A: Normal value
NO,1979Q4,14.819526650285,"Norway - Central bank, assets, total, BIS-spliced, GDP",A: Normal value
NO,1980Q1,14.036909334167,"Norway - Central bank, assets, total, BIS-spliced, GDP",A: Normal value
NO,1980Q2,12.959555917177,"Norway - Central bank, assets, total, BIS-spliced, GDP",A: Normal value
NO,1980Q3,14.068351264663,"Norway - Central bank, assets, total, BIS-spliced, GDP",A: Normal value
NO,1980Q4,14.255699061776,"Norway - Central bank, assets, total, BIS-spliced, GDP",A: Normal value
NO,1981Q1,14.007857512487,"Norway - Central bank, assets, total, BIS-spliced, GDP",A: Normal value
NO,1981Q2,14.539211585464,"Norway - Central bank, assets, total, BIS-spliced, GDP",A: Normal value
NO,1981Q3,13.150725008065,"Norway - Central bank, assets, total, BIS-spliced, GDP",A: Normal value
NO,1981Q4,14.724248437509,"Norway - Central bank, assets, total, BIS-spliced, GDP",A: Normal value
NO,1982Q1,13.000709936561,"Norway - Central bank, assets, total, BIS-spliced, GDP",A: Normal value
NO,1982Q2,14.141283342556,"Norway - Central bank, assets, total, BIS-spliced, GDP",A: Normal value
NO,1982Q3,14.749814657001,"Norway - Central bank, assets, total, BIS-spliced, GDP",A: Normal value
NO,1982Q4,14.896842251508,"Norway - Central bank, assets, total, BIS-spliced, GDP",A: Normal value
NO,1983Q1,14.190551199226,"Norway - Central bank, assets, total, BIS-spliced, GDP",A: Normal value
NO,1983Q2,15.759876593052,"Norway - Central bank, assets, total, BIS-spliced, GDP",A: Normal value
NO,1983Q3,14.496032032117,"Norway - Central bank, assets, total, BIS-spliced, GDP",A: Normal value
NO,1983Q4,15.893896386747,"Norway - Central bank, assets, total, BIS-spliced, GDP",A: Normal value
NO,1984Q1,15.639740589752,"Norway - Central bank, assets, total, BIS-spliced, GDP",A: Normal value
NO,1984Q2,16.717038431342,"Norway - Central bank, assets, total, BIS-spliced, GDP",A: Normal value
NO,1984Q3,16.885896836849,"Norway - Central bank, assets, total, BIS-spliced, GDP",A: Normal value
NO,1984Q4,19.539134912461,"Norway - Central bank, assets, total, BIS-spliced, GDP",A: Normal value
NO,1985Q1,22.176071336016,"Norway - Central bank, assets, total, BIS-spliced, GDP",A: Normal value
NO,1985Q2,24.248278485889,"Norway - Central bank, assets, total, BIS-spliced, GDP",A: Normal value
NO,1985Q3,24.684611748914,"Norway - Central bank, assets, total, BIS-spliced, GDP",A: Normal value
NO,1985Q4,25.218055144318,"Norway - Central bank, assets, total, BIS-spliced, GDP",A: Normal value
NO,1986Q1,27.830406047951,"Norway - Central bank, assets, total, BIS-spliced, GDP",A: Normal value
NO,1986Q2,38.989061763965,"Norway - Central bank, assets, total, BIS-spliced, GDP",A: Normal value
NO,1986Q3,35.139745898583,"Norway - Central bank, assets, total, BIS-spliced, GDP",A: Normal value
NO,1986Q4,37.827894218717,"Norway - Central bank, assets, total, BIS-spliced, GDP",A: Normal value
NO,1987Q1,34.592128905561,"Norway - Central bank, assets, total, BIS-spliced, GDP",A: Normal value
NO,1987Q2,35.899119485619,"Norway - Central bank, assets, total, BIS-spliced, GDP",A: Normal value
NO,1987Q3,30.054399535185,"Norway - Central bank, assets, total, BIS-spliced, GDP",A: Normal value
NO,1987Q4,31.207397655597,"Norway - Central bank, assets, total, BIS-spliced, GDP",A: Normal value
NO,1988Q1,28.385462220318,"Norway - Central bank, assets, total, BIS-spliced, GDP",A: Normal value
NO,1988Q2,30.723247059832,"Norway - Central bank, assets, total, BIS-spliced, GDP",A: Normal value
NO,1988Q3,28.081039163874,"Norway - Central bank, assets, total, BIS-spliced, GDP",A: Normal value
NO,1988Q4,29.457865932936,"Norway - Central bank, assets, total, BIS-spliced, GDP",A: Normal value
NO,1989Q1,27.000674106959,"Norway - Central bank, assets, total, BIS-spliced, GDP",A: Normal value
NO,1989Q2,28.0380699455,"Norway - Central bank, assets, total, BIS-spliced, GDP",A: Normal value
NO,1989Q3,25.772935091538,"Norway - Central bank, assets, total, BIS-spliced, GDP",A: Normal value
NO,1989Q4,27.554232943118,"Norway - Central bank, assets, total, BIS-spliced, GDP",A: Normal value
NO,1990Q1,25.706111086674,"Norway - Central bank, assets, total, BIS-spliced, GDP",A: Normal value
NO,1990Q2,24.990132702977,"Norway - Central bank, assets, total, BIS-spliced, GDP",A: Normal value
NO,1990Q3,23.926506931161,"Norway - Central bank, assets, total, BIS-spliced, GDP",A: Normal value
NO,1990Q4,24.059545472002,"Norway - Central bank, assets, total, BIS-spliced, GDP",A: Normal value
NO,1991Q1,24.448884027209,"Norway - Central bank, assets, total, BIS-spliced, GDP",A: Normal value
NO,1991Q2,23.422437765167,"Norway - Central bank, assets, total, BIS-spliced, GDP",A: Normal value
NO,1991Q3,21.465856842504,"Norway - Central bank, assets, total, BIS-spliced, GDP",A: Normal value
NO,1991Q4,20.680249427044,"Norway - Central bank, assets, total, BIS-spliced, GDP",A: Normal value
NO,1992Q1,21.176392728268,"Norway - Central bank, assets, total, BIS-spliced, GDP",A: Normal value
NO,1992Q2,20.699913968744,"Norway - Central bank, assets, total, BIS-spliced, GDP",A: Normal value
NO,1992Q3,19.49882885025,"Norway - Central bank, assets, total, BIS-spliced, GDP",A: Normal value
NO,1992Q4,19.935064206043,"Norway - Central bank, assets, total, BIS-spliced, GDP",A: Normal value
NO,1993Q1,20.494378603645,"Norway - Central bank, assets, total, BIS-spliced, GDP",A: Normal value
NO,1993Q2,24.358188146228,"Norway - Central bank, assets, total, BIS-spliced, GDP",A: Normal value
NO,1993Q3,24.359630324112,"Norway - Central bank, assets, total, BIS-spliced, GDP",A: Normal value
NO,1993Q4,24.775338521328,"Norway - Central bank, assets, total, BIS-spliced, GDP",A: Normal value
NO,1994Q1,21.404128384071,"Norway - Central bank, assets, total, BIS-spliced, GDP",A: Normal value
NO,1994Q2,20.19299327879,"Norway - Central bank, assets, total, BIS-spliced, GDP",A: Normal value
NO,1994Q3,19.839508640727,"Norway - Central bank, assets, total, BIS-spliced, GDP",A: Normal value
NO,1994Q4,19.843238950679,"Norway - Central bank, assets, total, BIS-spliced, GDP",A: Normal value
NO,1995Q1,19.260126732918,"Norway - Central bank, assets, total, BIS-spliced, GDP",A: Normal value
NO,1995Q2,18.206270125383,"Norway - Central bank, assets, total, BIS-spliced, GDP",A: Normal value
NO,1995Q3,19.052612410864,"Norway - Central bank, assets, total, BIS-spliced, GDP",A: Normal value
NO,1995Q4,19.223335255719,"Norway - Central bank, assets, total, BIS-spliced, GDP",A: Normal value
NO,1996Q1,18.484860732188,"Norway - Central bank, assets, total, BIS-spliced, GDP",A: Normal value
NO,1996Q2,20.59402022079,"Norway - Central bank, assets, total, BIS-spliced, GDP",A: Normal value
NO,1996Q3,20.47995676097,"Norway - Central bank, assets, total, BIS-spliced, GDP",A: Normal value
NO,1996Q4,19.459579349345,"Norway - Central bank, assets, total, BIS-spliced, GDP",A: Normal value
NO,1997Q1,20.246056686297,"Norway - Central bank, assets, total, BIS-spliced, GDP",A: Normal value
NO,1997Q2,21.818205473774,"Norway - Central bank, assets, total, BIS-spliced, GDP",A: Normal value
NO,1997Q3,22.176094055999,"Norway - Central bank, assets, total, BIS-spliced, GDP",A: Normal value
NO,1997Q4,18.081530958439,"Norway - Central bank, assets, total, BIS-spliced, GDP",A: Normal value
NO,1998Q1,18.357263547303,"Norway - Central bank, assets, total, BIS-spliced, GDP",A: Normal value
NO,1998Q2,18.319591838016,"Norway - Central bank, assets, total, BIS-spliced, GDP",A: Normal value
NO,1998Q3,17.244460656844,"Norway - Central bank, assets, total, BIS-spliced, GDP",A: Normal value
NO,1998Q4,16.13772522542,"Norway - Central bank, assets, total, BIS-spliced, GDP",A: Normal value
NO,1999Q1,15.684719791234,"Norway - Central bank, assets, total, BIS-spliced, GDP",A: Normal value
NO,1999Q2,15.362330932751,"Norway - Central bank, assets, total, BIS-spliced, GDP",A: Normal value
NO,1999Q3,15.913334384543,"Norway - Central bank, assets, total, BIS-spliced, GDP",A: Normal value
NO,1999Q4,19.470337753677,"Norway - Central bank, assets, total, BIS-spliced, GDP",A: Normal value
NO,2000Q1,17.309640498397,"Norway - Central bank, assets, total, BIS-spliced, GDP",A: Normal value
NO,2000Q2,15.893348509917,"Norway - Central bank, assets, total, BIS-spliced, GDP",A: Normal value
NO,2000Q3,18.067100080323,"Norway - Central bank, assets, total, BIS-spliced, GDP",A: Normal value
NO,2000Q4,19.934423784296,"Norway - Central bank, assets, total, BIS-spliced, GDP",A: Normal value
NO,2001Q1,18.299784055284,"Norway - Central bank, assets, total, BIS-spliced, GDP",A: Normal value
NO,2001Q2,17.08869045816,"Norway - Central bank, assets, total, BIS-spliced, GDP",A: Normal value
NO,2001Q3,17.550163745743,"Norway - Central bank, assets, total, BIS-spliced, GDP",A: Normal value
NO,2001Q4,16.284798501357,"Norway - Central bank, assets, total, BIS-spliced, GDP",A: Normal value
NO,2002Q1,15.795886063966,"Norway - Central bank, assets, total, BIS-spliced, GDP",A: Normal value
NO,2002Q2,13.71298834318,"Norway - Central bank, assets, total, BIS-spliced, GDP",A: Normal value
NO,2002Q3,14.442238552601,"Norway - Central bank, assets, total, BIS-spliced, GDP",A: Normal value
NO,2002Q4,16.083420208012,"Norway - Central bank, assets, total, BIS-spliced, GDP",A: Normal value
NO,2003Q1,16.913387249412,"Norway - Central bank, assets, total, BIS-spliced, GDP",A: Normal value
NO,2003Q2,17.402087403161,"Norway - Central bank, assets, total, BIS-spliced, GDP",A: Normal value
NO,2003Q3,17.888001283533,"Norway - Central bank, assets, total, BIS-spliced, GDP",A: Normal value
NO,2003Q4,18.494076422344,"Norway - Central bank, assets, total, BIS-spliced, GDP",A: Normal value
NO,2004Q1,19.034733841236,"Norway - Central bank, assets, total, BIS-spliced, GDP",A: Normal value
NO,2004Q2,19.474936465677,"Norway - Central bank, assets, total, BIS-spliced, GDP",A: Normal value
NO,2004Q3,17.451108651479,"Norway - Central bank, assets, total, BIS-spliced, GDP",A: Normal value
NO,2004Q4,15.794026921155,"Norway - Central bank, assets, total, BIS-spliced, GDP",A: Normal value
NO,2005Q1,15.552779044951,"Norway - Central bank, assets, total, BIS-spliced, GDP",A: Normal value
NO,2005Q2,17.023810352959,"Norway - Central bank, assets, total, BIS-spliced, GDP",A: Normal value
NO,2005Q3,15.194206146359,"Norway - Central bank, assets, total, BIS-spliced, GDP",A: Normal value
NO,2005Q4,17.982694829075,"Norway - Central bank, assets, total, BIS-spliced, GDP",A: Normal value
NO,2006Q1,15.140884356532,"Norway - Central bank, assets, total, BIS-spliced, GDP",A: Normal value
NO,2006Q2,16.593876506558,"Norway - Central bank, assets, total, BIS-spliced, GDP",A: Normal value
NO,2006Q3,15.885738992389,"Norway - Central bank, assets, total, BIS-spliced, GDP",A: Normal value
NO,2006Q4,19.11259042869,"Norway - Central bank, assets, total, BIS-spliced, GDP",A: Normal value
NO,2007Q1,16.167497022304,"Norway - Central bank, assets, total, BIS-spliced, GDP",A: Normal value
NO,2007Q2,17.74190592353,"Norway - Central bank, assets, total, BIS-spliced, GDP",A: Normal value
NO,2007Q3,15.581730071065,"Norway - Central bank, assets, total, BIS-spliced, GDP",A: Normal value
NO,2007Q4,17.699948871066,"Norway - Central bank, assets, total, BIS-spliced, GDP",A: Normal value
NO,2008Q1,14.013727612778,"Norway - Central bank, assets, total, BIS-spliced, GDP",A: Normal value
NO,2008Q2,14.429469520437,"Norway - Central bank, assets, total, BIS-spliced, GDP",A: Normal value
NO,2008Q3,13.817334325011,"Norway - Central bank, assets, total, BIS-spliced, GDP",A: Normal value
NO,2008Q4,21.433606675447,"Norway - Central bank, assets, total, BIS-spliced, GDP",A: Normal value
NO,2009Q1,19.761676580927,"Norway - Central bank, assets, total, BIS-spliced, GDP",A: Normal value
NO,2009Q2,19.030054132783,"Norway - Central bank, assets, total, BIS-spliced, GDP",A: Normal value
NO,2009Q3,15.038214413973,"Norway - Central bank, assets, total, BIS-spliced, GDP",A: Normal value
NO,2009Q4,15.266245240264,"Norway - Central bank, assets, total, BIS-spliced, GDP",A: Normal value
NO,2010Q1,15.52400957527,"Norway - Central bank, assets, total, BIS-spliced, GDP",A: Normal value
NO,2010Q2,17.304203291802,"Norway - Central bank, assets, total, BIS-spliced, GDP",A: Normal value
NO,2010Q3,15.895887427456,"Norway - Central bank, assets, total, BIS-spliced, GDP",A: Normal value
NO,2010Q4,14.937376100983,"Norway - Central bank, assets, total, BIS-spliced, GDP",A: Normal value
NO,2011Q1,14.363464921531,"Norway - Central bank, assets, total, BIS-spliced, GDP",A: Normal value
NO,2011Q2,12.462977394665,"Norway - Central bank, assets, total, BIS-spliced, GDP",A: Normal value
NO,2011Q3,11.880317986927,"Norway - Central bank, assets, total, BIS-spliced, GDP",A: Normal value
NO,2011Q4,11.924459386656,"Norway - Central bank, assets, total, BIS-spliced, GDP",A: Normal value
NO,2012Q1,11.5437685111,"Norway - Central bank, assets, total, BIS-spliced, GDP",A: Normal value
NO,2012Q2,12.822884166536,"Norway - Central bank, assets, total, BIS-spliced, GDP",A: Normal value
NO,2012Q3,11.625629610096,"Norway - Central bank, assets, total, BIS-spliced, GDP",A: Normal value
NO,2012Q4,10.578634198848,"Norway - Central bank, assets, total, BIS-spliced, GDP",A: Normal value
NO,2013Q1,12.957309103981,"Norway - Central bank, assets, total, BIS-spliced, GDP",A: Normal value
NO,2013Q2,12.466403673503,"Norway - Central bank, assets, total, BIS-spliced, GDP",A: Normal value
NO,2013Q3,12.727409866267,"Norway - Central bank, assets, total, BIS-spliced, GDP",A: Normal value
NO,2013Q4,11.96376873022,"Norway - Central bank, assets, total, BIS-spliced, GDP",A: Normal value
NO,2014Q1,12.577981035121,"Norway - Central bank, assets, total, BIS-spliced, GDP",A: Normal value
NO,2014Q2,13.155911290974,"Norway - Central bank, assets, total, BIS-spliced, GDP",A: Normal value
NO,2014Q3,14.152739822284,"Norway - Central bank, assets, total, BIS-spliced, GDP",A: Normal value
NO,2014Q4,15.803510011112,"Norway - Central bank, assets, total, BIS-spliced, GDP",A: Normal value
NO,2015Q1,17.31913099617,"Norway - Central bank, assets, total, BIS-spliced, GDP",A: Normal value
NO,2015Q2,16.869840700744,"Norway - Central bank, assets, total, BIS-spliced, GDP",A: Normal value
NO,2015Q3,17.082600430667,"Norway - Central bank, assets, total, BIS-spliced, GDP",A: Normal value
NO,2015Q4,16.771410479168,"Norway - Central bank, assets, total, BIS-spliced, GDP",A: Normal value
NO,2016Q1,18.737408363644,"Norway - Central bank, assets, total, BIS-spliced, GDP",A: Normal value
NO,2016Q2,18.398002511891,"Norway - Central bank, assets, total, BIS-spliced, GDP",A: Normal value
NO,2016Q3,18.253559394049,"Norway - Central bank, assets, total, BIS-spliced, GDP",A: Normal value
NO,2016Q4,17.902290731524,"Norway - Central bank, assets, total, BIS-spliced, GDP",A: Normal value
NO,2017Q1,18.795406463328,"Norway - Central bank, assets, total, BIS-spliced, GDP",A: Normal value
NO,2017Q2,17.837996629276,"Norway - Central bank, assets, total, BIS-spliced, GDP",A: Normal value
NO,2017Q3,16.865209603056,"Norway - Central bank, assets, total, BIS-spliced, GDP",A: Normal value
NO,2017Q4,17.321980924101,"Norway - Central bank, assets, total, BIS-spliced, GDP",A: Normal value
NO,2018Q1,16.554731883685,"Norway - Central bank, assets, total, BIS-spliced, GDP",A: Normal value
NO,2018Q2,16.602004804661,"Norway - Central bank, assets, total, BIS-spliced, GDP",A: Normal value
NO,2018Q3,16.670145954821,"Norway - Central bank, assets, total, BIS-spliced, GDP",A: Normal value
NO,2018Q4,16.15818175941,"Norway - Central bank, assets, total, BIS-spliced, GDP",A: Normal value
NO,2019Q1,16.995584503167,"Norway - Central bank, assets, total, BIS-spliced, GDP",A: Normal value
NO,2019Q2,16.997956272893,"Norway - Central bank, assets, total, BIS-spliced, GDP",A: Normal value
NO,2019Q3,17.911626894594,"Norway - Central bank, assets, total, BIS-spliced, GDP",A: Normal value
NO,2019Q4,17.178101429049,"Norway - Central bank, assets, total, BIS-spliced, GDP",A: Normal value
NO,2020Q1,27.12431471332,"Norway - Central bank, assets, total, BIS-spliced, GDP",A: Normal value
NO,2020Q2,25.74268354338,"Norway - Central bank, assets, total, BIS-spliced, GDP",A: Normal value
NO,2020Q3,22.978342442971,"Norway - Central bank, assets, total, BIS-spliced, GDP",A: Normal value
NO,2020Q4,21.494938062552,"Norway - Central bank, assets, total, BIS-spliced, GDP",A: Normal value
NO,2021Q1,19.833426646572,"Norway - Central bank, assets, total, BIS-spliced, GDP",A: Normal value
NO,2021Q2,19.608718521631,"Norway - Central bank, assets, total, BIS-spliced, GDP",A: Normal value
NO,2021Q3,20.702858771289,"Norway - Central bank, assets, total, BIS-spliced, GDP",A: Normal value
NO,2021Q4,18.725949660854,"Norway - Central bank, assets, total, BIS-spliced, GDP",A: Normal value
NO,2022Q1,17.857695438703,"Norway - Central bank, assets, total, BIS-spliced, GDP",A: Normal value
NO,2022Q2,15.533362901079,"Norway - Central bank, assets, total, BIS-spliced, GDP",A: Normal value
NO,2022Q3,17.319558181371,"Norway - Central bank, assets, total, BIS-spliced, GDP",A: Normal value
NO,2022Q4,12.970970004694,"Norway - Central bank, assets, total, BIS-spliced, GDP",A: Normal value
NO,2023Q1,15.96516511932,"Norway - Central bank, assets, total, BIS-spliced, GDP",A: Normal value
NO,2023Q2,16.615732431504,"Norway - Central bank, assets, total, BIS-spliced, GDP",A: Normal value
NO,2023Q3,17.148669415222,"Norway - Central bank, assets, total, BIS-spliced, GDP",A: Normal value
NO,2023Q4,16.446050737066,"Norway - Central bank, assets, total, BIS-spliced, GDP",A: Normal value
NO,2024Q1,18.13289849568,"Norway - Central bank, assets, total, BIS-spliced, GDP",A: Normal value
NO,2024Q2,17.745981213529,"Norway - Central bank, assets, total, BIS-spliced, GDP",A: Normal value
NO,2024Q3,19.226222229274,"Norway - Central bank, assets, total, BIS-spliced, GDP",A: Normal value
NO,2024Q4,18.193074649074,"Norway - Central bank, assets, total, BIS-spliced, GDP",A: Normal value
NO,2025Q1,17.980819903507,"Norway - Central bank, assets, total, BIS-spliced, GDP",A: Normal value
NO,2025Q2,18.1818633491,"Norway - Central bank, assets, total, BIS-spliced, GDP",A: Normal value
NO,2025Q3,17.340982467703,"Norway - Central bank, assets, total, BIS-spliced, GDP",A: Normal value
NO,2025Q4,16.833902069507,"Norway - Central bank, assets, total, BIS-spliced, GDP",A: Normal value
SG,1991Q1,67.837629336327,"Singapore - Central bank, assets, total, BIS-spliced, GDP",A: Normal value
SG,1991Q2,69.049542724937,"Singapore - Central bank, assets, total, BIS-spliced, GDP",A: Normal value
SG,1991Q3,70.29217706831,"Singapore - Central bank, assets, total, BIS-spliced, GDP",A: Normal value
SG,1991Q4,71.154843304299,"Singapore - Central bank, assets, total, BIS-spliced, GDP",A: Normal value
SG,1992Q1,72.100273087667,"Singapore - Central bank, assets, total, BIS-spliced, GDP",A: Normal value
SG,1992Q2,75.4132937811,"Singapore - Central bank, assets, total, BIS-spliced, GDP",A: Normal value
SG,1992Q3,76.867046357168,"Singapore - Central bank, assets, total, BIS-spliced, GDP",A: Normal value
SG,1992Q4,77.59261179887,"Singapore - Central bank, assets, total, BIS-spliced, GDP",A: Normal value
SG,1993Q1,77.818281516853,"Singapore - Central bank, assets, total, BIS-spliced, GDP",A: Normal value
SG,1993Q2,78.097601359831,"Singapore - Central bank, assets, total, BIS-spliced, GDP",A: Normal value
SG,1993Q3,78.840828574647,"Singapore - Central bank, assets, total, BIS-spliced, GDP",A: Normal value
SG,1993Q4,79.652596075225,"Singapore - Central bank, assets, total, BIS-spliced, GDP",A: Normal value
SG,1994Q1,78.482345964223,"Singapore - Central bank, assets, total, BIS-spliced, GDP",A: Normal value
SG,1994Q2,77.137202135344,"Singapore - Central bank, assets, total, BIS-spliced, GDP",A: Normal value
SG,1994Q3,77.222716720042,"Singapore - Central bank, assets, total, BIS-spliced, GDP",A: Normal value
SG,1994Q4,75.937922460033,"Singapore - Central bank, assets, total, BIS-spliced, GDP",A: Normal value
SG,1995Q1,75.840948845644,"Singapore - Central bank, assets, total, BIS-spliced, GDP",A: Normal value
SG,1995Q2,78.65934597376,"Singapore - Central bank, assets, total, BIS-spliced, GDP",A: Normal value
SG,1995Q3,78.546870814186,"Singapore - Central bank, assets, total, BIS-spliced, GDP",A: Normal value
SG,1995Q4,78.383308584885,"Singapore - Central bank, assets, total, BIS-spliced, GDP",A: Normal value
SG,1996Q1,77.3680921555,"Singapore - Central bank, assets, total, BIS-spliced, GDP",A: Normal value
SG,1996Q2,77.678110259221,"Singapore - Central bank, assets, total, BIS-spliced, GDP",A: Normal value
SG,1996Q3,78.628971469844,"Singapore - Central bank, assets, total, BIS-spliced, GDP",A: Normal value
SG,1996Q4,79.487438252007,"Singapore - Central bank, assets, total, BIS-spliced, GDP",A: Normal value
SG,1997Q1,82.725036462982,"Singapore - Central bank, assets, total, BIS-spliced, GDP",A: Normal value
SG,1997Q2,81.797865451018,"Singapore - Central bank, assets, total, BIS-spliced, GDP",A: Normal value
SG,1997Q3,81.371943477933,"Singapore - Central bank, assets, total, BIS-spliced, GDP",A: Normal value
SG,1997Q4,80.601064391872,"Singapore - Central bank, assets, total, BIS-spliced, GDP",A: Normal value
SG,1998Q1,80.178568209571,"Singapore - Central bank, assets, total, BIS-spliced, GDP",A: Normal value
SG,1998Q2,81.479010947451,"Singapore - Central bank, assets, total, BIS-spliced, GDP",A: Normal value
SG,1998Q3,83.451382834704,"Singapore - Central bank, assets, total, BIS-spliced, GDP",A: Normal value
SG,1998Q4,86.815265376561,"Singapore - Central bank, assets, total, BIS-spliced, GDP",A: Normal value
SG,1999Q1,87.979315358742,"Singapore - Central bank, assets, total, BIS-spliced, GDP",A: Normal value
SG,1999Q2,89.318302258119,"Singapore - Central bank, assets, total, BIS-spliced, GDP",A: Normal value
SG,1999Q3,91.332447510088,"Singapore - Central bank, assets, total, BIS-spliced, GDP",A: Normal value
SG,1999Q4,88.742931120441,"Singapore - Central bank, assets, total, BIS-spliced, GDP",A: Normal value
SG,2000Q1,86.605399066177,"Singapore - Central bank, assets, total, BIS-spliced, GDP",A: Normal value
SG,2000Q2,88.939574379951,"Singapore - Central bank, assets, total, BIS-spliced, GDP",A: Normal value
SG,2000Q3,87.511247469319,"Singapore - Central bank, assets, total, BIS-spliced, GDP",A: Normal value
SG,2000Q4,87.278393100866,"Singapore - Central bank, assets, total, BIS-spliced, GDP",A: Normal value
SG,2001Q1,86.533300197333,"Singapore - Central bank, assets, total, BIS-spliced, GDP",A: Normal value
SG,2001Q2,84.213810279167,"Singapore - Central bank, assets, total, BIS-spliced, GDP",A: Normal value
SG,2001Q3,84.240186611394,"Singapore - Central bank, assets, total, BIS-spliced, GDP",A: Normal value
SG,2001Q4,90.727480221094,"Singapore - Central bank, assets, total, BIS-spliced, GDP",A: Normal value
SG,2002Q1,91.53097924381,"Singapore - Central bank, assets, total, BIS-spliced, GDP",A: Normal value
SG,2002Q2,91.710532767527,"Singapore - Central bank, assets, total, BIS-spliced, GDP",A: Normal value
SG,2002Q3,91.480526067852,"Singapore - Central bank, assets, total, BIS-spliced, GDP",A: Normal value
SG,2002Q4,89.601612828307,"Singapore - Central bank, assets, total, BIS-spliced, GDP",A: Normal value
SG,2003Q1,91.677210438124,"Singapore - Central bank, assets, total, BIS-spliced, GDP",A: Normal value
SG,2003Q2,95.125798284306,"Singapore - Central bank, assets, total, BIS-spliced, GDP",A: Normal value
SG,2003Q3,97.723112825767,"Singapore - Central bank, assets, total, BIS-spliced, GDP",A: Normal value
SG,2003Q4,99.723502358345,"Singapore - Central bank, assets, total, BIS-spliced, GDP",A: Normal value
SG,2004Q1,102.3293725713,"Singapore - Central bank, assets, total, BIS-spliced, GDP",A: Normal value
SG,2004Q2,100.00920950465,"Singapore - Central bank, assets, total, BIS-spliced, GDP",A: Normal value
SG,2004Q3,95.612719368022,"Singapore - Central bank, assets, total, BIS-spliced, GDP",A: Normal value
SG,2004Q4,98.324574859454,"Singapore - Central bank, assets, total, BIS-spliced, GDP",A: Normal value
SG,2005Q1,97.635961941801,"Singapore - Central bank, assets, total, BIS-spliced, GDP",A: Normal value
SG,2005Q2,99.804483811634,"Singapore - Central bank, assets, total, BIS-spliced, GDP",A: Normal value
SG,2005Q3,98.205317506273,"Singapore - Central bank, assets, total, BIS-spliced, GDP",A: Normal value
SG,2005Q4,94.420694183291,"Singapore - Central bank, assets, total, BIS-spliced, GDP",A: Normal value
SG,2006Q1,93.690411016689,"Singapore - Central bank, assets, total, BIS-spliced, GDP",A: Normal value
SG,2006Q2,93.683598696921,"Singapore - Central bank, assets, total, BIS-spliced, GDP",A: Normal value
SG,2006Q3,92.379372684467,"Singapore - Central bank, assets, total, BIS-spliced, GDP",A: Normal value
SG,2006Q4,91.687824062008,"Singapore - Central bank, assets, total, BIS-spliced, GDP",A: Normal value
SG,2007Q1,88.596076451745,"Singapore - Central bank, assets, total, BIS-spliced, GDP",A: Normal value
SG,2007Q2,89.781037713958,"Singapore - Central bank, assets, total, BIS-spliced, GDP",A: Normal value
SG,2007Q3,88.833008737562,"Singapore - Central bank, assets, total, BIS-spliced, GDP",A: Normal value
SG,2007Q4,88.807921497851,"Singapore - Central bank, assets, total, BIS-spliced, GDP",A: Normal value
SG,2008Q1,90.959372941926,"Singapore - Central bank, assets, total, BIS-spliced, GDP",A: Normal value
SG,2008Q2,88.988373259213,"Singapore - Central bank, assets, total, BIS-spliced, GDP",A: Normal value
SG,2008Q3,89.473000313575,"Singapore - Central bank, assets, total, BIS-spliced, GDP",A: Normal value
SG,2008Q4,94.155250941722,"Singapore - Central bank, assets, total, BIS-spliced, GDP",A: Normal value
SG,2009Q1,96.689716950516,"Singapore - Central bank, assets, total, BIS-spliced, GDP",A: Normal value
SG,2009Q2,95.996518485994,"Singapore - Central bank, assets, total, BIS-spliced, GDP",A: Normal value
SG,2009Q3,97.217632189277,"Singapore - Central bank, assets, total, BIS-spliced, GDP",A: Normal value
SG,2009Q4,96.308223149321,"Singapore - Central bank, assets, total, BIS-spliced, GDP",A: Normal value
SG,2010Q1,96.311871932101,"Singapore - Central bank, assets, total, BIS-spliced, GDP",A: Normal value
SG,2010Q2,93.531538887944,"Singapore - Central bank, assets, total, BIS-spliced, GDP",A: Normal value
SG,2010Q3,91.34933126248,"Singapore - Central bank, assets, total, BIS-spliced, GDP",A: Normal value
SG,2010Q4,90.723927415333,"Singapore - Central bank, assets, total, BIS-spliced, GDP",A: Normal value
SG,2011Q1,90.276832626743,"Singapore - Central bank, assets, total, BIS-spliced, GDP",A: Normal value
SG,2011Q2,89.622041463558,"Singapore - Central bank, assets, total, BIS-spliced, GDP",A: Normal value
SG,2011Q3,89.944408439548,"Singapore - Central bank, assets, total, BIS-spliced, GDP",A: Normal value
SG,2011Q4,89.745168875211,"Singapore - Central bank, assets, total, BIS-spliced, GDP",A: Normal value
SG,2012Q1,88.026571413483,"Singapore - Central bank, assets, total, BIS-spliced, GDP",A: Normal value
SG,2012Q2,87.1458159597,"Singapore - Central bank, assets, total, BIS-spliced, GDP",A: Normal value
SG,2012Q3,86.828975321442,"Singapore - Central bank, assets, total, BIS-spliced, GDP",A: Normal value
SG,2012Q4,87.853489404134,"Singapore - Central bank, assets, total, BIS-spliced, GDP",A: Normal value
SG,2013Q1,88.15935351412,"Singapore - Central bank, assets, total, BIS-spliced, GDP",A: Normal value
SG,2013Q2,89.938388655953,"Singapore - Central bank, assets, total, BIS-spliced, GDP",A: Normal value
SG,2013Q3,90.296674813939,"Singapore - Central bank, assets, total, BIS-spliced, GDP",A: Normal value
SG,2013Q4,91.410153123278,"Singapore - Central bank, assets, total, BIS-spliced, GDP",A: Normal value
SG,2014Q1,90.236116127483,"Singapore - Central bank, assets, total, BIS-spliced, GDP",A: Normal value
SG,2014Q2,90.562099920748,"Singapore - Central bank, assets, total, BIS-spliced, GDP",A: Normal value
SG,2014Q3,89.052722771273,"Singapore - Central bank, assets, total, BIS-spliced, GDP",A: Normal value
SG,2014Q4,88.304375655142,"Singapore - Central bank, assets, total, BIS-spliced, GDP",A: Normal value
SG,2015Q1,87.417291645573,"Singapore - Central bank, assets, total, BIS-spliced, GDP",A: Normal value
SG,2015Q2,86.300701497124,"Singapore - Central bank, assets, total, BIS-spliced, GDP",A: Normal value
SG,2015Q3,89.011464292857,"Singapore - Central bank, assets, total, BIS-spliced, GDP",A: Normal value
SG,2015Q4,86.236700682554,"Singapore - Central bank, assets, total, BIS-spliced, GDP",A: Normal value
SG,2016Q1,82.092889248516,"Singapore - Central bank, assets, total, BIS-spliced, GDP",A: Normal value
SG,2016Q2,79.981427674436,"Singapore - Central bank, assets, total, BIS-spliced, GDP",A: Normal value
SG,2016Q3,81.624886771695,"Singapore - Central bank, assets, total, BIS-spliced, GDP",A: Normal value
SG,2016Q4,82.68182988701,"Singapore - Central bank, assets, total, BIS-spliced, GDP",A: Normal value
SG,2017Q1,82.492437753493,"Singapore - Central bank, assets, total, BIS-spliced, GDP",A: Normal value
SG,2017Q2,82.203177097473,"Singapore - Central bank, assets, total, BIS-spliced, GDP",A: Normal value
SG,2017Q3,82.582149398057,"Singapore - Central bank, assets, total, BIS-spliced, GDP",A: Normal value
SG,2017Q4,81.033979751967,"Singapore - Central bank, assets, total, BIS-spliced, GDP",A: Normal value
SG,2018Q1,80.663803483885,"Singapore - Central bank, assets, total, BIS-spliced, GDP",A: Normal value
SG,2018Q2,82.315447036835,"Singapore - Central bank, assets, total, BIS-spliced, GDP",A: Normal value
SG,2018Q3,81.550424938926,"Singapore - Central bank, assets, total, BIS-spliced, GDP",A: Normal value
SG,2018Q4,79.250404157474,"Singapore - Central bank, assets, total, BIS-spliced, GDP",A: Normal value
SG,2019Q1,80.262201219617,"Singapore - Central bank, assets, total, BIS-spliced, GDP",A: Normal value
SG,2019Q2,74.162912951476,"Singapore - Central bank, assets, total, BIS-spliced, GDP",A: Normal value
SG,2019Q3,75.461859182991,"Singapore - Central bank, assets, total, BIS-spliced, GDP",A: Normal value
SG,2019Q4,75.423166666602,"Singapore - Central bank, assets, total, BIS-spliced, GDP",A: Normal value
SG,2020Q1,79.790400182934,"Singapore - Central bank, assets, total, BIS-spliced, GDP",A: Normal value
SG,2020Q2,90.673367341275,"Singapore - Central bank, assets, total, BIS-spliced, GDP",A: Normal value
SG,2020Q3,94.596272577572,"Singapore - Central bank, assets, total, BIS-spliced, GDP",A: Normal value
SG,2020Q4,101.45301895074,"Singapore - Central bank, assets, total, BIS-spliced, GDP",A: Normal value
SG,2021Q1,105.67977862082,"Singapore - Central bank, assets, total, BIS-spliced, GDP",A: Normal value
SG,2021Q2,103.5587708646,"Singapore - Central bank, assets, total, BIS-spliced, GDP",A: Normal value
SG,2021Q3,103.74616778323,"Singapore - Central bank, assets, total, BIS-spliced, GDP",A: Normal value
SG,2021Q4,97.892836912181,"Singapore - Central bank, assets, total, BIS-spliced, GDP",A: Normal value
SG,2022Q1,96.937290987812,"Singapore - Central bank, assets, total, BIS-spliced, GDP",A: Normal value
SG,2022Q2,94.51774950975,"Singapore - Central bank, assets, total, BIS-spliced, GDP",A: Normal value
SG,2022Q3,95.484902078336,"Singapore - Central bank, assets, total, BIS-spliced, GDP",A: Normal value
SG,2022Q4,90.849905944574,"Singapore - Central bank, assets, total, BIS-spliced, GDP",A: Normal value
SG,2023Q1,95.261716268941,"Singapore - Central bank, assets, total, BIS-spliced, GDP",A: Normal value
SG,2023Q2,102.19115598174,"Singapore - Central bank, assets, total, BIS-spliced, GDP",A: Normal value
SG,2023Q3,104.8507188274,"Singapore - Central bank, assets, total, BIS-spliced, GDP",A: Normal value
SG,2023Q4,106.0846321296,"Singapore - Central bank, assets, total, BIS-spliced, GDP",A: Normal value
SG,2024Q1,110.75040509423,"Singapore - Central bank, assets, total, BIS-spliced, GDP",A: Normal value
SG,2024Q2,109.49479157158,"Singapore - Central bank, assets, total, BIS-spliced, GDP",A: Normal value
SG,2024Q3,106.45685107295,"Singapore - Central bank, assets, total, BIS-spliced, GDP",A: Normal value
SG,2024Q4,105.04208649717,"Singapore - Central bank, assets, total, BIS-spliced, GDP",A: Normal value
SG,2025Q1,104.22670573583,"Singapore - Central bank, assets, total, BIS-spliced, GDP",A: Normal value
SG,2025Q2,103.01570085431,"Singapore - Central bank, assets, total, BIS-spliced, GDP",A: Normal value
SG,2025Q3,100.50315418187,"Singapore - Central bank, assets, total, BIS-spliced, GDP",A: Normal value
SG,2025Q4,100.53311391548,"Singapore - Central bank, assets, total, BIS-spliced, GDP",A: Normal value
SG,2026Q1,99.363837935699,"Singapore - Central bank, assets, total, BIS-spliced, GDP",A: Normal value
US,1947Q4,19.094293979174,"United States - Central bank, assets, total, BIS-spliced, GDP",A: Normal value
US,1948Q1,18.252236901047,"United States - Central bank, assets, total, BIS-spliced, GDP",A: Normal value
US,1948Q2,17.971434935306,"United States - Central bank, assets, total, BIS-spliced, GDP",A: Normal value
US,1948Q3,18.430933298777,"United States - Central bank, assets, total, BIS-spliced, GDP",A: Normal value
US,1948Q4,18.23085572618,"United States - Central bank, assets, total, BIS-spliced, GDP",A: Normal value
US,1949Q1,17.452589933172,"United States - Central bank, assets, total, BIS-spliced, GDP",A: Normal value
US,1949Q2,16.557064352052,"United States - Central bank, assets, total, BIS-spliced, GDP",A: Normal value
US,1949Q3,16.197473143019,"United States - Central bank, assets, total, BIS-spliced, GDP",A: Normal value
US,1949Q4,16.659158150044,"United States - Central bank, assets, total, BIS-spliced, GDP",A: Normal value
US,1950Q1,16.064486736058,"United States - Central bank, assets, total, BIS-spliced, GDP",A: Normal value
US,1950Q2,15.92102408829,"United States - Central bank, assets, total, BIS-spliced, GDP",A: Normal value
US,1950Q3,15.834740213936,"United States - Central bank, assets, total, BIS-spliced, GDP",A: Normal value
US,1950Q4,15.492886421245,"United States - Central bank, assets, total, BIS-spliced, GDP",A: Normal value
US,1951Q1,15.311076245385,"United States - Central bank, assets, total, BIS-spliced, GDP",A: Normal value
US,1951Q2,14.561734310007,"United States - Central bank, assets, total, BIS-spliced, GDP",A: Normal value
US,1951Q3,14.487967880179,"United States - Central bank, assets, total, BIS-spliced, GDP",A: Normal value
US,1951Q4,14.415339929361,"United States - Central bank, assets, total, BIS-spliced, GDP",A: Normal value
US,1952Q1,14.012083606215,"United States - Central bank, assets, total, BIS-spliced, GDP",A: Normal value
US,1952Q2,13.950426679559,"United States - Central bank, assets, total, BIS-spliced, GDP",A: Normal value
US,1952Q3,14.114314649189,"United States - Central bank, assets, total, BIS-spliced, GDP",A: Normal value
US,1952Q4,14.309830593412,"United States - Central bank, assets, total, BIS-spliced, GDP",A: Normal value
US,1953Q1,13.639004348509,"United States - Central bank, assets, total, BIS-spliced, GDP",A: Normal value
US,1953Q2,13.471402021618,"United States - Central bank, assets, total, BIS-spliced, GDP",A: Normal value
US,1953Q3,13.180362704199,"United States - Central bank, assets, total, BIS-spliced, GDP",A: Normal value
US,1953Q4,13.479647641754,"United States - Central bank, assets, total, BIS-spliced, GDP",A: Normal value
US,1954Q1,13.049601850348,"United States - Central bank, assets, total, BIS-spliced, GDP",A: Normal value
US,1954Q2,13.111066094016,"United States - Central bank, assets, total, BIS-spliced, GDP",A: Normal value
US,1954Q3,12.864608252136,"United States - Central bank, assets, total, BIS-spliced, GDP",A: Normal value
US,1954Q4,13.159417419549,"United States - Central bank, assets, total, BIS-spliced, GDP",A: Normal value
US,1955Q1,12.560789848146,"United States - Central bank, assets, total, BIS-spliced, GDP",A: Normal value
US,1955Q2,12.402832657045,"United States - Central bank, assets, total, BIS-spliced, GDP",A: Normal value
US,1955Q3,12.140626177038,"United States - Central bank, assets, total, BIS-spliced, GDP",A: Normal value
US,1955Q4,12.279583282252,"United States - Central bank, assets, total, BIS-spliced, GDP",A: Normal value
US,1956Q1,11.722420976035,"United States - Central bank, assets, total, BIS-spliced, GDP",A: Normal value
US,1956Q2,11.663658167944,"United States - Central bank, assets, total, BIS-spliced, GDP",A: Normal value
US,1956Q3,11.597225971363,"United States - Central bank, assets, total, BIS-spliced, GDP",A: Normal value
US,1956Q4,11.723037507076,"United States - Central bank, assets, total, BIS-spliced, GDP",A: Normal value
US,1957Q1,11.167109436007,"United States - Central bank, assets, total, BIS-spliced, GDP",A: Normal value
US,1957Q2,11.196571756247,"United States - Central bank, assets, total, BIS-spliced, GDP",A: Normal value
US,1957Q3,11.058121453515,"United States - Central bank, assets, total, BIS-spliced, GDP",A: Normal value
US,1957Q4,11.186339951412,"United States - Central bank, assets, total, BIS-spliced, GDP",A: Normal value
US,1958Q1,10.848882772342,"United States - Central bank, assets, total, BIS-spliced, GDP",A: Normal value
US,1958Q2,10.984374945598,"United States - Central bank, assets, total, BIS-spliced, GDP",A: Normal value
US,1958Q3,10.925187138947,"United States - Central bank, assets, total, BIS-spliced, GDP",A: Normal value
US,1958Q4,11.033411193196,"United States - Central bank, assets, total, BIS-spliced, GDP",A: Normal value
US,1959Q1,10.615053670292,"United States - Central bank, assets, total, BIS-spliced, GDP",A: Normal value
US,1959Q2,10.48411724984,"United States - Central bank, assets, total, BIS-spliced, GDP",A: Normal value
US,1959Q3,10.252552775477,"United States - Central bank, assets, total, BIS-spliced, GDP",A: Normal value
US,1959Q4,10.348641107578,"United States - Central bank, assets, total, BIS-spliced, GDP",A: Normal value
US,1960Q1,9.7601427330375,"United States - Central bank, assets, total, BIS-spliced, GDP",A: Normal value
US,1960Q2,9.7523724312758,"United States - Central bank, assets, total, BIS-spliced, GDP",A: Normal value
US,1960Q3,9.7732970708271,"United States - Central bank, assets, total, BIS-spliced, GDP",A: Normal value
US,1960Q4,9.66923150445,"United States - Central bank, assets, total, BIS-spliced, GDP",A: Normal value
US,1961Q1,8.9527779528012,"United States - Central bank, assets, total, BIS-spliced, GDP",A: Normal value
US,1961Q2,9.0226137495123,"United States - Central bank, assets, total, BIS-spliced, GDP",A: Normal value
US,1961Q3,9.0382820623697,"United States - Central bank, assets, total, BIS-spliced, GDP",A: Normal value
US,1961Q4,9.3935211640484,"United States - Central bank, assets, total, BIS-spliced, GDP",A: Normal value
US,1962Q1,8.7987396381484,"United States - Central bank, assets, total, BIS-spliced, GDP",A: Normal value
US,1962Q2,8.9171249958311,"United States - Central bank, assets, total, BIS-spliced, GDP",A: Normal value
US,1962Q3,8.775230260621,"United States - Central bank, assets, total, BIS-spliced, GDP",A: Normal value
US,1962Q4,8.7751587202715,"United States - Central bank, assets, total, BIS-spliced, GDP",A: Normal value
US,1963Q1,8.5619010155196,"United States - Central bank, assets, total, BIS-spliced, GDP",A: Normal value
US,1963Q2,8.7299230392652,"United States - Central bank, assets, total, BIS-spliced, GDP",A: Normal value
US,1963Q3,8.6722569420109,"United States - Central bank, assets, total, BIS-spliced, GDP",A: Normal value
US,1963Q4,8.8126754959195,"United States - Central bank, assets, total, BIS-spliced, GDP",A: Normal value
US,1964Q1,8.504929868504,"United States - Central bank, assets, total, BIS-spliced, GDP",A: Normal value
US,1964Q2,8.5747927999176,"United States - Central bank, assets, total, BIS-spliced, GDP",A: Normal value
US,1964Q3,8.523368283201,"United States - Central bank, assets, total, BIS-spliced, GDP",A: Normal value
US,1964Q4,8.7862412373935,"United States - Central bank, assets, total, BIS-spliced, GDP",A: Normal value
US,1965Q1,8.4013807987545,"United States - Central bank, assets, total, BIS-spliced, GDP",A: Normal value
US,1965Q2,8.5304241061148,"United States - Central bank, assets, total, BIS-spliced, GDP",A: Normal value
US,1965Q3,8.3926528560217,"United States - Central bank, assets, total, BIS-spliced, GDP",A: Normal value
US,1965Q4,8.5390611981261,"United States - Central bank, assets, total, BIS-spliced, GDP",A: Normal value
US,1966Q1,8.0958864596336,"United States - Central bank, assets, total, BIS-spliced, GDP",A: Normal value
US,1966Q2,8.1625232786535,"United States - Central bank, assets, total, BIS-spliced, GDP",A: Normal value
US,1966Q3,8.0569460276742,"United States - Central bank, assets, total, BIS-spliced, GDP",A: Normal value
US,1966Q4,8.3060586433487,"United States - Central bank, assets, total, BIS-spliced, GDP",A: Normal value
US,1967Q1,7.8843721742154,"United States - Central bank, assets, total, BIS-spliced, GDP",A: Normal value
US,1967Q2,8.0599480018526,"United States - Central bank, assets, total, BIS-spliced, GDP",A: Normal value
US,1967Q3,8.0778945835484,"United States - Central bank, assets, total, BIS-spliced, GDP",A: Normal value
US,1967Q4,8.4188052137007,"United States - Central bank, assets, total, BIS-spliced, GDP",A: Normal value
US,1968Q1,8.099458520139,"United States - Central bank, assets, total, BIS-spliced, GDP",A: Normal value
US,1968Q2,8.1116918765965,"United States - Central bank, assets, total, BIS-spliced, GDP",A: Normal value
US,1968Q3,8.1146419557829,"United States - Central bank, assets, total, BIS-spliced, GDP",A: Normal value
US,1968Q4,8.0719245778251,"United States - Central bank, assets, total, BIS-spliced, GDP",A: Normal value
US,1969Q1,7.7619105023052,"United States - Central bank, assets, total, BIS-spliced, GDP",A: Normal value
US,1969Q2,7.8507100464216,"United States - Central bank, assets, total, BIS-spliced, GDP",A: Normal value
US,1969Q3,7.8408677622826,"United States - Central bank, assets, total, BIS-spliced, GDP",A: Normal value
US,1969Q4,7.9356893598971,"United States - Central bank, assets, total, BIS-spliced, GDP",A: Normal value
US,1970Q1,7.6760471890373,"United States - Central bank, assets, total, BIS-spliced, GDP",A: Normal value
US,1970Q2,7.7506941092193,"United States - Central bank, assets, total, BIS-spliced, GDP",A: Normal value
US,1970Q3,7.8434611400295,"United States - Central bank, assets, total, BIS-spliced, GDP",A: Normal value
US,1970Q4,7.8754898851507,"United States - Central bank, assets, total, BIS-spliced, GDP",A: Normal value
US,1971Q1,7.9405678070671,"United States - Central bank, assets, total, BIS-spliced, GDP",A: Normal value
US,1971Q2,7.9331539680083,"United States - Central bank, assets, total, BIS-spliced, GDP",A: Normal value
US,1971Q3,7.9093107753325,"United States - Central bank, assets, total, BIS-spliced, GDP",A: Normal value
US,1971Q4,8.3446457388383,"United States - Central bank, assets, total, BIS-spliced, GDP",A: Normal value
US,1972Q1,7.8334066291721,"United States - Central bank, assets, total, BIS-spliced, GDP",A: Normal value
US,1972Q2,7.9166853454907,"United States - Central bank, assets, total, BIS-spliced, GDP",A: Normal value
US,1972Q3,7.6330722830666,"United States - Central bank, assets, total, BIS-spliced, GDP",A: Normal value
US,1972Q4,7.3116126922928,"United States - Central bank, assets, total, BIS-spliced, GDP",A: Normal value
US,1973Q1,7.3666215845948,"United States - Central bank, assets, total, BIS-spliced, GDP",A: Normal value
US,1973Q2,7.2865291723847,"United States - Central bank, assets, total, BIS-spliced, GDP",A: Normal value
US,1973Q3,7.4001355070773,"United States - Central bank, assets, total, BIS-spliced, GDP",A: Normal value
US,1973Q4,7.2724537758198,"United States - Central bank, assets, total, BIS-spliced, GDP",A: Normal value
US,1974Q1,7.0808730840035,"United States - Central bank, assets, total, BIS-spliced, GDP",A: Normal value
US,1974Q2,7.3202800562868,"United States - Central bank, assets, total, BIS-spliced, GDP",A: Normal value
US,1974Q3,7.4104463139893,"United States - Central bank, assets, total, BIS-spliced, GDP",A: Normal value
US,1974Q4,7.4488153681466,"United States - Central bank, assets, total, BIS-spliced, GDP",A: Normal value
US,1975Q1,7.1053963742568,"United States - Central bank, assets, total, BIS-spliced, GDP",A: Normal value
US,1975Q2,7.376936942326,"United States - Central bank, assets, total, BIS-spliced, GDP",A: Normal value
US,1975Q3,7.1949429006748,"United States - Central bank, assets, total, BIS-spliced, GDP",A: Normal value
US,1975Q4,7.1580425339935,"United States - Central bank, assets, total, BIS-spliced, GDP",A: Normal value
US,1976Q1,6.9739551811346,"United States - Central bank, assets, total, BIS-spliced, GDP",A: Normal value
US,1976Q2,7.1779806709567,"United States - Central bank, assets, total, BIS-spliced, GDP",A: Normal value
US,1976Q3,7.2061377381258,"United States - Central bank, assets, total, BIS-spliced, GDP",A: Normal value
US,1976Q4,7.1885428452738,"United States - Central bank, assets, total, BIS-spliced, GDP",A: Normal value
US,1977Q1,6.6889718959071,"United States - Central bank, assets, total, BIS-spliced, GDP",A: Normal value
US,1977Q2,6.9383869268761,"United States - Central bank, assets, total, BIS-spliced, GDP",A: Normal value
US,1977Q3,6.8767115500872,"United States - Central bank, assets, total, BIS-spliced, GDP",A: Normal value
US,1977Q4,7.0142802410147,"United States - Central bank, assets, total, BIS-spliced, GDP",A: Normal value
US,1978Q1,6.4417715544998,"United States - Central bank, assets, total, BIS-spliced, GDP",A: Normal value
US,1978Q2,6.827930478815,"United States - Central bank, assets, total, BIS-spliced, GDP",A: Normal value
US,1978Q3,6.8096110402362,"United States - Central bank, assets, total, BIS-spliced, GDP",A: Normal value
US,1978Q4,6.7096497425787,"United States - Central bank, assets, total, BIS-spliced, GDP",A: Normal value
US,1979Q1,5.9552334530303,"United States - Central bank, assets, total, BIS-spliced, GDP",A: Normal value
US,1979Q2,6.1635706789691,"United States - Central bank, assets, total, BIS-spliced, GDP",A: Normal value
US,1979Q3,6.0792652881849,"United States - Central bank, assets, total, BIS-spliced, GDP",A: Normal value
US,1979Q4,6.0224801469863,"United States - Central bank, assets, total, BIS-spliced, GDP",A: Normal value
US,1980Q1,5.9376797763029,"United States - Central bank, assets, total, BIS-spliced, GDP",A: Normal value
US,1980Q2,5.8309322381784,"United States - Central bank, assets, total, BIS-spliced, GDP",A: Normal value
US,1980Q3,5.8825591631076,"United States - Central bank, assets, total, BIS-spliced, GDP",A: Normal value
US,1980Q4,5.9058805498024,"United States - Central bank, assets, total, BIS-spliced, GDP",A: Normal value
US,1981Q1,5.6329617187552,"United States - Central bank, assets, total, BIS-spliced, GDP",A: Normal value
US,1981Q2,5.4736225062452,"United States - Central bank, assets, total, BIS-spliced, GDP",A: Normal value
US,1981Q3,5.4197578848547,"United States - Central bank, assets, total, BIS-spliced, GDP",A: Normal value
US,1981Q4,5.55733955543,"United States - Central bank, assets, total, BIS-spliced, GDP",A: Normal value
US,1982Q1,5.2391613698832,"United States - Central bank, assets, total, BIS-spliced, GDP",A: Normal value
US,1982Q2,5.2083092499142,"United States - Central bank, assets, total, BIS-spliced, GDP",A: Normal value
US,1982Q3,5.2407755374445,"United States - Central bank, assets, total, BIS-spliced, GDP",A: Normal value
US,1982Q4,5.61218781179,"United States - Central bank, assets, total, BIS-spliced, GDP",A: Normal value
US,1983Q1,5.3041197412062,"United States - Central bank, assets, total, BIS-spliced, GDP",A: Normal value
US,1983Q2,5.3583091979019,"United States - Central bank, assets, total, BIS-spliced, GDP",A: Normal value
US,1983Q3,5.4761136479084,"United States - Central bank, assets, total, BIS-spliced, GDP",A: Normal value
US,1983Q4,5.4911680767819,"United States - Central bank, assets, total, BIS-spliced, GDP",A: Normal value
US,1984Q1,5.0351709108988,"United States - Central bank, assets, total, BIS-spliced, GDP",A: Normal value
US,1984Q2,5.1215563050928,"United States - Central bank, assets, total, BIS-spliced, GDP",A: Normal value
US,1984Q3,5.1267781614086,"United States - Central bank, assets, total, BIS-spliced, GDP",A: Normal value
US,1984Q4,5.1223477140356,"United States - Central bank, assets, total, BIS-spliced, GDP",A: Normal value
US,1985Q1,4.9227738823206,"United States - Central bank, assets, total, BIS-spliced, GDP",A: Normal value
US,1985Q2,5.0159325960787,"United States - Central bank, assets, total, BIS-spliced, GDP",A: Normal value
US,1985Q3,5.1807291265944,"United States - Central bank, assets, total, BIS-spliced, GDP",A: Normal value
US,1985Q4,5.4402784187092,"United States - Central bank, assets, total, BIS-spliced, GDP",A: Normal value
US,1986Q1,5.1035143340607,"United States - Central bank, assets, total, BIS-spliced, GDP",A: Normal value
US,1986Q2,5.1266238028828,"United States - Central bank, assets, total, BIS-spliced, GDP",A: Normal value
US,1986Q3,5.2505869535756,"United States - Central bank, assets, total, BIS-spliced, GDP",A: Normal value
US,1986Q4,5.8089012522952,"United States - Central bank, assets, total, BIS-spliced, GDP",A: Normal value
US,1987Q1,5.2301589663185,"United States - Central bank, assets, total, BIS-spliced, GDP",A: Normal value
US,1987Q2,5.6346942823159,"United States - Central bank, assets, total, BIS-spliced, GDP",A: Normal value
US,1987Q3,5.4697986771953,"United States - Central bank, assets, total, BIS-spliced, GDP",A: Normal value
US,1987Q4,5.6314493924023,"United States - Central bank, assets, total, BIS-spliced, GDP",A: Normal value
US,1988Q1,5.3053452233634,"United States - Central bank, assets, total, BIS-spliced, GDP",A: Normal value
US,1988Q2,5.5273860480825,"United States - Central bank, assets, total, BIS-spliced, GDP",A: Normal value
US,1988Q3,5.5178215379635,"United States - Central bank, assets, total, BIS-spliced, GDP",A: Normal value
US,1988Q4,5.6142901512526,"United States - Central bank, assets, total, BIS-spliced, GDP",A: Normal value
US,1989Q1,5.2548308049159,"United States - Central bank, assets, total, BIS-spliced, GDP",A: Normal value
US,1989Q2,5.4470813212817,"United States - Central bank, assets, total, BIS-spliced, GDP",A: Normal value
US,1989Q3,5.1966316661191,"United States - Central bank, assets, total, BIS-spliced, GDP",A: Normal value
US,1989Q4,5.4994327850255,"United States - Central bank, assets, total, BIS-spliced, GDP",A: Normal value
US,1990Q1,5.1459276511484,"United States - Central bank, assets, total, BIS-spliced, GDP",A: Normal value
US,1990Q2,5.2373460277633,"United States - Central bank, assets, total, BIS-spliced, GDP",A: Normal value
US,1990Q3,5.2629963975419,"United States - Central bank, assets, total, BIS-spliced, GDP",A: Normal value
US,1990Q4,5.3527470914998,"United States - Central bank, assets, total, BIS-spliced, GDP",A: Normal value
US,1991Q1,5.2264168228191,"United States - Central bank, assets, total, BIS-spliced, GDP",A: Normal value
US,1991Q2,5.3324015069122,"United States - Central bank, assets, total, BIS-spliced, GDP",A: Normal value
US,1991Q3,5.2717015349141,"United States - Central bank, assets, total, BIS-spliced, GDP",A: Normal value
US,1991Q4,5.6287425149701,"United States - Central bank, assets, total, BIS-spliced, GDP",A: Normal value
US,1992Q1,5.328824858576,"United States - Central bank, assets, total, BIS-spliced, GDP",A: Normal value
US,1992Q2,5.4128665878922,"United States - Central bank, assets, total, BIS-spliced, GDP",A: Normal value
US,1992Q3,5.6667212156634,"United States - Central bank, assets, total, BIS-spliced, GDP",A: Normal value
US,1992Q4,5.6605920717142,"United States - Central bank, assets, total, BIS-spliced, GDP",A: Normal value
US,1993Q1,5.5660643458599,"United States - Central bank, assets, total, BIS-spliced, GDP",A: Normal value
US,1993Q2,5.8793689193528,"United States - Central bank, assets, total, BIS-spliced, GDP",A: Normal value
US,1993Q3,5.7786600642774,"United States - Central bank, assets, total, BIS-spliced, GDP",A: Normal value
US,1993Q4,5.9572066982088,"United States - Central bank, assets, total, BIS-spliced, GDP",A: Normal value
US,1994Q1,5.8194130925508,"United States - Central bank, assets, total, BIS-spliced, GDP",A: Normal value
US,1994Q2,5.8404722135719,"United States - Central bank, assets, total, BIS-spliced, GDP",A: Normal value
US,1994Q3,5.7389523258811,"United States - Central bank, assets, total, BIS-spliced, GDP",A: Normal value
US,1994Q4,6.0376548080552,"United States - Central bank, assets, total, BIS-spliced, GDP",A: Normal value
US,1995Q1,5.8512363139304,"United States - Central bank, assets, total, BIS-spliced, GDP",A: Normal value
US,1995Q2,5.8609487549223,"United States - Central bank, assets, total, BIS-spliced, GDP",A: Normal value
US,1995Q3,5.804673679059,"United States - Central bank, assets, total, BIS-spliced, GDP",A: Normal value
US,1995Q4,5.9237147812428,"United States - Central bank, assets, total, BIS-spliced, GDP",A: Normal value
US,1996Q1,5.8004866494959,"United States - Central bank, assets, total, BIS-spliced, GDP",A: Normal value
US,1996Q2,5.7200880186242,"United States - Central bank, assets, total, BIS-spliced, GDP",A: Normal value
US,1996Q3,5.7711890785498,"United States - Central bank, assets, total, BIS-spliced, GDP",A: Normal value
US,1996Q4,5.8837439033831,"United States - Central bank, assets, total, BIS-spliced, GDP",A: Normal value
US,1997Q1,5.7403398329201,"United States - Central bank, assets, total, BIS-spliced, GDP",A: Normal value
US,1997Q2,5.8266626994503,"United States - Central bank, assets, total, BIS-spliced, GDP",A: Normal value
US,1997Q3,5.7294115210877,"United States - Central bank, assets, total, BIS-spliced, GDP",A: Normal value
US,1997Q4,6.0372367400948,"United States - Central bank, assets, total, BIS-spliced, GDP",A: Normal value
US,1998Q1,5.7510311943471,"United States - Central bank, assets, total, BIS-spliced, GDP",A: Normal value
US,1998Q2,5.8430677529215,"United States - Central bank, assets, total, BIS-spliced, GDP",A: Normal value
US,1998Q3,5.8726653827205,"United States - Central bank, assets, total, BIS-spliced, GDP",A: Normal value
US,1998Q4,6.0281645072039,"United States - Central bank, assets, total, BIS-spliced, GDP",A: Normal value
US,1999Q1,5.9130841248488,"United States - Central bank, assets, total, BIS-spliced, GDP",A: Normal value
US,1999Q2,5.9964554386529,"United States - Central bank, assets, total, BIS-spliced, GDP",A: Normal value
US,1999Q3,5.9911336155175,"United States - Central bank, assets, total, BIS-spliced, GDP",A: Normal value
US,1999Q4,6.9452169647006,"United States - Central bank, assets, total, BIS-spliced, GDP",A: Normal value
US,2000Q1,5.9256145948378,"United States - Central bank, assets, total, BIS-spliced, GDP",A: Normal value
US,2000Q2,5.9197574096248,"United States - Central bank, assets, total, BIS-spliced, GDP",A: Normal value
US,2000Q3,5.7637508864963,"United States - Central bank, assets, total, BIS-spliced, GDP",A: Normal value
US,2000Q4,6.0455274876963,"United States - Central bank, assets, total, BIS-spliced, GDP",A: Normal value
US,2001Q1,5.7553421843277,"United States - Central bank, assets, total, BIS-spliced, GDP",A: Normal value
US,2001Q2,5.861779734166,"United States - Central bank, assets, total, BIS-spliced, GDP",A: Normal value
US,2001Q3,6.0561766529146,"United States - Central bank, assets, total, BIS-spliced, GDP",A: Normal value
US,2001Q4,6.2588045180815,"United States - Central bank, assets, total, BIS-spliced, GDP",A: Normal value
US,2002Q1,6.1716001031871,"United States - Central bank, assets, total, BIS-spliced, GDP",A: Normal value
US,2002Q2,6.3913159948287,"United States - Central bank, assets, total, BIS-spliced, GDP",A: Normal value
US,2002Q3,6.2833489166696,"United States - Central bank, assets, total, BIS-spliced, GDP",A: Normal value
US,2002Q4,6.6982551170728,"United States - Central bank, assets, total, BIS-spliced, GDP",A: Normal value
US,2003Q1,6.5750923889632,"United States - Central bank, assets, total, BIS-spliced, GDP",A: Normal value
US,2003Q2,6.6829514756705,"United States - Central bank, assets, total, BIS-spliced, GDP",A: Normal value
US,2003Q3,6.571588163582,"United States - Central bank, assets, total, BIS-spliced, GDP",A: Normal value
US,2003Q4,6.7346429304017,"United States - Central bank, assets, total, BIS-spliced, GDP",A: Normal value
US,2004Q1,6.5333193058093,"United States - Central bank, assets, total, BIS-spliced, GDP",A: Normal value
US,2004Q2,6.5821750244327,"United States - Central bank, assets, total, BIS-spliced, GDP",A: Normal value
US,2004Q3,6.5372648538774,"United States - Central bank, assets, total, BIS-spliced, GDP",A: Normal value
US,2004Q4,6.6377374474868,"United States - Central bank, assets, total, BIS-spliced, GDP",A: Normal value
US,2005Q1,6.497757107856,"United States - Central bank, assets, total, BIS-spliced, GDP",A: Normal value
US,2005Q2,6.4136335296155,"United States - Central bank, assets, total, BIS-spliced, GDP",A: Normal value
US,2005Q3,6.4156869769742,"United States - Central bank, assets, total, BIS-spliced, GDP",A: Normal value
US,2005Q4,6.5011657156881,"United States - Central bank, assets, total, BIS-spliced, GDP",A: Normal value
US,2006Q1,6.2932285562771,"United States - Central bank, assets, total, BIS-spliced, GDP",A: Normal value
US,2006Q2,6.276071453788,"United States - Central bank, assets, total, BIS-spliced, GDP",A: Normal value
US,2006Q3,6.2329440665848,"United States - Central bank, assets, total, BIS-spliced, GDP",A: Normal value
US,2006Q4,6.2971423608095,"United States - Central bank, assets, total, BIS-spliced, GDP",A: Normal value
US,2007Q1,6.2263430382488,"United States - Central bank, assets, total, BIS-spliced, GDP",A: Normal value
US,2007Q2,6.121646770781,"United States - Central bank, assets, total, BIS-spliced, GDP",A: Normal value
US,2007Q3,6.2207387083526,"United States - Central bank, assets, total, BIS-spliced, GDP",A: Normal value
US,2007Q4,6.1534241843273,"United States - Central bank, assets, total, BIS-spliced, GDP",A: Normal value
US,2008Q1,6.1243273423558,"United States - Central bank, assets, total, BIS-spliced, GDP",A: Normal value
US,2008Q2,6.0675735836361,"United States - Central bank, assets, total, BIS-spliced, GDP",A: Normal value
US,2008Q3,8.1899020550364,"United States - Central bank, assets, total, BIS-spliced, GDP",A: Normal value
US,2008Q4,15.162354390871,"United States - Central bank, assets, total, BIS-spliced, GDP",A: Normal value
US,2009Q1,14.091307024376,"United States - Central bank, assets, total, BIS-spliced, GDP",A: Normal value
US,2009Q2,13.892971966399,"United States - Central bank, assets, total, BIS-spliced, GDP",A: Normal value
US,2009Q3,14.799029535573,"United States - Central bank, assets, total, BIS-spliced, GDP",A: Normal value
US,2009Q4,15.430717534475,"United States - Central bank, assets, total, BIS-spliced, GDP",A: Normal value
US,2010Q1,15.844205343209,"United States - Central bank, assets, total, BIS-spliced, GDP",A: Normal value
US,2010Q2,15.84403066366,"United States - Central bank, assets, total, BIS-spliced, GDP",A: Normal value
US,2010Q3,15.443625540835,"United States - Central bank, assets, total, BIS-spliced, GDP",A: Normal value
US,2010Q4,16.084617058637,"United States - Central bank, assets, total, BIS-spliced, GDP",A: Normal value
US,2011Q1,17.258351471718,"United States - Central bank, assets, total, BIS-spliced, GDP",A: Normal value
US,2011Q2,18.678298565841,"United States - Central bank, assets, total, BIS-spliced, GDP",A: Normal value
US,2011Q3,18.432847714661,"United States - Central bank, assets, total, BIS-spliced, GDP",A: Normal value
US,2011Q4,18.757349889181,"United States - Central bank, assets, total, BIS-spliced, GDP",A: Normal value
US,2012Q1,18.24021370074,"United States - Central bank, assets, total, BIS-spliced, GDP",A: Normal value
US,2012Q2,17.962873573493,"United States - Central bank, assets, total, BIS-spliced, GDP",A: Normal value
US,2012Q3,17.408796403348,"United States - Central bank, assets, total, BIS-spliced, GDP",A: Normal value
US,2012Q4,17.88672907201,"United States - Central bank, assets, total, BIS-spliced, GDP",A: Normal value
US,2013Q1,19.527380052199,"United States - Central bank, assets, total, BIS-spliced, GDP",A: Normal value
US,2013Q2,21.04561624277,"United States - Central bank, assets, total, BIS-spliced, GDP",A: Normal value
US,2013Q3,22.375769088449,"United States - Central bank, assets, total, BIS-spliced, GDP",A: Normal value
US,2013Q4,23.888707057034,"United States - Central bank, assets, total, BIS-spliced, GDP",A: Normal value
US,2014Q1,24.838163009275,"United States - Central bank, assets, total, BIS-spliced, GDP",A: Normal value
US,2014Q2,25.374505532805,"United States - Central bank, assets, total, BIS-spliced, GDP",A: Normal value
US,2014Q3,25.585405178993,"United States - Central bank, assets, total, BIS-spliced, GDP",A: Normal value
US,2014Q4,25.543094452135,"United States - Central bank, assets, total, BIS-spliced, GDP",A: Normal value
US,2015Q1,25.137222065603,"United States - Central bank, assets, total, BIS-spliced, GDP",A: Normal value
US,2015Q2,24.951873171652,"United States - Central bank, assets, total, BIS-spliced, GDP",A: Normal value
US,2015Q3,24.686463795643,"United States - Central bank, assets, total, BIS-spliced, GDP",A: Normal value
US,2015Q4,24.523569281224,"United States - Central bank, assets, total, BIS-spliced, GDP",A: Normal value
US,2016Q1,24.349233593691,"United States - Central bank, assets, total, BIS-spliced, GDP",A: Normal value
US,2016Q2,24.118929237266,"United States - Central bank, assets, total, BIS-spliced, GDP",A: Normal value
US,2016Q3,23.882433249782,"United States - Central bank, assets, total, BIS-spliced, GDP",A: Normal value
US,2016Q4,23.671761083547,"United States - Central bank, assets, total, BIS-spliced, GDP",A: Normal value
US,2017Q1,23.532417754542,"United States - Central bank, assets, total, BIS-spliced, GDP",A: Normal value
US,2017Q2,23.276694997568,"United States - Central bank, assets, total, BIS-spliced, GDP",A: Normal value
US,2017Q3,22.996752287399,"United States - Central bank, assets, total, BIS-spliced, GDP",A: Normal value
US,2017Q4,22.683343446138,"United States - Central bank, assets, total, BIS-spliced, GDP",A: Normal value
US,2018Q1,22.099971193845,"United States - Central bank, assets, total, BIS-spliced, GDP",A: Normal value
US,2018Q2,21.356814055695,"United States - Central bank, assets, total, BIS-spliced, GDP",A: Normal value
US,2018Q3,20.516942258454,"United States - Central bank, assets, total, BIS-spliced, GDP",A: Normal value
US,2018Q4,19.730501621158,"United States - Central bank, assets, total, BIS-spliced, GDP",A: Normal value
US,2019Q1,18.969714335726,"United States - Central bank, assets, total, BIS-spliced, GDP",A: Normal value
US,2019Q2,18.174019692233,"United States - Central bank, assets, total, BIS-spliced, GDP",A: Normal value
US,2019Q3,18.123122311926,"United States - Central bank, assets, total, BIS-spliced, GDP",A: Normal value
US,2019Q4,19.338885026561,"United States - Central bank, assets, total, BIS-spliced, GDP",A: Normal value
US,2020Q1,24.213402150934,"United States - Central bank, assets, total, BIS-spliced, GDP",A: Normal value
US,2020Q2,33.187958280176,"United States - Central bank, assets, total, BIS-spliced, GDP",A: Normal value
US,2020Q3,33.070269522925,"United States - Central bank, assets, total, BIS-spliced, GDP",A: Normal value
US,2020Q4,34.447982540575,"United States - Central bank, assets, total, BIS-spliced, GDP",A: Normal value
US,2021Q1,35.584563800321,"United States - Central bank, assets, total, BIS-spliced, GDP",A: Normal value
US,2021Q2,35.945298126103,"United States - Central bank, assets, total, BIS-spliced, GDP",A: Normal value
US,2021Q3,36.660140036148,"United States - Central bank, assets, total, BIS-spliced, GDP",A: Normal value
US,2021Q4,36.911359646627,"United States - Central bank, assets, total, BIS-spliced, GDP",A: Normal value
US,2022Q1,36.675655212461,"United States - Central bank, assets, total, BIS-spliced, GDP",A: Normal value
US,2022Q2,35.687186960752,"United States - Central bank, assets, total, BIS-spliced, GDP",A: Normal value
US,2022Q3,34.404216640671,"United States - Central bank, assets, total, BIS-spliced, GDP",A: Normal value
US,2022Q4,32.820189141265,"United States - Central bank, assets, total, BIS-spliced, GDP",A: Normal value
US,2023Q1,32.795528537593,"United States - Central bank, assets, total, BIS-spliced, GDP",A: Normal value
US,2023Q2,30.93429315561,"United States - Central bank, assets, total, BIS-spliced, GDP",A: Normal value
US,2023Q3,29.206798318852,"United States - Central bank, assets, total, BIS-spliced, GDP",A: Normal value
US,2023Q4,27.732344533736,"United States - Central bank, assets, total, BIS-spliced, GDP",A: Normal value
US,2024Q1,26.556271277247,"United States - Central bank, assets, total, BIS-spliced, GDP",A: Normal value
US,2024Q2,25.293802528449,"United States - Central bank, assets, total, BIS-spliced, GDP",A: Normal value
US,2024Q3,24.457936499712,"United States - Central bank, assets, total, BIS-spliced, GDP",A: Normal value
US,2024Q4,23.503164462451,"United States - Central bank, assets, total, BIS-spliced, GDP",A: Normal value
US,2025Q1,22.746917975803,"United States - Central bank, assets, total, BIS-spliced, GDP",A: Normal value
US,2025Q2,22.232400364745,"United States - Central bank, assets, total, BIS-spliced, GDP",A: Normal value
US,2025Q3,21.764810499708,"United States - Central bank, assets, total, BIS-spliced, GDP",A: Normal value
US,2025Q4,21.587028833393,"United States - Central bank, assets, total, BIS-spliced, GDP",A: Normal value
US,2026Q1,21.326374211633,"United States - Central bank, assets, total, BIS-spliced, GDP",A: Normal value
XM,1998Q4,10.891962623364,"Euro area - Central bank, assets, total, BIS-spliced, GDP",A: Normal value
XM,1999Q1,11.963458680533,"Euro area - Central bank, assets, total, BIS-spliced, GDP",A: Normal value
XM,1999Q2,11.047132383231,"Euro area - Central bank, assets, total, BIS-spliced, GDP",A: Normal value
XM,1999Q3,11.039638930421,"Euro area - Central bank, assets, total, BIS-spliced, GDP",A: Normal value
XM,1999Q4,11.995868314163,"Euro area - Central bank, assets, total, BIS-spliced, GDP",A: Normal value
XM,2000Q1,11.416779519815,"Euro area - Central bank, assets, total, BIS-spliced, GDP",A: Normal value
XM,2000Q2,11.809611963746,"Euro area - Central bank, assets, total, BIS-spliced, GDP",A: Normal value
XM,2000Q3,11.84855661646,"Euro area - Central bank, assets, total, BIS-spliced, GDP",A: Normal value
XM,2000Q4,11.821871988577,"Euro area - Central bank, assets, total, BIS-spliced, GDP",A: Normal value
XM,2001Q1,11.848435532661,"Euro area - Central bank, assets, total, BIS-spliced, GDP",A: Normal value
XM,2001Q2,11.912659797709,"Euro area - Central bank, assets, total, BIS-spliced, GDP",A: Normal value
XM,2001Q3,11.162318373884,"Euro area - Central bank, assets, total, BIS-spliced, GDP",A: Normal value
XM,2001Q4,12.155757402318,"Euro area - Central bank, assets, total, BIS-spliced, GDP",A: Normal value
XM,2002Q1,10.930108286941,"Euro area - Central bank, assets, total, BIS-spliced, GDP",A: Normal value
XM,2002Q2,10.386980521277,"Euro area - Central bank, assets, total, BIS-spliced, GDP",A: Normal value
XM,2002Q3,10.260494491986,"Euro area - Central bank, assets, total, BIS-spliced, GDP",A: Normal value
XM,2002Q4,10.388005718034,"Euro area - Central bank, assets, total, BIS-spliced, GDP",A: Normal value
XM,2003Q1,10.043683979744,"Euro area - Central bank, assets, total, BIS-spliced, GDP",A: Normal value
XM,2003Q2,10.331928833584,"Euro area - Central bank, assets, total, BIS-spliced, GDP",A: Normal value
XM,2003Q3,10.404043297368,"Euro area - Central bank, assets, total, BIS-spliced, GDP",A: Normal value
XM,2003Q4,10.636357465532,"Euro area - Central bank, assets, total, BIS-spliced, GDP",A: Normal value
XM,2004Q1,10.646668308967,"Euro area - Central bank, assets, total, BIS-spliced, GDP",A: Normal value
XM,2004Q2,10.969418961765,"Euro area - Central bank, assets, total, BIS-spliced, GDP",A: Normal value
XM,2004Q3,10.865401962879,"Euro area - Central bank, assets, total, BIS-spliced, GDP",A: Normal value
XM,2004Q4,10.783585707221,"Euro area - Central bank, assets, total, BIS-spliced, GDP",A: Normal value
XM,2005Q1,11.206983873569,"Euro area - Central bank, assets, total, BIS-spliced, GDP",A: Normal value
XM,2005Q2,11.846631556516,"Euro area - Central bank, assets, total, BIS-spliced, GDP",A: Normal value
XM,2005Q3,11.820566972896,"Euro area - Central bank, assets, total, BIS-spliced, GDP",A: Normal value
XM,2005Q4,12.189097309938,"Euro area - Central bank, assets, total, BIS-spliced, GDP",A: Normal value
XM,2006Q1,12.381766085015,"Euro area - Central bank, assets, total, BIS-spliced, GDP",A: Normal value
XM,2006Q2,12.729840853252,"Euro area - Central bank, assets, total, BIS-spliced, GDP",A: Normal value
XM,2006Q3,12.622029847546,"Euro area - Central bank, assets, total, BIS-spliced, GDP",A: Normal value
XM,2006Q4,12.805426123812,"Euro area - Central bank, assets, total, BIS-spliced, GDP",A: Normal value
XM,2007Q1,12.739497566289,"Euro area - Central bank, assets, total, BIS-spliced, GDP",A: Normal value
XM,2007Q2,13.062441873386,"Euro area - Central bank, assets, total, BIS-spliced, GDP",A: Normal value
XM,2007Q3,13.339838267813,"Euro area - Central bank, assets, total, BIS-spliced, GDP",A: Normal value
XM,2007Q4,13.554446753317,"Euro area - Central bank, assets, total, BIS-spliced, GDP",A: Normal value
XM,2008Q1,14.243945874814,"Euro area - Central bank, assets, total, BIS-spliced, GDP",A: Normal value
XM,2008Q2,14.527089313724,"Euro area - Central bank, assets, total, BIS-spliced, GDP",A: Normal value
XM,2008Q3,18.084602190002,"Euro area - Central bank, assets, total, BIS-spliced, GDP",A: Normal value
XM,2008Q4,21.499353026203,"Euro area - Central bank, assets, total, BIS-spliced, GDP",A: Normal value
XM,2009Q1,19.100454768275,"Euro area - Central bank, assets, total, BIS-spliced, GDP",A: Normal value
XM,2009Q2,20.10559806915,"Euro area - Central bank, assets, total, BIS-spliced, GDP",A: Normal value
XM,2009Q3,19.583573540575,"Euro area - Central bank, assets, total, BIS-spliced, GDP",A: Normal value
XM,2009Q4,20.307029307508,"Euro area - Central bank, assets, total, BIS-spliced, GDP",A: Normal value
XM,2010Q1,20.619906650655,"Euro area - Central bank, assets, total, BIS-spliced, GDP",A: Normal value
XM,2010Q2,21.608403808701,"Euro area - Central bank, assets, total, BIS-spliced, GDP",A: Normal value
XM,2010Q3,19.516786464515,"Euro area - Central bank, assets, total, BIS-spliced, GDP",A: Normal value
XM,2010Q4,20.801118784281,"Euro area - Central bank, assets, total, BIS-spliced, GDP",A: Normal value
XM,2011Q1,19.40278940475,"Euro area - Central bank, assets, total, BIS-spliced, GDP",A: Normal value
XM,2011Q2,19.826118748947,"Euro area - Central bank, assets, total, BIS-spliced, GDP",A: Normal value
XM,2011Q3,23.18255332227,"Euro area - Central bank, assets, total, BIS-spliced, GDP",A: Normal value
XM,2011Q4,27.58403586735,"Euro area - Central bank, assets, total, BIS-spliced, GDP",A: Normal value
XM,2012Q1,29.843165746752,"Euro area - Central bank, assets, total, BIS-spliced, GDP",A: Normal value
XM,2012Q2,31.201924440544,"Euro area - Central bank, assets, total, BIS-spliced, GDP",A: Normal value
XM,2012Q3,30.977668753631,"Euro area - Central bank, assets, total, BIS-spliced, GDP",A: Normal value
XM,2012Q4,29.701860603163,"Euro area - Central bank, assets, total, BIS-spliced, GDP",A: Normal value
XM,2013Q1,26.595402146934,"Euro area - Central bank, assets, total, BIS-spliced, GDP",A: Normal value
XM,2013Q2,24.337767443537,"Euro area - Central bank, assets, total, BIS-spliced, GDP",A: Normal value
XM,2013Q3,23.461539805158,"Euro area - Central bank, assets, total, BIS-spliced, GDP",A: Normal value
XM,2013Q4,22.639246328187,"Euro area - Central bank, assets, total, BIS-spliced, GDP",A: Normal value
XM,2014Q1,21.336807933114,"Euro area - Central bank, assets, total, BIS-spliced, GDP",A: Normal value
XM,2014Q2,20.336347008819,"Euro area - Central bank, assets, total, BIS-spliced, GDP",A: Normal value
XM,2014Q3,20.057410189268,"Euro area - Central bank, assets, total, BIS-spliced, GDP",A: Normal value
XM,2014Q4,21.498288573265,"Euro area - Central bank, assets, total, BIS-spliced, GDP",A: Normal value
XM,2015Q1,22.474081821076,"Euro area - Central bank, assets, total, BIS-spliced, GDP",A: Normal value
XM,2015Q2,23.837496250635,"Euro area - Central bank, assets, total, BIS-spliced, GDP",A: Normal value
XM,2015Q3,24.855757530339,"Euro area - Central bank, assets, total, BIS-spliced, GDP",A: Normal value
XM,2015Q4,26.087971633225,"Euro area - Central bank, assets, total, BIS-spliced, GDP",A: Normal value
XM,2016Q1,27.389668023661,"Euro area - Central bank, assets, total, BIS-spliced, GDP",A: Normal value
XM,2016Q2,29.911333367569,"Euro area - Central bank, assets, total, BIS-spliced, GDP",A: Normal value
XM,2016Q3,31.619970470879,"Euro area - Central bank, assets, total, BIS-spliced, GDP",A: Normal value
XM,2016Q4,33.461986868076,"Euro area - Central bank, assets, total, BIS-spliced, GDP",A: Normal value
XM,2017Q1,37.168250839944,"Euro area - Central bank, assets, total, BIS-spliced, GDP",A: Normal value
XM,2017Q2,37.788445354106,"Euro area - Central bank, assets, total, BIS-spliced, GDP",A: Normal value
XM,2017Q3,38.374752172952,"Euro area - Central bank, assets, total, BIS-spliced, GDP",A: Normal value
XM,2017Q4,39.2983245255,"Euro area - Central bank, assets, total, BIS-spliced, GDP",A: Normal value
XM,2018Q1,39.443722161508,"Euro area - Central bank, assets, total, BIS-spliced, GDP",A: Normal value
XM,2018Q2,39.653502705148,"Euro area - Central bank, assets, total, BIS-spliced, GDP",A: Normal value
XM,2018Q3,39.587805549997,"Euro area - Central bank, assets, total, BIS-spliced, GDP",A: Normal value
XM,2018Q4,39.937521439306,"Euro area - Central bank, assets, total, BIS-spliced, GDP",A: Normal value
XM,2019Q1,39.606071915808,"Euro area - Central bank, assets, total, BIS-spliced, GDP",A: Normal value
XM,2019Q2,39.246695851393,"Euro area - Central bank, assets, total, BIS-spliced, GDP",A: Normal value
XM,2019Q3,38.92731782446,"Euro area - Central bank, assets, total, BIS-spliced, GDP",A: Normal value
XM,2019Q4,38.387221107405,"Euro area - Central bank, assets, total, BIS-spliced, GDP",A: Normal value
XM,2020Q1,42.898110776779,"Euro area - Central bank, assets, total, BIS-spliced, GDP",A: Normal value
XM,2020Q2,53.42225356537,"Euro area - Central bank, assets, total, BIS-spliced, GDP",A: Normal value
XM,2020Q3,57.404942684198,"Euro area - Central bank, assets, total, BIS-spliced, GDP",A: Normal value
XM,2020Q4,60.125529799867,"Euro area - Central bank, assets, total, BIS-spliced, GDP",A: Normal value
XM,2021Q1,64.263266943805,"Euro area - Central bank, assets, total, BIS-spliced, GDP",A: Normal value
XM,2021Q2,65.405263234075,"Euro area - Central bank, assets, total, BIS-spliced, GDP",A: Normal value
XM,2021Q3,67.207691490664,"Euro area - Central bank, assets, total, BIS-spliced, GDP",A: Normal value
XM,2021Q4,67.969693149125,"Euro area - Central bank, assets, total, BIS-spliced, GDP",A: Normal value
XM,2022Q1,67.81407925067,"Euro area - Central bank, assets, total, BIS-spliced, GDP",A: Normal value
XM,2022Q2,66.530556289,"Euro area - Central bank, assets, total, BIS-spliced, GDP",A: Normal value
XM,2022Q3,65.373928968151,"Euro area - Central bank, assets, total, BIS-spliced, GDP",A: Normal value
XM,2022Q4,57.860106169749,"Euro area - Central bank, assets, total, BIS-spliced, GDP",A: Normal value
XM,2023Q1,55.136729189245,"Euro area - Central bank, assets, total, BIS-spliced, GDP",A: Normal value
XM,2023Q2,50.610183409379,"Euro area - Central bank, assets, total, BIS-spliced, GDP",A: Normal value
XM,2023Q3,48.796153458393,"Euro area - Central bank, assets, total, BIS-spliced, GDP",A: Normal value
XM,2023Q4,47.273596398653,"Euro area - Central bank, assets, total, BIS-spliced, GDP",A: Normal value
XM,2024Q1,44.655208492282,"Euro area - Central bank, assets, total, BIS-spliced, GDP",A: Normal value
XM,2024Q2,43.617120240147,"Euro area - Central bank, assets, total, BIS-spliced, GDP",A: Normal value
XM,2024Q3,42.663098538616,"Euro area - Central bank, assets, total, BIS-spliced, GDP",A: Normal value
XM,2024Q4,42.094396840949,"Euro area - Central bank, assets, total, BIS-spliced, GDP",A: Normal value
XM,2025Q1,41.198881849622,"Euro area - Central bank, assets, total, BIS-spliced, GDP",A: Normal value
XM,2025Q2,39.522589470552,"Euro area - Central bank, assets, total, BIS-spliced, GDP",A: Normal value
XM,2025Q3,39.583490980681,"Euro area - Central bank, assets, total, BIS-spliced, GDP",A: Normal value
XM,2025Q4,39.921914632399,"Euro area - Central bank, assets, total, BIS-spliced, GDP",A: Normal value
ZA,1964Q1,8.692918551727,"South Africa - Central bank, assets, total, BIS-spliced, GDP",A: Normal value
ZA,1964Q2,8.3631059906601,"South Africa - Central bank, assets, total, BIS-spliced, GDP",A: Normal value
ZA,1964Q3,8.3849228116919,"South Africa - Central bank, assets, total, BIS-spliced, GDP",A: Normal value
ZA,1964Q4,8.2732341056723,"South Africa - Central bank, assets, total, BIS-spliced, GDP",A: Normal value
ZA,1965Q1,8.5825027685493,"South Africa - Central bank, assets, total, BIS-spliced, GDP",A: Normal value
ZA,1965Q2,7.3223312518585,"South Africa - Central bank, assets, total, BIS-spliced, GDP",A: Normal value
ZA,1965Q3,6.8562136711687,"South Africa - Central bank, assets, total, BIS-spliced, GDP",A: Normal value
ZA,1965Q4,7.3510138918674,"South Africa - Central bank, assets, total, BIS-spliced, GDP",A: Normal value
ZA,1966Q1,8.1807826397119,"South Africa - Central bank, assets, total, BIS-spliced, GDP",A: Normal value
ZA,1966Q2,8.3355831533477,"South Africa - Central bank, assets, total, BIS-spliced, GDP",A: Normal value
ZA,1966Q3,9.4085275876225,"South Africa - Central bank, assets, total, BIS-spliced, GDP",A: Normal value
ZA,1966Q4,8.7059539595244,"South Africa - Central bank, assets, total, BIS-spliced, GDP",A: Normal value
ZA,1967Q1,8.0184499087114,"South Africa - Central bank, assets, total, BIS-spliced, GDP",A: Normal value
ZA,1967Q2,7.1221669660192,"South Africa - Central bank, assets, total, BIS-spliced, GDP",A: Normal value
ZA,1967Q3,8.3302856678451,"South Africa - Central bank, assets, total, BIS-spliced, GDP",A: Normal value
ZA,1967Q4,7.5797846159904,"South Africa - Central bank, assets, total, BIS-spliced, GDP",A: Normal value
ZA,1968Q1,8.4401464866102,"South Africa - Central bank, assets, total, BIS-spliced, GDP",A: Normal value
ZA,1968Q2,9.9253044101095,"South Africa - Central bank, assets, total, BIS-spliced, GDP",A: Normal value
ZA,1968Q3,12.148733255679,"South Africa - Central bank, assets, total, BIS-spliced, GDP",A: Normal value
ZA,1968Q4,12.631897095819,"South Africa - Central bank, assets, total, BIS-spliced, GDP",A: Normal value
ZA,1969Q1,13.558671354907,"South Africa - Central bank, assets, total, BIS-spliced, GDP",A: Normal value
ZA,1969Q2,12.548270704647,"South Africa - Central bank, assets, total, BIS-spliced, GDP",A: Normal value
ZA,1969Q3,11.281205071233,"South Africa - Central bank, assets, total, BIS-spliced, GDP",A: Normal value
ZA,1969Q4,9.852767398039,"South Africa - Central bank, assets, total, BIS-spliced, GDP",A: Normal value
ZA,1970Q1,9.9977506999977,"South Africa - Central bank, assets, total, BIS-spliced, GDP",A: Normal value
ZA,1970Q2,9.6476383306639,"South Africa - Central bank, assets, total, BIS-spliced, GDP",A: Normal value
ZA,1970Q3,10.33854685161,"South Africa - Central bank, assets, total, BIS-spliced, GDP",A: Normal value
ZA,1970Q4,8.9090397152573,"South Africa - Central bank, assets, total, BIS-spliced, GDP",A: Normal value
ZA,1971Q1,8.9469723079953,"South Africa - Central bank, assets, total, BIS-spliced, GDP",A: Normal value
ZA,1971Q2,8.3082930611906,"South Africa - Central bank, assets, total, BIS-spliced, GDP",A: Normal value
ZA,1971Q3,8.2710690951371,"South Africa - Central bank, assets, total, BIS-spliced, GDP",A: Normal value
ZA,1971Q4,8.2297519723026,"South Africa - Central bank, assets, total, BIS-spliced, GDP",A: Normal value
ZA,1972Q1,7.9834255822007,"South Africa - Central bank, assets, total, BIS-spliced, GDP",A: Normal value
ZA,1972Q2,8.2582109310975,"South Africa - Central bank, assets, total, BIS-spliced, GDP",A: Normal value
ZA,1972Q3,8.1319358113117,"South Africa - Central bank, assets, total, BIS-spliced, GDP",A: Normal value
ZA,1972Q4,7.5427394210588,"South Africa - Central bank, assets, total, BIS-spliced, GDP",A: Normal value
ZA,1973Q1,8.1566155369683,"South Africa - Central bank, assets, total, BIS-spliced, GDP",A: Normal value
ZA,1973Q2,9.6335503614533,"South Africa - Central bank, assets, total, BIS-spliced, GDP",A: Normal value
ZA,1973Q3,9.6336938811566,"South Africa - Central bank, assets, total, BIS-spliced, GDP",A: Normal value
ZA,1973Q4,8.1752260785979,"South Africa - Central bank, assets, total, BIS-spliced, GDP",A: Normal value
ZA,1974Q1,8.7652371404745,"South Africa - Central bank, assets, total, BIS-spliced, GDP",A: Normal value
ZA,1974Q2,6.7685013382031,"South Africa - Central bank, assets, total, BIS-spliced, GDP",A: Normal value
ZA,1974Q3,8.145408841515,"South Africa - Central bank, assets, total, BIS-spliced, GDP",A: Normal value
ZA,1974Q4,6.394781547265,"South Africa - Central bank, assets, total, BIS-spliced, GDP",A: Normal value
ZA,1975Q1,6.9538835862815,"South Africa - Central bank, assets, total, BIS-spliced, GDP",A: Normal value
ZA,1975Q2,6.911572841077,"South Africa - Central bank, assets, total, BIS-spliced, GDP",A: Normal value
ZA,1975Q3,8.7282606092333,"South Africa - Central bank, assets, total, BIS-spliced, GDP",A: Normal value
ZA,1975Q4,8.8529139085728,"South Africa - Central bank, assets, total, BIS-spliced, GDP",A: Normal value
ZA,1976Q1,10.304189162168,"South Africa - Central bank, assets, total, BIS-spliced, GDP",A: Normal value
ZA,1976Q2,8.9040515854293,"South Africa - Central bank, assets, total, BIS-spliced, GDP",A: Normal value
ZA,1976Q3,8.7982813750172,"South Africa - Central bank, assets, total, BIS-spliced, GDP",A: Normal value
ZA,1976Q4,8.8518966502998,"South Africa - Central bank, assets, total, BIS-spliced, GDP",A: Normal value
ZA,1977Q1,8.8595992335853,"South Africa - Central bank, assets, total, BIS-spliced, GDP",A: Normal value
ZA,1977Q2,8.5015797851922,"South Africa - Central bank, assets, total, BIS-spliced, GDP",A: Normal value
ZA,1977Q3,9.695398372974,"South Africa - Central bank, assets, total, BIS-spliced, GDP",A: Normal value
ZA,1977Q4,8.7967772554354,"South Africa - Central bank, assets, total, BIS-spliced, GDP",A: Normal value
ZA,1978Q1,8.9735558259179,"South Africa - Central bank, assets, total, BIS-spliced, GDP",A: Normal value
ZA,1978Q2,9.1683673590041,"South Africa - Central bank, assets, total, BIS-spliced, GDP",A: Normal value
ZA,1978Q3,9.6299063364417,"South Africa - Central bank, assets, total, BIS-spliced, GDP",A: Normal value
ZA,1978Q4,8.5952696041424,"South Africa - Central bank, assets, total, BIS-spliced, GDP",A: Normal value
ZA,1979Q1,7.8706617586288,"South Africa - Central bank, assets, total, BIS-spliced, GDP",A: Normal value
ZA,1979Q2,8.2356699746844,"South Africa - Central bank, assets, total, BIS-spliced, GDP",A: Normal value
ZA,1979Q3,9.2806787256627,"South Africa - Central bank, assets, total, BIS-spliced, GDP",A: Normal value
ZA,1979Q4,10.320890202045,"South Africa - Central bank, assets, total, BIS-spliced, GDP",A: Normal value
ZA,1980Q1,10.474281851863,"South Africa - Central bank, assets, total, BIS-spliced, GDP",A: Normal value
ZA,1980Q2,11.054665478264,"South Africa - Central bank, assets, total, BIS-spliced, GDP",A: Normal value
ZA,1980Q3,12.369095687196,"South Africa - Central bank, assets, total, BIS-spliced, GDP",A: Normal value
ZA,1980Q4,10.89675281496,"South Africa - Central bank, assets, total, BIS-spliced, GDP",A: Normal value
ZA,1981Q1,10.662886333495,"South Africa - Central bank, assets, total, BIS-spliced, GDP",A: Normal value
ZA,1981Q2,9.7300087161918,"South Africa - Central bank, assets, total, BIS-spliced, GDP",A: Normal value
ZA,1981Q3,10.71889328504,"South Africa - Central bank, assets, total, BIS-spliced, GDP",A: Normal value
ZA,1981Q4,10.451394110103,"South Africa - Central bank, assets, total, BIS-spliced, GDP",A: Normal value
ZA,1982Q1,7.1307523671375,"South Africa - Central bank, assets, total, BIS-spliced, GDP",A: Normal value
ZA,1982Q2,7.9313874067902,"South Africa - Central bank, assets, total, BIS-spliced, GDP",A: Normal value
ZA,1982Q3,9.0538776790216,"South Africa - Central bank, assets, total, BIS-spliced, GDP",A: Normal value
ZA,1982Q4,8.6853177452036,"South Africa - Central bank, assets, total, BIS-spliced, GDP",A: Normal value
ZA,1983Q1,7.7869686863111,"South Africa - Central bank, assets, total, BIS-spliced, GDP",A: Normal value
ZA,1983Q2,7.3652570051767,"South Africa - Central bank, assets, total, BIS-spliced, GDP",A: Normal value
ZA,1983Q3,8.0614916032443,"South Africa - Central bank, assets, total, BIS-spliced, GDP",A: Normal value
ZA,1983Q4,7.6614809706486,"South Africa - Central bank, assets, total, BIS-spliced, GDP",A: Normal value
ZA,1984Q1,7.863702952948,"South Africa - Central bank, assets, total, BIS-spliced, GDP",A: Normal value
ZA,1984Q2,7.9579633495947,"South Africa - Central bank, assets, total, BIS-spliced, GDP",A: Normal value
ZA,1984Q3,8.3966291876329,"South Africa - Central bank, assets, total, BIS-spliced, GDP",A: Normal value
ZA,1984Q4,8.7940028305647,"South Africa - Central bank, assets, total, BIS-spliced, GDP",A: Normal value
ZA,1985Q1,8.4843137968252,"South Africa - Central bank, assets, total, BIS-spliced, GDP",A: Normal value
ZA,1985Q2,7.6726210974637,"South Africa - Central bank, assets, total, BIS-spliced, GDP",A: Normal value
ZA,1985Q3,9.0655088829509,"South Africa - Central bank, assets, total, BIS-spliced, GDP",A: Normal value
ZA,1985Q4,9.1183575352357,"South Africa - Central bank, assets, total, BIS-spliced, GDP",A: Normal value
ZA,1986Q1,6.9942524776157,"South Africa - Central bank, assets, total, BIS-spliced, GDP",A: Normal value
ZA,1986Q2,6.4929842257431,"South Africa - Central bank, assets, total, BIS-spliced, GDP",A: Normal value
ZA,1986Q3,7.8585684114846,"South Africa - Central bank, assets, total, BIS-spliced, GDP",A: Normal value
ZA,1986Q4,7.5511708166688,"South Africa - Central bank, assets, total, BIS-spliced, GDP",A: Normal value
ZA,1987Q1,6.7037179606157,"South Africa - Central bank, assets, total, BIS-spliced, GDP",A: Normal value
ZA,1987Q2,6.2610175995387,"South Africa - Central bank, assets, total, BIS-spliced, GDP",A: Normal value
ZA,1987Q3,5.9363122615518,"South Africa - Central bank, assets, total, BIS-spliced, GDP",A: Normal value
ZA,1987Q4,5.7733332548313,"South Africa - Central bank, assets, total, BIS-spliced, GDP",A: Normal value
ZA,1988Q1,5.715925350927,"South Africa - Central bank, assets, total, BIS-spliced, GDP",A: Normal value
ZA,1988Q2,6.151676270203,"South Africa - Central bank, assets, total, BIS-spliced, GDP",A: Normal value
ZA,1988Q3,7.4636475529238,"South Africa - Central bank, assets, total, BIS-spliced, GDP",A: Normal value
ZA,1988Q4,7.7111333349595,"South Africa - Central bank, assets, total, BIS-spliced, GDP",A: Normal value
ZA,1989Q1,7.7489477926903,"South Africa - Central bank, assets, total, BIS-spliced, GDP",A: Normal value
ZA,1989Q2,9.7147397789908,"South Africa - Central bank, assets, total, BIS-spliced, GDP",A: Normal value
ZA,1989Q3,10.284196309694,"South Africa - Central bank, assets, total, BIS-spliced, GDP",A: Normal value
ZA,1989Q4,9.3207333158465,"South Africa - Central bank, assets, total, BIS-spliced, GDP",A: Normal value
ZA,1990Q1,9.5508800008314,"South Africa - Central bank, assets, total, BIS-spliced, GDP",A: Normal value
ZA,1990Q2,8.7861789349041,"South Africa - Central bank, assets, total, BIS-spliced, GDP",A: Normal value
ZA,1990Q3,8.3378636281267,"South Africa - Central bank, assets, total, BIS-spliced, GDP",A: Normal value
ZA,1990Q4,7.1739789251949,"South Africa - Central bank, assets, total, BIS-spliced, GDP",A: Normal value
ZA,1991Q1,7.3136324714738,"South Africa - Central bank, assets, total, BIS-spliced, GDP",A: Normal value
ZA,1991Q2,7.2194505406873,"South Africa - Central bank, assets, total, BIS-spliced, GDP",A: Normal value
ZA,1991Q3,7.3363129685358,"South Africa - Central bank, assets, total, BIS-spliced, GDP",A: Normal value
ZA,1991Q4,7.2964435248315,"South Africa - Central bank, assets, total, BIS-spliced, GDP",A: Normal value
ZA,1992Q1,6.7170384475316,"South Africa - Central bank, assets, total, BIS-spliced, GDP",A: Normal value
ZA,1992Q2,7.7618703395545,"South Africa - Central bank, assets, total, BIS-spliced, GDP",A: Normal value
ZA,1992Q3,6.8846652728339,"South Africa - Central bank, assets, total, BIS-spliced, GDP",A: Normal value
ZA,1992Q4,6.0947219819603,"South Africa - Central bank, assets, total, BIS-spliced, GDP",A: Normal value
ZA,1993Q1,5.7679957087261,"South Africa - Central bank, assets, total, BIS-spliced, GDP",A: Normal value
ZA,1993Q2,5.9166433956995,"South Africa - Central bank, assets, total, BIS-spliced, GDP",A: Normal value
ZA,1993Q3,6.0758465975857,"South Africa - Central bank, assets, total, BIS-spliced, GDP",A: Normal value
ZA,1993Q4,6.3220088381177,"South Africa - Central bank, assets, total, BIS-spliced, GDP",A: Normal value
ZA,1994Q1,6.1331861003407,"South Africa - Central bank, assets, total, BIS-spliced, GDP",A: Normal value
ZA,1994Q2,6.2721526479476,"South Africa - Central bank, assets, total, BIS-spliced, GDP",A: Normal value
ZA,1994Q3,5.7071036728815,"South Africa - Central bank, assets, total, BIS-spliced, GDP",A: Normal value
ZA,1994Q4,6.1530913514157,"South Africa - Central bank, assets, total, BIS-spliced, GDP",A: Normal value
ZA,1995Q1,5.6726701366057,"South Africa - Central bank, assets, total, BIS-spliced, GDP",A: Normal value
ZA,1995Q2,5.8002122703616,"South Africa - Central bank, assets, total, BIS-spliced, GDP",A: Normal value
ZA,1995Q3,5.4476587362022,"South Africa - Central bank, assets, total, BIS-spliced, GDP",A: Normal value
ZA,1995Q4,5.2639498533734,"South Africa - Central bank, assets, total, BIS-spliced, GDP",A: Normal value
ZA,1996Q1,4.5471088224452,"South Africa - Central bank, assets, total, BIS-spliced, GDP",A: Normal value
ZA,1996Q2,4.5284687905094,"South Africa - Central bank, assets, total, BIS-spliced, GDP",A: Normal value
ZA,1996Q3,4.8422695874027,"South Africa - Central bank, assets, total, BIS-spliced, GDP",A: Normal value
ZA,1996Q4,5.0174051172389,"South Africa - Central bank, assets, total, BIS-spliced, GDP",A: Normal value
ZA,1997Q1,4.9927228978246,"South Africa - Central bank, assets, total, BIS-spliced, GDP",A: Normal value
ZA,1997Q2,4.8588633221152,"South Africa - Central bank, assets, total, BIS-spliced, GDP",A: Normal value
ZA,1997Q3,5.4094041766762,"South Africa - Central bank, assets, total, BIS-spliced, GDP",A: Normal value
ZA,1997Q4,6.0421586363067,"South Africa - Central bank, assets, total, BIS-spliced, GDP",A: Normal value
ZA,1998Q1,5.7292931539839,"South Africa - Central bank, assets, total, BIS-spliced, GDP",A: Normal value
ZA,1998Q2,6.6980647693547,"South Africa - Central bank, assets, total, BIS-spliced, GDP",A: Normal value
ZA,1998Q3,6.7880175746024,"South Africa - Central bank, assets, total, BIS-spliced, GDP",A: Normal value
ZA,1998Q4,6.9497286890377,"South Africa - Central bank, assets, total, BIS-spliced, GDP",A: Normal value
ZA,1999Q1,7.058413142119,"South Africa - Central bank, assets, total, BIS-spliced, GDP",A: Normal value
ZA,1999Q2,7.9513863007364,"South Africa - Central bank, assets, total, BIS-spliced, GDP",A: Normal value
ZA,1999Q3,8.1534795326175,"South Africa - Central bank, assets, total, BIS-spliced, GDP",A: Normal value
ZA,1999Q4,7.7805643768843,"South Africa - Central bank, assets, total, BIS-spliced, GDP",A: Normal value
ZA,2000Q1,7.7571939204348,"South Africa - Central bank, assets, total, BIS-spliced, GDP",A: Normal value
ZA,2000Q2,8.0065656861724,"South Africa - Central bank, assets, total, BIS-spliced, GDP",A: Normal value
ZA,2000Q3,8.453525519496,"South Africa - Central bank, assets, total, BIS-spliced, GDP",A: Normal value
ZA,2000Q4,8.6355923514782,"South Africa - Central bank, assets, total, BIS-spliced, GDP",A: Normal value
ZA,2001Q1,9.1100114264604,"South Africa - Central bank, assets, total, BIS-spliced, GDP",A: Normal value
ZA,2001Q2,9.1294269605796,"South Africa - Central bank, assets, total, BIS-spliced, GDP",A: Normal value
ZA,2001Q3,9.7112570142557,"South Africa - Central bank, assets, total, BIS-spliced, GDP",A: Normal value
ZA,2001Q4,11.547607315725,"South Africa - Central bank, assets, total, BIS-spliced, GDP",A: Normal value
ZA,2002Q1,12.187863830009,"South Africa - Central bank, assets, total, BIS-spliced, GDP",A: Normal value
ZA,2002Q2,12.07405046378,"South Africa - Central bank, assets, total, BIS-spliced, GDP",A: Normal value
ZA,2002Q3,12.053665604619,"South Africa - Central bank, assets, total, BIS-spliced, GDP",A: Normal value
ZA,2002Q4,10.66079595843,"South Africa - Central bank, assets, total, BIS-spliced, GDP",A: Normal value
ZA,2003Q1,9.5302298867155,"South Africa - Central bank, assets, total, BIS-spliced, GDP",A: Normal value
ZA,2003Q2,8.5908947718275,"South Africa - Central bank, assets, total, BIS-spliced, GDP",A: Normal value
ZA,2003Q3,8.1372113711874,"South Africa - Central bank, assets, total, BIS-spliced, GDP",A: Normal value
ZA,2003Q4,7.410259860595,"South Africa - Central bank, assets, total, BIS-spliced, GDP",A: Normal value
ZA,2004Q1,7.1363257278975,"South Africa - Central bank, assets, total, BIS-spliced, GDP",A: Normal value
ZA,2004Q2,7.6018141846739,"South Africa - Central bank, assets, total, BIS-spliced, GDP",A: Normal value
ZA,2004Q3,7.649709026433,"South Africa - Central bank, assets, total, BIS-spliced, GDP",A: Normal value
ZA,2004Q4,8.0816072053428,"South Africa - Central bank, assets, total, BIS-spliced, GDP",A: Normal value
ZA,2005Q1,7.8306317071101,"South Africa - Central bank, assets, total, BIS-spliced, GDP",A: Normal value
ZA,2005Q2,9.0769919288613,"South Africa - Central bank, assets, total, BIS-spliced, GDP",A: Normal value
ZA,2005Q3,8.8406608298462,"South Africa - Central bank, assets, total, BIS-spliced, GDP",A: Normal value
ZA,2005Q4,8.9542626242902,"South Africa - Central bank, assets, total, BIS-spliced, GDP",A: Normal value
ZA,2006Q1,9.2540628598342,"South Africa - Central bank, assets, total, BIS-spliced, GDP",A: Normal value
ZA,2006Q2,10.743011866955,"South Africa - Central bank, assets, total, BIS-spliced, GDP",A: Normal value
ZA,2006Q3,11.269630553676,"South Africa - Central bank, assets, total, BIS-spliced, GDP",A: Normal value
ZA,2006Q4,10.248502517206,"South Africa - Central bank, assets, total, BIS-spliced, GDP",A: Normal value
ZA,2007Q1,10.664391457358,"South Africa - Central bank, assets, total, BIS-spliced, GDP",A: Normal value
ZA,2007Q2,10.590439012253,"South Africa - Central bank, assets, total, BIS-spliced, GDP",A: Normal value
ZA,2007Q3,10.687612916022,"South Africa - Central bank, assets, total, BIS-spliced, GDP",A: Normal value
ZA,2007Q4,10.801834476138,"South Africa - Central bank, assets, total, BIS-spliced, GDP",A: Normal value
ZA,2008Q1,12.745458932873,"South Africa - Central bank, assets, total, BIS-spliced, GDP",A: Normal value
ZA,2008Q2,11.904694209079,"South Africa - Central bank, assets, total, BIS-spliced, GDP",A: Normal value
ZA,2008Q3,12.21363111159,"South Africa - Central bank, assets, total, BIS-spliced, GDP",A: Normal value
ZA,2008Q4,13.069347020252,"South Africa - Central bank, assets, total, BIS-spliced, GDP",A: Normal value
ZA,2009Q1,12.974472622487,"South Africa - Central bank, assets, total, BIS-spliced, GDP",A: Normal value
ZA,2009Q2,10.935506338563,"South Africa - Central bank, assets, total, BIS-spliced, GDP",A: Normal value
ZA,2009Q3,11.416455354166,"South Africa - Central bank, assets, total, BIS-spliced, GDP",A: Normal value
ZA,2009Q4,11.373420629783,"South Africa - Central bank, assets, total, BIS-spliced, GDP",A: Normal value
ZA,2010Q1,11.737993430161,"South Africa - Central bank, assets, total, BIS-spliced, GDP",A: Normal value
ZA,2010Q2,11.985856074232,"South Africa - Central bank, assets, total, BIS-spliced, GDP",A: Normal value
ZA,2010Q3,11.402588889442,"South Africa - Central bank, assets, total, BIS-spliced, GDP",A: Normal value
ZA,2010Q4,10.555463026619,"South Africa - Central bank, assets, total, BIS-spliced, GDP",A: Normal value
ZA,2011Q1,11.673321265195,"South Africa - Central bank, assets, total, BIS-spliced, GDP",A: Normal value
ZA,2011Q2,11.611082418641,"South Africa - Central bank, assets, total, BIS-spliced, GDP",A: Normal value
ZA,2011Q3,13.564640272591,"South Africa - Central bank, assets, total, BIS-spliced, GDP",A: Normal value
ZA,2011Q4,13.030425122888,"South Africa - Central bank, assets, total, BIS-spliced, GDP",A: Normal value
ZA,2012Q1,12.384677024129,"South Africa - Central bank, assets, total, BIS-spliced, GDP",A: Normal value
ZA,2012Q2,12.618591172396,"South Africa - Central bank, assets, total, BIS-spliced, GDP",A: Normal value
ZA,2012Q3,13.266651299941,"South Africa - Central bank, assets, total, BIS-spliced, GDP",A: Normal value
ZA,2012Q4,13.193817839999,"South Africa - Central bank, assets, total, BIS-spliced, GDP",A: Normal value
ZA,2013Q1,13.649792451931,"South Africa - Central bank, assets, total, BIS-spliced, GDP",A: Normal value
ZA,2013Q2,13.622438271012,"South Africa - Central bank, assets, total, BIS-spliced, GDP",A: Normal value
ZA,2013Q3,14.436291631327,"South Africa - Central bank, assets, total, BIS-spliced, GDP",A: Normal value
ZA,2013Q4,14.563200764798,"South Africa - Central bank, assets, total, BIS-spliced, GDP",A: Normal value
ZA,2014Q1,14.278542569606,"South Africa - Central bank, assets, total, BIS-spliced, GDP",A: Normal value
ZA,2014Q2,14.012183904309,"South Africa - Central bank, assets, total, BIS-spliced, GDP",A: Normal value
ZA,2014Q3,14.904806429194,"South Africa - Central bank, assets, total, BIS-spliced, GDP",A: Normal value
ZA,2014Q4,15.151425185258,"South Africa - Central bank, assets, total, BIS-spliced, GDP",A: Normal value
ZA,2015Q1,14.652833115064,"South Africa - Central bank, assets, total, BIS-spliced, GDP",A: Normal value
ZA,2015Q2,14.580993231615,"South Africa - Central bank, assets, total, BIS-spliced, GDP",A: Normal value
ZA,2015Q3,16.182455545015,"South Africa - Central bank, assets, total, BIS-spliced, GDP",A: Normal value
ZA,2015Q4,17.706339657139,"South Africa - Central bank, assets, total, BIS-spliced, GDP",A: Normal value
ZA,2016Q1,16.952706916931,"South Africa - Central bank, assets, total, BIS-spliced, GDP",A: Normal value
ZA,2016Q2,16.576375648938,"South Africa - Central bank, assets, total, BIS-spliced, GDP",A: Normal value
ZA,2016Q3,15.610466210491,"South Africa - Central bank, assets, total, BIS-spliced, GDP",A: Normal value
ZA,2016Q4,15.173796825993,"South Africa - Central bank, assets, total, BIS-spliced, GDP",A: Normal value
ZA,2017Q1,14.3352849565,"South Africa - Central bank, assets, total, BIS-spliced, GDP",A: Normal value
ZA,2017Q2,14.093560416364,"South Africa - Central bank, assets, total, BIS-spliced, GDP",A: Normal value
ZA,2017Q3,14.812258843127,"South Africa - Central bank, assets, total, BIS-spliced, GDP",A: Normal value
ZA,2017Q4,13.877548951939,"South Africa - Central bank, assets, total, BIS-spliced, GDP",A: Normal value
ZA,2018Q1,13.199392192154,"South Africa - Central bank, assets, total, BIS-spliced, GDP",A: Normal value
ZA,2018Q2,14.820172562294,"South Africa - Central bank, assets, total, BIS-spliced, GDP",A: Normal value
ZA,2018Q3,14.911975661199,"South Africa - Central bank, assets, total, BIS-spliced, GDP",A: Normal value
ZA,2018Q4,15.423008431269,"South Africa - Central bank, assets, total, BIS-spliced, GDP",A: Normal value
ZA,2019Q1,14.722249361136,"South Africa - Central bank, assets, total, BIS-spliced, GDP",A: Normal value
ZA,2019Q2,14.192801857516,"South Africa - Central bank, assets, total, BIS-spliced, GDP",A: Normal value
ZA,2019Q3,16.395515751834,"South Africa - Central bank, assets, total, BIS-spliced, GDP",A: Normal value
ZA,2019Q4,15.211361552481,"South Africa - Central bank, assets, total, BIS-spliced, GDP",A: Normal value
ZA,2020Q1,18.613981327679,"South Africa - Central bank, assets, total, BIS-spliced, GDP",A: Normal value
ZA,2020Q2,18.3146541696,"South Africa - Central bank, assets, total, BIS-spliced, GDP",A: Normal value
ZA,2020Q3,18.316617750856,"South Africa - Central bank, assets, total, BIS-spliced, GDP",A: Normal value
ZA,2020Q4,16.138521312602,"South Africa - Central bank, assets, total, BIS-spliced, GDP",A: Normal value
ZA,2021Q1,15.92896409671,"South Africa - Central bank, assets, total, BIS-spliced, GDP",A: Normal value
ZA,2021Q2,14.904362315674,"South Africa - Central bank, assets, total, BIS-spliced, GDP",A: Normal value
ZA,2021Q3,16.243272938451,"South Africa - Central bank, assets, total, BIS-spliced, GDP",A: Normal value
ZA,2021Q4,16.51149809337,"South Africa - Central bank, assets, total, BIS-spliced, GDP",A: Normal value
ZA,2022Q1,15.171848319493,"South Africa - Central bank, assets, total, BIS-spliced, GDP",A: Normal value
ZA,2022Q2,16.486389134257,"South Africa - Central bank, assets, total, BIS-spliced, GDP",A: Normal value
ZA,2022Q3,17.036629095281,"South Africa - Central bank, assets, total, BIS-spliced, GDP",A: Normal value
ZA,2022Q4,16.415002562783,"South Africa - Central bank, assets, total, BIS-spliced, GDP",A: Normal value
ZA,2023Q1,17.268655654187,"South Africa - Central bank, assets, total, BIS-spliced, GDP",A: Normal value
ZA,2023Q2,17.916589113648,"South Africa - Central bank, assets, total, BIS-spliced, GDP",A: Normal value
ZA,2023Q3,17.63225767887,"South Africa - Central bank, assets, total, BIS-spliced, GDP",A: Normal value
ZA,2023Q4,17.314045489352,"South Africa - Central bank, assets, total, BIS-spliced, GDP",A: Normal value
ZA,2024Q1,17.482877989139,"South Africa - Central bank, assets, total, BIS-spliced, GDP",A: Normal value
ZA,2024Q2,16.461124469365,"South Africa - Central bank, assets, total, BIS-spliced, GDP",A: Normal value
ZA,2024Q3,15.886136991441,"South Africa - Central bank, assets, total, BIS-spliced, GDP",A: Normal value
ZA,2024Q4,17.457177914137,"South Africa - Central bank, assets, total, BIS-spliced, GDP",A: Normal value
ZA,2025Q1,17.39645801266,"South Africa - Central bank, assets, total, BIS-spliced, GDP",A: Normal value
ZA,2025Q2,17.011181275268,"South Africa - Central bank, assets, total, BIS-spliced, GDP",A: Normal value
ZA,2025Q3,16.662074335592,"South Africa - Central bank, assets, total, BIS-spliced, GDP",A: Normal value
ZA,2025Q4,17.16293466452,"South Africa - Central bank, assets, total, BIS-spliced, GDP",A: Normal value
