source_area,month,broad_money_xdc,observation_status,unit_multiplier,decimals
AUS,1960-01,7132.0,A,6,0
AUS,1960-02,7191.0,A,6,0
AUS,1960-03,7238.0,A,6,0
AUS,1960-04,7227.0,A,6,0
AUS,1960-05,7160.0,A,6,0
AUS,1960-06,7192.0,A,6,0
AUS,1960-07,7187.0,A,6,0
AUS,1960-08,7208.0,A,6,0
AUS,1960-09,7241.0,A,6,0
AUS,1960-10,7315.0,A,6,0
AUS,1960-11,7365.0,A,6,0
AUS,1960-12,7401.0,A,6,0
AUS,1961-01,7341.0,A,6,0
AUS,1961-02,7385.0,A,6,0
AUS,1961-03,7401.0,A,6,0
AUS,1961-04,7388.0,A,6,0
AUS,1961-05,7294.0,A,6,0
AUS,1961-06,7301.0,A,6,0
AUS,1961-07,7298.0,A,6,0
AUS,1961-08,7359.0,A,6,0
AUS,1961-09,7439.0,A,6,0
AUS,1961-10,7542.0,A,6,0
AUS,1961-11,7634.0,A,6,0
AUS,1961-12,7753.0,A,6,0
AUS,1962-01,7805.0,A,6,0
AUS,1962-02,7869.0,A,6,0
AUS,1962-03,7915.0,A,6,0
AUS,1962-04,7906.0,A,6,0
AUS,1962-05,7814.0,A,6,0
AUS,1962-06,7845.0,A,6,0
AUS,1962-07,7901.0,A,6,0
AUS,1962-08,7956.0,A,6,0
AUS,1962-09,8026.0,A,6,0
AUS,1962-10,8155.0,A,6,0
AUS,1962-11,8237.0,A,6,0
AUS,1962-12,8367.0,A,6,0
AUS,1963-01,8430.0,A,6,0
AUS,1963-02,8498.0,A,6,0
AUS,1963-03,8542.0,A,6,0
AUS,1963-04,8531.0,A,6,0
AUS,1963-05,8471.0,A,6,0
AUS,1963-06,8517.0,A,6,0
AUS,1963-07,8599.0,A,6,0
AUS,1963-08,8658.0,A,6,0
AUS,1963-09,8751.0,A,6,0
AUS,1963-10,8907.0,A,6,0
AUS,1963-11,9063.0,A,6,0
AUS,1963-12,9242.0,A,6,0
AUS,1964-01,9339.0,A,6,0
AUS,1964-02,9429.0,A,6,0
AUS,1964-03,9541.0,A,6,0
AUS,1964-04,9544.0,A,6,0
AUS,1964-05,9477.0,A,6,0
AUS,1964-06,9556.0,A,6,0
AUS,1964-07,9656.0,A,6,0
AUS,1964-08,9734.0,A,6,0
AUS,1964-09,9880.0,A,6,0
AUS,1964-10,9992.0,A,6,0
AUS,1964-11,10142.0,A,6,0
AUS,1964-12,10313.0,A,6,0
AUS,1965-01,10300.0,A,6,0
AUS,1965-02,10439.0,A,6,0
AUS,1965-03,10489.0,A,6,0
AUS,1965-04,10404.0,A,6,0
AUS,1965-05,10288.0,A,6,0
AUS,1965-06,10337.0,A,6,0
AUS,1965-07,10319.0,A,6,0
AUS,1965-08,10379.0,A,6,0
AUS,1965-09,10459.0,A,6,0
AUS,1965-10,10560.0,A,6,0
AUS,1965-11,10690.0,A,6,0
AUS,1965-12,10845.0,A,6,0
AUS,1966-01,10876.0,A,6,0
AUS,1966-02,11052.0,A,6,0
AUS,1966-03,11000.0,A,6,0
AUS,1966-04,10964.0,A,6,0
AUS,1966-05,10877.0,A,6,0
AUS,1966-06,10937.0,A,6,0
AUS,1966-07,10980.0,A,6,0
AUS,1966-08,11104.0,A,6,0
AUS,1966-09,11218.0,A,6,0
AUS,1966-10,11356.0,A,6,0
AUS,1966-11,11517.0,A,6,0
AUS,1966-12,11686.0,A,6,0
AUS,1967-01,11706.0,A,6,0
AUS,1967-02,11831.0,A,6,0
AUS,1967-03,11895.0,A,6,0
AUS,1967-04,11771.0,A,6,0
AUS,1967-05,11749.0,A,6,0
AUS,1967-06,11824.0,A,6,0
AUS,1967-07,11903.0,A,6,0
AUS,1967-08,12019.0,A,6,0
AUS,1967-09,12155.0,A,6,0
AUS,1967-10,12312.0,A,6,0
AUS,1967-11,12505.0,A,6,0
AUS,1967-12,12739.0,A,6,0
AUS,1968-01,12802.0,A,6,0
AUS,1968-02,12800.0,A,6,0
AUS,1968-03,12824.0,A,6,0
AUS,1968-04,12772.0,A,6,0
AUS,1968-05,12684.0,A,6,0
AUS,1968-06,12805.0,A,6,0
AUS,1968-07,12878.0,A,6,0
AUS,1968-08,12956.0,A,6,0
AUS,1968-09,13096.0,A,6,0
AUS,1968-10,13271.0,A,6,0
AUS,1968-11,13422.0,A,6,0
AUS,1968-12,13635.0,A,6,0
AUS,1969-01,13757.0,A,6,0
AUS,1969-02,13868.0,A,6,0
AUS,1969-03,13930.0,A,6,0
AUS,1969-04,13932.0,A,6,0
AUS,1969-05,13883.0,A,6,0
AUS,1969-06,13974.0,A,6,0
AUS,1969-07,14057.0,A,6,0
AUS,1969-08,14154.0,A,6,0
AUS,1969-09,14266.0,A,6,0
AUS,1969-10,14475.0,A,6,0
AUS,1969-11,14705.0,A,6,0
AUS,1969-12,14934.0,A,6,0
AUS,1970-01,14882.0,A,6,0
AUS,1970-02,14975.0,A,6,0
AUS,1970-03,15105.0,A,6,0
AUS,1970-04,14991.0,A,6,0
AUS,1970-05,14860.0,A,6,0
AUS,1970-06,14837.0,A,6,0
AUS,1970-07,14859.0,A,6,0
AUS,1970-08,14885.0,A,6,0
AUS,1970-09,15038.0,A,6,0
AUS,1970-10,15221.0,A,6,0
AUS,1970-11,15428.0,A,6,0
AUS,1970-12,15698.0,A,6,0
AUS,1971-01,15648.0,A,6,0
AUS,1971-02,15805.0,A,6,0
AUS,1971-03,15908.0,A,6,0
AUS,1971-04,15868.0,A,6,0
AUS,1971-05,15767.0,A,6,0
AUS,1971-06,15851.0,A,6,0
AUS,1971-07,15861.0,A,6,0
AUS,1971-08,16059.0,A,6,0
AUS,1971-09,16350.0,A,6,0
AUS,1971-10,16526.0,A,6,0
AUS,1971-11,16729.0,A,6,0
AUS,1971-12,17067.0,A,6,0
AUS,1972-01,17190.0,A,6,0
AUS,1972-02,17378.0,A,6,0
AUS,1972-03,17439.0,A,6,0
AUS,1972-04,17517.0,A,6,0
AUS,1972-05,17367.0,A,6,0
AUS,1972-06,17508.0,A,6,0
AUS,1972-07,17828.0,A,6,0
AUS,1972-08,18254.0,A,6,0
AUS,1972-09,18705.0,A,6,0
AUS,1972-10,19282.0,A,6,0
AUS,1972-11,19787.0,A,6,0
AUS,1972-12,20424.0,A,6,0
AUS,1973-01,20799.0,A,6,0
AUS,1973-02,21174.0,A,6,0
AUS,1973-03,21347.0,A,6,0
AUS,1973-04,21599.0,A,6,0
AUS,1973-05,21659.0,A,6,0
AUS,1973-06,22002.0,A,6,0
AUS,1973-07,22381.0,A,6,0
AUS,1973-08,22916.0,A,6,0
AUS,1973-09,23450.0,A,6,0
AUS,1973-10,23911.0,A,6,0
AUS,1973-11,24150.0,A,6,0
AUS,1973-12,24799.0,A,6,0
AUS,1974-01,24997.0,A,6,0
AUS,1974-02,25376.0,A,6,0
AUS,1974-03,25478.0,A,6,0
AUS,1974-04,25471.0,A,6,0
AUS,1974-05,25242.0,A,6,0
AUS,1974-06,24706.0,A,6,0
AUS,1974-07,24465.0,A,6,0
AUS,1974-08,24322.0,A,6,0
AUS,1974-09,24584.0,A,6,0
AUS,1974-10,25351.0,A,6,0
AUS,1974-11,26008.0,A,6,0
AUS,1974-12,26541.0,A,6,0
AUS,1975-01,27153.0,A,6,0
AUS,1975-02,27715.0,A,6,0
AUS,1975-03,28229.0,A,6,0
AUS,1975-04,28503.0,A,6,0
AUS,1975-05,28183.0,A,6,0
AUS,1975-06,28557.0,A,6,0
AUS,1975-07,29246.0,A,6,0
AUS,1975-08,29809.0,A,6,0
AUS,1975-09,30380.0,A,6,0
AUS,1975-10,31150.0,A,6,0
AUS,1975-11,31688.0,A,6,0
AUS,1975-12,32331.0,A,6,0
AUS,1976-01,32605.0,A,6,0
AUS,1976-02,32525.0,A,6,0
AUS,1976-03,32912.0,A,6,0
AUS,1976-04,32924.0,A,6,0
AUS,1976-05,32467.0,A,6,0
AUS,1976-06,32672.0,A,6,0
AUS,1976-07,33203.0,A,6,0
AUS,1976-08,38288.0,A,6,0
AUS,1976-09,39068.0,A,6,0
AUS,1976-10,39762.0,A,6,0
AUS,1976-11,40420.0,A,6,0
AUS,1976-12,41442.0,A,6,0
AUS,1977-01,41810.0,A,6,0
AUS,1977-02,42370.0,A,6,0
AUS,1977-03,42624.0,A,6,0
AUS,1977-04,42203.0,A,6,0
AUS,1977-05,41650.0,A,6,0
AUS,1977-06,41889.0,A,6,0
AUS,1977-07,42132.0,A,6,0
AUS,1977-08,42563.0,A,6,0
AUS,1977-09,42993.0,A,6,0
AUS,1977-10,43617.0,A,6,0
AUS,1977-11,44258.0,A,6,0
AUS,1977-12,44979.0,A,6,0
AUS,1978-01,45180.0,A,6,0
AUS,1978-02,45624.0,A,6,0
AUS,1978-03,46228.0,A,6,0
AUS,1978-04,46110.0,A,6,0
AUS,1978-05,45716.0,A,6,0
AUS,1978-06,46096.0,A,6,0
AUS,1978-07,46647.0,A,6,0
AUS,1978-08,47554.0,A,6,0
AUS,1978-09,48248.0,A,6,0
AUS,1978-10,48956.0,A,6,0
AUS,1978-11,49610.0,A,6,0
AUS,1978-12,50616.0,A,6,0
AUS,1979-01,51208.0,A,6,0
AUS,1979-02,51839.0,A,6,0
AUS,1979-03,52381.0,A,6,0
AUS,1979-04,52436.0,A,6,0
AUS,1979-05,51994.0,A,6,0
AUS,1979-06,52375.0,A,6,0
AUS,1979-07,52751.0,A,6,0
AUS,1979-08,53498.0,A,6,0
AUS,1979-09,54124.0,A,6,0
AUS,1979-10,55033.0,A,6,0
AUS,1979-11,55966.0,A,6,0
AUS,1979-12,57232.0,A,6,0
AUS,1980-01,58351.0,A,6,0
AUS,1980-02,58940.0,A,6,0
AUS,1980-03,59190.0,A,6,0
AUS,1980-04,59032.0,A,6,0
AUS,1980-05,58704.0,A,6,0
AUS,1980-06,59487.0,A,6,0
AUS,1980-07,60347.0,A,6,0
AUS,1980-08,61066.0,A,6,0
AUS,1980-09,61885.0,A,6,0
AUS,1980-10,63040.0,A,6,0
AUS,1980-11,63998.0,A,6,0
AUS,1980-12,65457.0,A,6,0
AUS,1981-01,65792.0,A,6,0
AUS,1981-02,66159.0,A,6,0
AUS,1981-03,66718.0,A,6,0
AUS,1981-04,66715.0,A,6,0
AUS,1981-05,66642.0,A,6,0
AUS,1981-06,67646.0,A,6,0
AUS,1981-07,68225.0,A,6,0
AUS,1981-08,68666.0,A,6,0
AUS,1981-09,69540.0,A,6,0
AUS,1981-10,70504.0,A,6,0
AUS,1981-11,71266.0,A,6,0
AUS,1981-12,72753.0,A,6,0
AUS,1982-01,73205.0,A,6,0
AUS,1982-02,73629.0,A,6,0
AUS,1982-03,74169.0,A,6,0
AUS,1982-04,74376.0,A,6,0
AUS,1982-05,74943.0,A,6,0
AUS,1982-06,75364.0,A,6,0
AUS,1982-07,75912.0,A,6,0
AUS,1982-08,76219.0,A,6,0
AUS,1982-09,77429.0,A,6,0
AUS,1982-10,77849.0,A,6,0
AUS,1982-11,78925.0,A,6,0
AUS,1982-12,81035.0,A,6,0
AUS,1983-01,81238.0,A,6,0
AUS,1983-02,81969.0,A,6,0
AUS,1983-03,83577.0,A,6,0
AUS,1983-04,83425.0,A,6,0
AUS,1983-05,83848.0,A,6,0
AUS,1983-06,85104.0,A,6,0
AUS,1983-07,86172.0,A,6,0
AUS,1983-08,86816.0,A,6,0
AUS,1983-09,88135.0,A,6,0
AUS,1983-10,88954.0,A,6,0
AUS,1983-11,90108.0,A,6,0
AUS,1983-12,92563.0,A,6,0
AUS,1984-01,93194.0,A,6,0
AUS,1984-02,94255.0,A,6,0
AUS,1984-03,94833.0,A,6,0
AUS,1984-04,94641.0,A,6,0
AUS,1984-05,94644.0,A,6,0
AUS,1984-06,95771.0,A,6,0
AUS,1984-07,97354.0,A,6,0
AUS,1984-08,98468.0,A,6,0
AUS,1984-09,99861.0,A,6,0
AUS,1984-10,101032.0,A,6,0
AUS,1984-11,102721.0,A,6,0
AUS,1984-12,105400.0,A,6,0
AUS,1985-01,106724.0,A,6,0
AUS,1985-02,107803.0,A,6,0
AUS,1985-03,108909.0,A,6,0
AUS,1985-04,109564.0,A,6,0
AUS,1985-05,110355.0,A,6,0
AUS,1985-06,110942.0,A,6,0
AUS,1985-07,114391.0,A,6,0
AUS,1985-08,115232.0,A,6,0
AUS,1985-09,117001.0,A,6,0
AUS,1985-10,117893.0,A,6,0
AUS,1985-11,118889.0,A,6,0
AUS,1985-12,120668.0,A,6,0
AUS,1986-01,120356.0,A,6,0
AUS,1986-02,120269.0,A,6,0
AUS,1986-03,121719.0,A,6,0
AUS,1986-04,123207.0,A,6,0
AUS,1986-05,123666.0,A,6,0
AUS,1986-06,124979.0,A,6,0
AUS,1986-07,126520.0,A,6,0
AUS,1986-08,126770.0,A,6,0
AUS,1986-09,127428.0,A,6,0
AUS,1986-10,128776.0,A,6,0
AUS,1986-11,128753.0,A,6,0
AUS,1986-12,131643.0,A,6,0
AUS,1987-01,132552.0,A,6,0
AUS,1987-02,133355.0,A,6,0
AUS,1987-03,133062.0,A,6,0
AUS,1987-04,133268.0,A,6,0
AUS,1987-05,134714.0,A,6,0
AUS,1987-06,137201.0,A,6,0
AUS,1987-07,139724.0,A,6,0
AUS,1987-08,140200.0,A,6,0
AUS,1987-09,141914.0,A,6,0
AUS,1987-10,144113.0,A,6,0
AUS,1987-11,146088.0,A,6,0
AUS,1987-12,148220.0,A,6,0
AUS,1988-01,147939.0,A,6,0
AUS,1988-02,148416.0,A,6,0
AUS,1988-03,149899.0,A,6,0
AUS,1988-04,150604.0,A,6,0
AUS,1988-05,151365.0,A,6,0
AUS,1988-06,155121.0,A,6,0
AUS,1988-07,156664.0,A,6,0
AUS,1988-08,157431.0,A,6,0
AUS,1988-09,160151.0,A,6,0
AUS,1988-10,164224.0,A,6,0
AUS,1988-11,167288.0,A,6,0
AUS,1988-12,173005.0,A,6,0
AUS,1989-01,175841.0,A,6,0
AUS,1989-02,178905.0,A,6,0
AUS,1989-03,182033.0,A,6,0
AUS,1989-04,184190.0,A,6,0
AUS,1989-05,186032.0,A,6,0
AUS,1989-06,192879.0,A,6,0
AUS,1989-07,196651.0,A,6,0
AUS,1989-08,199291.0,A,6,0
AUS,1989-09,199957.0,A,6,0
AUS,1989-10,202162.0,A,6,0
AUS,1989-11,203702.0,A,6,0
AUS,1989-12,207474.0,A,6,0
AUS,1990-01,207913.0,A,6,0
AUS,1990-02,209615.0,A,6,0
AUS,1990-03,211469.0,A,6,0
AUS,1990-04,212896.0,A,6,0
AUS,1990-05,212901.0,A,6,0
AUS,1990-06,216623.0,A,6,0
AUS,1990-07,217502.0,A,6,0
AUS,1990-08,218539.0,A,6,0
AUS,1990-09,221660.0,A,6,0
AUS,1990-10,223079.0,A,6,0
AUS,1990-11,225572.0,A,6,0
AUS,1990-12,229476.0,A,6,0
AUS,1991-01,225774.0,A,6,0
AUS,1991-02,224737.0,A,6,0
AUS,1991-03,225927.0,A,6,0
AUS,1991-04,224235.0,A,6,0
AUS,1991-05,225232.0,A,6,0
AUS,1991-06,228134.0,A,6,0
AUS,1991-07,229433.0,A,6,0
AUS,1991-08,229187.0,A,6,0
AUS,1991-09,231271.0,A,6,0
AUS,1991-10,230589.0,A,6,0
AUS,1991-11,230595.0,A,6,0
AUS,1991-12,234017.0,A,6,0
AUS,1992-01,232796.0,A,6,0
AUS,1992-02,232803.0,A,6,0
AUS,1992-03,231954.0,A,6,0
AUS,1992-04,232019.0,A,6,0
AUS,1992-05,232421.0,A,6,0
AUS,1992-06,234415.0,A,6,0
AUS,1992-07,237148.0,A,6,0
AUS,1992-08,238225.0,A,6,0
AUS,1992-09,239022.0,A,6,0
AUS,1992-10,238785.0,A,6,0
AUS,1992-11,240510.0,A,6,0
AUS,1992-12,243384.0,A,6,0
AUS,1993-01,244024.0,A,6,0
AUS,1993-02,244517.0,A,6,0
AUS,1993-03,246253.0,A,6,0
AUS,1993-04,244433.0,A,6,0
AUS,1993-05,244305.0,A,6,0
AUS,1993-06,248807.0,A,6,0
AUS,1993-07,251154.0,A,6,0
AUS,1993-08,249316.0,A,6,0
AUS,1993-09,252361.0,A,6,0
AUS,1993-10,253522.0,A,6,0
AUS,1993-11,255328.0,A,6,0
AUS,1993-12,258217.0,A,6,0
AUS,1994-01,259778.0,A,6,0
AUS,1994-02,259915.0,A,6,0
AUS,1994-03,263583.0,A,6,0
AUS,1994-04,263373.0,A,6,0
AUS,1994-05,264497.0,A,6,0
AUS,1994-06,266338.0,A,6,0
AUS,1994-07,269373.0,A,6,0
AUS,1994-08,270336.0,A,6,0
AUS,1994-09,271273.0,A,6,0
AUS,1994-10,275280.0,A,6,0
AUS,1994-11,279178.0,A,6,0
AUS,1994-12,283445.0,A,6,0
AUS,1995-01,281834.0,A,6,0
AUS,1995-02,281862.0,A,6,0
AUS,1995-03,285275.0,A,6,0
AUS,1995-04,284903.0,A,6,0
AUS,1995-05,285606.0,A,6,0
AUS,1995-06,286343.0,A,6,0
AUS,1995-07,290662.0,A,6,0
AUS,1995-08,291921.0,A,6,0
AUS,1995-09,296439.0,A,6,0
AUS,1995-10,299949.0,A,6,0
AUS,1995-11,303138.0,A,6,0
AUS,1995-12,308982.0,A,6,0
AUS,1996-01,308470.0,A,6,0
AUS,1996-02,309197.0,A,6,0
AUS,1996-03,310377.0,A,6,0
AUS,1996-04,310841.0,A,6,0
AUS,1996-05,310183.0,A,6,0
AUS,1996-06,314067.0,A,6,0
AUS,1996-07,319996.0,A,6,0
AUS,1996-08,320372.0,A,6,0
AUS,1996-09,320433.0,A,6,0
AUS,1996-10,327945.0,A,6,0
AUS,1996-11,331901.0,A,6,0
AUS,1996-12,335354.0,A,6,0
AUS,1997-01,335342.0,A,6,0
AUS,1997-02,336683.0,A,6,0
AUS,1997-03,336804.0,A,6,0
AUS,1997-04,338790.0,A,6,0
AUS,1997-05,341024.0,A,6,0
AUS,1997-06,343424.0,A,6,0
AUS,1997-07,346882.0,A,6,0
AUS,1997-08,347236.0,A,6,0
AUS,1997-09,347998.0,A,6,0
AUS,1997-10,351893.0,A,6,0
AUS,1997-11,353428.0,A,6,0
AUS,1997-12,356962.0,A,6,0
AUS,1998-01,356657.0,A,6,0
AUS,1998-02,357178.0,A,6,0
AUS,1998-03,356090.0,A,6,0
AUS,1998-04,358627.0,A,6,0
AUS,1998-05,360542.0,A,6,0
AUS,1998-06,365209.0,A,6,0
AUS,1998-07,372079.0,A,6,0
AUS,1998-08,373891.0,A,6,0
AUS,1998-09,377328.0,A,6,0
AUS,1998-10,379188.0,A,6,0
AUS,1998-11,380116.0,A,6,0
AUS,1998-12,384573.0,A,6,0
AUS,1999-01,386059.0,A,6,0
AUS,1999-02,387433.0,A,6,0
AUS,1999-03,388709.0,A,6,0
AUS,1999-04,392783.0,A,6,0
AUS,1999-05,397895.0,A,6,0
AUS,1999-06,402854.0,A,6,0
AUS,1999-07,406275.0,A,6,0
AUS,1999-08,408057.0,A,6,0
AUS,1999-09,412491.0,A,6,0
AUS,1999-10,415621.0,A,6,0
AUS,1999-11,418741.0,A,6,0
AUS,1999-12,420189.0,A,6,0
AUS,2000-01,419937.0,A,6,0
AUS,2000-02,420916.0,A,6,0
AUS,2000-03,420022.0,A,6,0
AUS,2000-04,423053.0,A,6,0
AUS,2000-05,427938.0,A,6,0
AUS,2000-06,432391.0,A,6,0
AUS,2000-07,435054.0,A,6,0
AUS,2000-08,438001.0,A,6,0
AUS,2000-09,441431.0,A,6,0
AUS,2000-10,442711.0,A,6,0
AUS,2000-11,437247.0,A,6,0
AUS,2000-12,441077.0,A,6,0
AUS,2001-01,444758.0,A,6,0
AUS,2001-02,449578.0,A,6,0
AUS,2001-03,451421.0,A,6,0
AUS,2001-04,454635.0,A,6,0
AUS,2001-05,461848.0,A,6,0
AUS,2001-06,469253.0,A,6,0
AUS,2001-07,466076.0,A,6,0
AUS,2001-08,473527.0,A,6,0
AUS,2001-09,482233.0,A,6,0
AUS,2001-10,487849.0,A,6,0
AUS,2001-11,494528.0,A,6,0
AUS,2001-12,502246.0,A,6,0
AUS,2002-01,505481.0,A,6,0
AUS,2002-02,507758.0,A,6,0
AUS,2002-03,511808.0,A,6,0
AUS,2002-04,496142.0,A,6,0
AUS,2002-05,500909.0,A,6,0
AUS,2002-06,497346.0,A,6,0
AUS,2002-07,504673.0,A,6,0
AUS,2002-08,511512.0,A,6,0
AUS,2002-09,516702.0,A,6,0
AUS,2002-10,518018.0,A,6,0
AUS,2002-11,526553.0,A,6,0
AUS,2002-12,536492.0,A,6,0
AUS,2003-01,540167.0,A,6,0
AUS,2003-02,542385.0,A,6,0
AUS,2003-03,546650.0,A,6,0
AUS,2003-04,550014.0,A,6,0
AUS,2003-05,561136.0,A,6,0
AUS,2003-06,565573.0,A,6,0
AUS,2003-07,555611.0,A,6,0
AUS,2003-08,568723.0,A,6,0
AUS,2003-09,578213.0,A,6,0
AUS,2003-10,580479.0,A,6,0
AUS,2003-11,587588.0,A,6,0
AUS,2003-12,600851.0,A,6,0
AUS,2004-01,598591.0,A,6,0
AUS,2004-02,605550.0,A,6,0
AUS,2004-03,609719.0,A,6,0
AUS,2004-04,612955.0,A,6,0
AUS,2004-05,613271.0,A,6,0
AUS,2004-06,622691.0,A,6,0
AUS,2004-07,625338.0,A,6,0
AUS,2004-08,629265.0,A,6,0
AUS,2004-09,632048.0,A,6,0
AUS,2004-10,634862.0,A,6,0
AUS,2004-11,644259.0,A,6,0
AUS,2004-12,655360.0,A,6,0
AUS,2005-01,655559.0,A,6,0
AUS,2005-02,656883.0,A,6,0
AUS,2005-03,657233.0,A,6,0
AUS,2005-04,659547.0,A,6,0
AUS,2005-05,666038.0,A,6,0
AUS,2005-06,677928.0,A,6,0
AUS,2005-07,675184.0,A,6,0
AUS,2005-08,678930.0,A,6,0
AUS,2005-09,690201.0,A,6,0
AUS,2005-10,687385.0,A,6,0
AUS,2005-11,693556.0,A,6,0
AUS,2005-12,709558.0,A,6,0
AUS,2006-01,712167.0,A,6,0
AUS,2006-02,712073.0,A,6,0
AUS,2006-03,720078.0,A,6,0
AUS,2006-04,732255.0,A,6,0
AUS,2006-05,734761.0,A,6,0
AUS,2006-06,746736.0,A,6,0
AUS,2006-07,749335.0,A,6,0
AUS,2006-08,759327.0,A,6,0
AUS,2006-09,767771.0,A,6,0
AUS,2006-10,777271.0,A,6,0
AUS,2006-11,783968.0,A,6,0
AUS,2006-12,801996.0,A,6,0
AUS,2007-01,802448.0,A,6,0
AUS,2007-02,814484.0,A,6,0
AUS,2007-03,823681.0,A,6,0
AUS,2007-04,832557.0,A,6,0
AUS,2007-05,839337.0,A,6,0
AUS,2007-06,868932.0,A,6,0
AUS,2007-07,876299.0,A,6,0
AUS,2007-08,897927.0,A,6,0
AUS,2007-09,913747.0,A,6,0
AUS,2007-10,940788.0,A,6,0
AUS,2007-11,966678.0,A,6,0
AUS,2007-12,983991.0,A,6,0
AUS,2008-01,989788.0,A,6,0
AUS,2008-02,992008.0,A,6,0
AUS,2008-03,998960.0,A,6,0
AUS,2008-04,1003987.0,A,6,0
AUS,2008-05,1006875.0,A,6,0
AUS,2008-06,1033781.0,A,6,0
AUS,2008-07,1052453.0,A,6,0
AUS,2008-08,1069528.0,A,6,0
AUS,2008-09,1090794.0,A,6,0
AUS,2008-10,1106956.0,A,6,0
AUS,2008-11,1135122.0,A,6,0
AUS,2008-12,1143364.0,A,6,0
AUS,2009-01,1150531.0,A,6,0
AUS,2009-02,1163229.0,A,6,0
AUS,2009-03,1139714.0,A,6,0
AUS,2009-04,1151184.0,A,6,0
AUS,2009-05,1156700.0,A,6,0
AUS,2009-06,1175722.0,A,6,0
AUS,2009-07,1177117.0,A,6,0
AUS,2009-08,1186960.0,A,6,0
AUS,2009-09,1187135.0,A,6,0
AUS,2009-10,1188079.0,A,6,0
AUS,2009-11,1188472.0,A,6,0
AUS,2009-12,1189376.0,A,6,0
AUS,2010-01,1187930.0,A,6,0
AUS,2010-02,1194831.0,A,6,0
AUS,2010-03,1207072.0,A,6,0
AUS,2010-04,1206453.0,A,6,0
AUS,2010-05,1210943.0,A,6,0
AUS,2010-06,1228084.0,A,6,0
AUS,2010-07,1239904.0,A,6,0
AUS,2010-08,1255784.0,A,6,0
AUS,2010-09,1264291.0,A,6,0
AUS,2010-10,1278223.0,A,6,0
AUS,2010-11,1299934.0,A,6,0
AUS,2010-12,1311966.0,A,6,0
AUS,2011-01,1316156.0,A,6,0
AUS,2011-02,1323045.0,A,6,0
AUS,2011-03,1330738.0,A,6,0
AUS,2011-04,1332443.0,A,6,0
AUS,2011-05,1338096.0,A,6,0
AUS,2011-06,1339919.0,A,6,0
AUS,2011-07,1351601.0,A,6,0
AUS,2011-08,1376921.0,A,6,0
AUS,2011-09,1388234.0,A,6,0
AUS,2011-10,1394243.0,A,6,0
AUS,2011-11,1400060.0,A,6,0
AUS,2011-12,1415086.0,A,6,0
AUS,2012-01,1420860.0,A,6,0
AUS,2012-02,1421257.0,A,6,0
AUS,2012-03,1429934.0,A,6,0
AUS,2012-04,1430084.0,A,6,0
AUS,2012-05,1448909.0,A,6,0
AUS,2012-06,1461854.0,A,6,0
AUS,2012-07,1473038.0,A,6,0
AUS,2012-08,1486595.0,A,6,0
AUS,2012-09,1493536.0,A,6,0
AUS,2012-10,1498778.0,A,6,0
AUS,2012-11,1502229.0,A,6,0
AUS,2012-12,1516066.0,A,6,0
AUS,2013-01,1523255.0,A,6,0
AUS,2013-02,1518482.0,A,6,0
AUS,2013-03,1528596.0,A,6,0
AUS,2013-04,1536527.0,A,6,0
AUS,2013-05,1553319.0,A,6,0
AUS,2013-06,1557531.0,A,6,0
AUS,2013-07,1568931.0,A,6,0
AUS,2013-08,1570648.0,A,6,0
AUS,2013-09,1583400.0,A,6,0
AUS,2013-10,1592493.0,A,6,0
AUS,2013-11,1600280.0,A,6,0
AUS,2013-12,1620639.0,A,6,0
AUS,2014-01,1626928.0,A,6,0
AUS,2014-02,1628384.0,A,6,0
AUS,2014-03,1631478.0,A,6,0
AUS,2014-04,1642216.0,A,6,0
AUS,2014-05,1653631.0,A,6,0
AUS,2014-06,1665290.0,A,6,0
AUS,2014-07,1686317.0,A,6,0
AUS,2014-08,1697349.0,A,6,0
AUS,2014-09,1710767.0,A,6,0
AUS,2014-10,1714777.0,A,6,0
AUS,2014-11,1716222.0,A,6,0
AUS,2014-12,1736405.0,A,6,0
AUS,2015-01,1740210.0,A,6,0
AUS,2015-02,1752347.0,A,6,0
AUS,2015-03,1753475.0,A,6,0
AUS,2015-04,1764327.0,A,6,0
AUS,2015-05,1765076.0,A,6,0
AUS,2015-06,1777514.0,A,6,0
AUS,2015-07,1804023.0,A,6,0
AUS,2015-08,1803695.0,A,6,0
AUS,2015-09,1816319.0,A,6,0
AUS,2015-10,1820499.0,A,6,0
AUS,2015-11,1830211.0,A,6,0
AUS,2015-12,1838907.0,A,6,0
AUS,2016-01,1850268.0,A,6,0
AUS,2016-02,1849102.0,A,6,0
AUS,2016-03,1858934.0,A,6,0
AUS,2016-04,1864901.0,A,6,0
AUS,2016-05,1868925.0,A,6,0
AUS,2016-06,1880597.0,A,6,0
AUS,2016-07,1911144.0,A,6,0
AUS,2016-08,1915072.0,A,6,0
AUS,2016-09,1917541.0,A,6,0
AUS,2016-10,1929713.0,A,6,0
AUS,2016-11,1942276.0,A,6,0
AUS,2016-12,1961535.0,A,6,0
AUS,2017-01,1978294.0,A,6,0
AUS,2017-02,1980457.0,A,6,0
AUS,2017-03,1984456.0,A,6,0
AUS,2017-04,2004612.0,A,6,0
AUS,2017-05,2009222.0,A,6,0
AUS,2017-06,2027287.0,A,6,0
AUS,2017-07,2043726.0,A,6,0
AUS,2017-08,2045369.0,A,6,0
AUS,2017-09,2048096.0,A,6,0
AUS,2017-10,2057110.0,A,6,0
AUS,2017-11,2056727.0,A,6,0
AUS,2017-12,2049361.0,A,6,0
AUS,2018-01,2063062.0,A,6,0
AUS,2018-02,2055829.0,A,6,0
AUS,2018-03,2058316.0,A,6,0
AUS,2018-04,2055315.0,A,6,0
AUS,2018-05,2058676.0,A,6,0
AUS,2018-06,2065406.0,A,6,0
AUS,2018-07,2083552.0,A,6,0
AUS,2018-08,2095512.0,A,6,0
AUS,2018-09,2091632.0,A,6,0
AUS,2018-10,2099729.0,A,6,0
AUS,2018-11,2095786.0,A,6,0
AUS,2018-12,2098891.0,A,6,0
AUS,2019-01,2117914.0,A,6,0
AUS,2019-02,2121000.0,A,6,0
AUS,2019-03,2140594.0,A,6,0
AUS,2019-04,2144982.0,A,6,0
AUS,2019-05,2142117.0,A,6,0
AUS,2019-06,2147586.0,A,6,0
AUS,2019-07,2134897.0,A,6,0
AUS,2019-08,2135398.0,A,6,0
AUS,2019-09,2137805.0,A,6,0
AUS,2019-10,2148962.0,A,6,0
AUS,2019-11,2151659.0,A,6,0
AUS,2019-12,2149081.0,A,6,0
AUS,2020-01,2168015.0,A,6,0
AUS,2020-02,2167290.0,A,6,0
AUS,2020-03,2235627.0,A,6,0
AUS,2020-04,2304637.0,A,6,0
AUS,2020-05,2309163.0,A,6,0
AUS,2020-06,2330978.0,A,6,0
AUS,2020-07,2370051.0,A,6,0
AUS,2020-08,2387291.0,A,6,0
AUS,2020-09,2398929.0,A,6,0
AUS,2020-10,2411277.0,A,6,0
AUS,2020-11,2420651.0,A,6,0
AUS,2020-12,2422093.0,A,6,0
AUS,2021-01,2445867.0,A,6,0
AUS,2021-02,2440902.0,A,6,0
AUS,2021-03,2454337.0,A,6,0
AUS,2021-04,2464725.0,A,6,0
AUS,2021-05,2468684.0,A,6,0
AUS,2021-06,2511616.0,A,6,0
AUS,2021-07,2556383.0,A,6,0
AUS,2021-08,2556422.0,A,6,0
AUS,2021-09,2591078.0,A,6,0
AUS,2021-10,2605448.0,A,6,0
AUS,2021-11,2619511.0,A,6,0
AUS,2021-12,2649759.0,A,6,0
AUS,2022-01,2659439.0,A,6,0
AUS,2022-02,2649126.0,A,6,0
AUS,2022-03,2680815.0,A,6,0
AUS,2022-04,2699232.0,A,6,0
AUS,2022-05,2720536.0,A,6,0
AUS,2022-06,2759115.0,A,6,0
AUS,2022-07,2789053.0,A,6,0
AUS,2022-08,2783171.0,A,6,0
AUS,2022-09,2779155.0,A,6,0
AUS,2022-10,2797497.0,A,6,0
AUS,2022-11,2809882.0,A,6,0
AUS,2022-12,2821398.0,A,6,0
AUS,2023-01,2851077.0,A,6,0
AUS,2023-02,2830502.0,A,6,0
AUS,2023-03,2857807.0,A,6,0
AUS,2023-04,2868624.0,A,6,0
AUS,2023-05,2874821.0,A,6,0
AUS,2023-06,2871763.0,A,6,0
AUS,2023-07,2896735.0,A,6,0
AUS,2023-08,2902508.0,A,6,0
AUS,2023-09,2918063.0,A,6,0
AUS,2023-10,2922730.0,A,6,0
AUS,2023-11,2939651.0,A,6,0
AUS,2023-12,2961246.0,A,6,0
AUS,2024-01,2981939.0,A,6,0
AUS,2024-02,2978892.0,A,6,0
AUS,2024-03,2999574.0,A,6,0
AUS,2024-04,3014855.0,A,6,0
AUS,2024-05,3019665.0,A,6,0
AUS,2024-06,3025036.0,A,6,0
AUS,2024-07,3067745.0,A,6,0
AUS,2024-08,3066445.0,A,6,0
AUS,2024-09,3076499.0,A,6,0
AUS,2024-10,3109200.0,A,6,0
AUS,2024-11,3111762.0,A,6,0
AUS,2024-12,3125836.0,A,6,0
AUS,2025-01,3143304.0,A,6,0
AUS,2025-02,3140912.0,A,6,0
AUS,2025-03,3149324.0,A,6,0
AUS,2025-04,3191846.0,A,6,0
AUS,2025-05,3199198.0,A,6,0
AUS,2025-06,3228858.0,A,6,0
AUS,2025-07,3266207.0,A,6,0
AUS,2025-08,3276287.0,A,6,0
AUS,2025-09,3300704.0,A,6,0
AUS,2025-10,3332250.0,A,6,0
AUS,2025-11,3332961.0,A,6,0
AUS,2025-12,3350073.0,A,6,0
AUS,2026-01,3373643.0,A,6,0
AUS,2026-02,3383418.0,A,6,0
AUS,2026-03,3410671.0,A,6,0
AUS,2026-04,3449782.0,A,6,0
AUS,2026-05,3447084.0,A,6,0
CAN,1970-01,37537.0,A,6,0
CAN,1970-02,37685.0,A,6,0
CAN,1970-03,38004.0,A,6,0
CAN,1970-04,38660.0,A,6,0
CAN,1970-05,38999.0,A,6,0
CAN,1970-06,39306.0,A,6,0
CAN,1970-07,40098.0,A,6,0
CAN,1970-08,40384.0,A,6,0
CAN,1970-09,40986.0,A,6,0
CAN,1970-10,41245.0,A,6,0
CAN,1970-11,41551.0,A,6,0
CAN,1970-12,42079.0,A,6,0
CAN,1971-01,41531.0,A,6,0
CAN,1971-02,41508.0,A,6,0
CAN,1971-03,42292.0,A,6,0
CAN,1971-04,42645.0,A,6,0
CAN,1971-05,43148.0,A,6,0
CAN,1971-06,43898.0,A,6,0
CAN,1971-07,44286.0,A,6,0
CAN,1971-08,44738.0,A,6,0
CAN,1971-09,45435.0,A,6,0
CAN,1971-10,45954.0,A,6,0
CAN,1971-11,45739.0,A,6,0
CAN,1971-12,46058.0,A,6,0
CAN,1972-01,46560.0,A,6,0
CAN,1972-02,46752.0,A,6,0
CAN,1972-03,47909.0,A,6,0
CAN,1972-04,48781.0,A,6,0
CAN,1972-05,49775.0,A,6,0
CAN,1972-06,50548.0,A,6,0
CAN,1972-07,51089.0,A,6,0
CAN,1972-08,51228.0,A,6,0
CAN,1972-09,51601.0,A,6,0
CAN,1972-10,52552.0,A,6,0
CAN,1972-11,52766.0,A,6,0
CAN,1972-12,52904.0,A,6,0
CAN,1973-01,52989.0,A,6,0
CAN,1973-02,53549.0,A,6,0
CAN,1973-03,54330.0,A,6,0
CAN,1973-04,55454.0,A,6,0
CAN,1973-05,56510.0,A,6,0
CAN,1973-06,57314.0,A,6,0
CAN,1973-07,58657.0,A,6,0
CAN,1973-08,59461.0,A,6,0
CAN,1973-09,60387.0,A,6,0
CAN,1973-10,61752.0,A,6,0
CAN,1973-11,62943.0,A,6,0
CAN,1973-12,64318.0,A,6,0
CAN,1974-01,64872.0,A,6,0
CAN,1974-02,65699.0,A,6,0
CAN,1974-03,67514.0,A,6,0
CAN,1974-04,69195.0,A,6,0
CAN,1974-05,71981.0,A,6,0
CAN,1974-06,72492.0,A,6,0
CAN,1974-07,74816.0,A,6,0
CAN,1974-08,75876.0,A,6,0
CAN,1974-09,76932.0,A,6,0
CAN,1974-10,77822.0,A,6,0
CAN,1974-11,77739.0,A,6,0
CAN,1974-12,77660.0,A,6,0
CAN,1975-01,78303.0,A,6,0
CAN,1975-02,78416.0,A,6,0
CAN,1975-03,79824.0,A,6,0
CAN,1975-04,80900.0,A,6,0
CAN,1975-05,81461.0,A,6,0
CAN,1975-06,82804.0,A,6,0
CAN,1975-07,84581.0,A,6,0
CAN,1975-08,85083.0,A,6,0
CAN,1975-09,86643.0,A,6,0
CAN,1975-10,88058.0,A,6,0
CAN,1975-11,87716.0,A,6,0
CAN,1975-12,89365.0,A,6,0
CAN,1976-01,89113.0,A,6,0
CAN,1976-02,90279.0,A,6,0
CAN,1976-03,92726.0,A,6,0
CAN,1976-04,95925.0,A,6,0
CAN,1976-05,97969.0,A,6,0
CAN,1976-06,99678.0,A,6,0
CAN,1976-07,101262.0,A,6,0
CAN,1976-08,102483.0,A,6,0
CAN,1976-09,103867.0,A,6,0
CAN,1976-10,104999.0,A,6,0
CAN,1976-11,105955.0,A,6,0
CAN,1976-12,107453.0,A,6,0
CAN,1977-01,107321.0,A,6,0
CAN,1977-02,107795.0,A,6,0
CAN,1977-03,110070.0,A,6,0
CAN,1977-04,112536.0,A,6,0
CAN,1977-05,115129.0,A,6,0
CAN,1977-06,116231.0,A,6,0
CAN,1977-07,117586.0,A,6,0
CAN,1977-08,119061.0,A,6,0
CAN,1977-09,121001.0,A,6,0
CAN,1977-10,122076.0,A,6,0
CAN,1977-11,122959.0,A,6,0
CAN,1977-12,123275.0,A,6,0
CAN,1978-01,123031.0,A,6,0
CAN,1978-02,123411.0,A,6,0
CAN,1978-03,125962.0,A,6,0
CAN,1978-04,129037.0,A,6,0
CAN,1978-05,130908.0,A,6,0
CAN,1978-06,132559.0,A,6,0
CAN,1978-07,134799.0,A,6,0
CAN,1978-08,136615.0,A,6,0
CAN,1978-09,139160.0,A,6,0
CAN,1978-10,139994.0,A,6,0
CAN,1978-11,144951.0,A,6,0
CAN,1978-12,144969.0,A,6,0
CAN,1979-01,146878.0,A,6,0
CAN,1979-02,147886.0,A,6,0
CAN,1979-03,149161.0,A,6,0
CAN,1979-04,152494.0,A,6,0
CAN,1979-05,156467.0,A,6,0
CAN,1979-06,158870.0,A,6,0
CAN,1979-07,162597.0,A,6,0
CAN,1979-08,164381.0,A,6,0
CAN,1979-09,166032.0,A,6,0
CAN,1979-10,167806.0,A,6,0
CAN,1979-11,171375.0,A,6,0
CAN,1979-12,172349.0,A,6,0
CAN,1980-01,173810.0,A,6,0
CAN,1980-02,175227.0,A,6,0
CAN,1980-03,177565.0,A,6,0
CAN,1980-04,181086.0,A,6,0
CAN,1980-05,184283.0,A,6,0
CAN,1980-06,187035.0,A,6,0
CAN,1980-07,191313.0,A,6,0
CAN,1980-08,190319.0,A,6,0
CAN,1980-09,191581.0,A,6,0
CAN,1980-10,194196.0,A,6,0
CAN,1980-11,195961.0,A,6,0
CAN,1980-12,197152.0,A,6,0
CAN,1981-01,200758.0,A,6,0
CAN,1981-02,204033.0,A,6,0
CAN,1981-03,202869.0,A,6,0
CAN,1981-04,205761.0,A,6,0
CAN,1981-05,206192.0,A,6,0
CAN,1981-06,210479.0,A,6,0
CAN,1981-07,215376.0,A,6,0
CAN,1981-08,219467.0,A,6,0
CAN,1981-09,221160.0,A,6,0
CAN,1981-10,220509.0,A,6,0
CAN,1981-11,216352.0,A,6,0
CAN,1981-12,218992.0,A,6,0
CAN,1982-01,216626.0,A,6,0
CAN,1982-02,214436.0,A,6,0
CAN,1982-03,216330.0,A,6,0
CAN,1982-04,217583.0,A,6,0
CAN,1982-05,219028.0,A,6,0
CAN,1982-06,221015.0,A,6,0
CAN,1982-07,222731.0,A,6,0
CAN,1982-08,224066.0,A,6,0
CAN,1982-09,225537.0,A,6,0
CAN,1982-10,225436.0,A,6,0
CAN,1982-11,224762.0,A,6,0
CAN,1982-12,224448.0,A,6,0
CAN,1983-01,224905.0,A,6,0
CAN,1983-02,224122.0,A,6,0
CAN,1983-03,224519.0,A,6,0
CAN,1983-04,223455.0,A,6,0
CAN,1983-05,223545.0,A,6,0
CAN,1983-06,224524.0,A,6,0
CAN,1983-07,225833.0,A,6,0
CAN,1983-08,227005.0,A,6,0
CAN,1983-09,227790.0,A,6,0
CAN,1983-10,228075.0,A,6,0
CAN,1983-11,227372.0,A,6,0
CAN,1983-12,227696.0,A,6,0
CAN,1984-01,226535.0,A,6,0
CAN,1984-02,226535.0,A,6,0
CAN,1984-03,227391.0,A,6,0
CAN,1984-04,228945.0,A,6,0
CAN,1984-05,232518.0,A,6,0
CAN,1984-06,234965.0,A,6,0
CAN,1984-07,238015.0,A,6,0
CAN,1984-08,238432.0,A,6,0
CAN,1984-09,239205.0,A,6,0
CAN,1984-10,241370.0,A,6,0
CAN,1984-11,239370.0,A,6,0
CAN,1984-12,242750.0,A,6,0
CAN,1985-01,243166.0,A,6,0
CAN,1985-02,243280.0,A,6,0
CAN,1985-03,244102.0,A,6,0
CAN,1985-04,246059.0,A,6,0
CAN,1985-05,249382.0,A,6,0
CAN,1985-06,250646.0,A,6,0
CAN,1985-07,253063.0,A,6,0
CAN,1985-08,253298.0,A,6,0
CAN,1985-09,254570.0,A,6,0
CAN,1985-10,256170.0,A,6,0
CAN,1985-11,257175.0,A,6,0
CAN,1985-12,258841.0,A,6,0
CAN,1986-01,261352.0,A,6,0
CAN,1986-02,261604.0,A,6,0
CAN,1986-03,265455.0,A,6,0
CAN,1986-04,268931.0,A,6,0
CAN,1986-05,267722.0,A,6,0
CAN,1986-06,268706.0,A,6,0
CAN,1986-07,272092.0,A,6,0
CAN,1986-08,272560.0,A,6,0
CAN,1986-09,274246.0,A,6,0
CAN,1986-10,277570.0,A,6,0
CAN,1986-11,281311.0,A,6,0
CAN,1986-12,286581.0,A,6,0
CAN,1987-01,286722.0,A,6,0
CAN,1987-02,290144.0,A,6,0
CAN,1987-03,292372.0,A,6,0
CAN,1987-04,297041.0,A,6,0
CAN,1987-05,300152.0,A,6,0
CAN,1987-06,303546.0,A,6,0
CAN,1987-07,306360.0,A,6,0
CAN,1987-08,305400.0,A,6,0
CAN,1987-09,307593.0,A,6,0
CAN,1987-10,308543.0,A,6,0
CAN,1987-11,305848.0,A,6,0
CAN,1987-12,310475.0,A,6,0
CAN,1988-01,308920.0,A,6,0
CAN,1988-02,310142.0,A,6,0
CAN,1988-03,314430.0,A,6,0
CAN,1988-04,318003.0,A,6,0
CAN,1988-05,321837.0,A,6,0
CAN,1988-06,328823.0,A,6,0
CAN,1988-07,331864.0,A,6,0
CAN,1988-08,336216.0,A,6,0
CAN,1988-09,338146.0,A,6,0
CAN,1988-10,338855.0,A,6,0
CAN,1988-11,343559.0,A,6,0
CAN,1988-12,347257.0,A,6,0
CAN,1989-01,347631.0,A,6,0
CAN,1989-02,349102.0,A,6,0
CAN,1989-03,355415.0,A,6,0
CAN,1989-04,357954.0,A,6,0
CAN,1989-05,363339.0,A,6,0
CAN,1989-06,367815.0,A,6,0
CAN,1989-07,370311.0,A,6,0
CAN,1989-08,374077.0,A,6,0
CAN,1989-09,376735.0,A,6,0
CAN,1989-10,378787.0,A,6,0
CAN,1989-11,386568.0,A,6,0
CAN,1989-12,392454.0,A,6,0
CAN,1990-01,393227.0,A,6,0
CAN,1990-02,394517.0,A,6,0
CAN,1990-03,396461.0,A,6,0
CAN,1990-04,400475.0,A,6,0
CAN,1990-05,404566.0,A,6,0
CAN,1990-06,406303.0,A,6,0
CAN,1990-07,408604.0,A,6,0
CAN,1990-08,410911.0,A,6,0
CAN,1990-09,413230.0,A,6,0
CAN,1990-10,415100.0,A,6,0
CAN,1990-11,418720.0,A,6,0
CAN,1990-12,424665.0,A,6,0
CAN,1991-01,425273.0,A,6,0
CAN,1991-02,426331.0,A,6,0
CAN,1991-03,428994.0,A,6,0
CAN,1991-04,430142.0,A,6,0
CAN,1991-05,433585.0,A,6,0
CAN,1991-06,433756.0,A,6,0
CAN,1991-07,433583.0,A,6,0
CAN,1991-08,431750.0,A,6,0
CAN,1991-09,433598.0,A,6,0
CAN,1991-10,437552.0,A,6,0
CAN,1991-11,439897.0,A,6,0
CAN,1991-12,444511.0,A,6,0
CAN,1992-01,443875.0,A,6,0
CAN,1992-02,445009.0,A,6,0
CAN,1992-03,447550.0,A,6,0
CAN,1992-04,449029.0,A,6,0
CAN,1992-05,448267.0,A,6,0
CAN,1992-06,451449.0,A,6,0
CAN,1992-07,456032.0,A,6,0
CAN,1992-08,456574.0,A,6,0
CAN,1992-09,458605.0,A,6,0
CAN,1992-10,461523.0,A,6,0
CAN,1992-11,467011.0,A,6,0
CAN,1992-12,470661.0,A,6,0
CAN,1993-01,468037.0,A,6,0
CAN,1993-02,469236.0,A,6,0
CAN,1993-03,471291.0,A,6,0
CAN,1993-04,471300.0,A,6,0
CAN,1993-05,470810.0,A,6,0
CAN,1993-06,473303.0,A,6,0
CAN,1993-07,475318.0,A,6,0
CAN,1993-08,474060.0,A,6,0
CAN,1993-09,477269.0,A,6,0
CAN,1993-10,479404.0,A,6,0
CAN,1993-11,479868.0,A,6,0
CAN,1993-12,484120.0,A,6,0
CAN,1994-01,482948.0,A,6,0
CAN,1994-02,480732.0,A,6,0
CAN,1994-03,481193.0,A,6,0
CAN,1994-04,485185.0,A,6,0
CAN,1994-05,485635.0,A,6,0
CAN,1994-06,491871.0,A,6,0
CAN,1994-07,495885.0,A,6,0
CAN,1994-08,499010.0,A,6,0
CAN,1994-09,500772.0,A,6,0
CAN,1994-10,502256.0,A,6,0
CAN,1994-11,505146.0,A,6,0
CAN,1994-12,508474.0,A,6,0
CAN,1995-01,505000.0,A,6,0
CAN,1995-02,503576.0,A,6,0
CAN,1995-03,506700.0,A,6,0
CAN,1995-04,510250.0,A,6,0
CAN,1995-05,512098.0,A,6,0
CAN,1995-06,516485.0,A,6,0
CAN,1995-07,520456.0,A,6,0
CAN,1995-08,523072.0,A,6,0
CAN,1995-09,525760.0,A,6,0
CAN,1995-10,526363.0,A,6,0
CAN,1995-11,533129.0,A,6,0
CAN,1995-12,535355.0,A,6,0
CAN,1996-01,533917.0,A,6,0
CAN,1996-02,537021.0,A,6,0
CAN,1996-03,537154.0,A,6,0
CAN,1996-04,540117.0,A,6,0
CAN,1996-05,544010.0,A,6,0
CAN,1996-06,547082.0,A,6,0
CAN,1996-07,547324.0,A,6,0
CAN,1996-08,548531.0,A,6,0
CAN,1996-09,549219.0,A,6,0
CAN,1996-10,555987.0,A,6,0
CAN,1996-11,558766.0,A,6,0
CAN,1996-12,562012.0,A,6,0
CAN,1997-01,558744.0,A,6,0
CAN,1997-02,561118.0,A,6,0
CAN,1997-03,566100.0,A,6,0
CAN,1997-04,567732.0,A,6,0
CAN,1997-05,567189.0,A,6,0
CAN,1997-06,569635.0,A,6,0
CAN,1997-07,569086.0,A,6,0
CAN,1997-08,572815.0,A,6,0
CAN,1997-09,576397.0,A,6,0
CAN,1997-10,582460.0,A,6,0
CAN,1997-11,585860.0,A,6,0
CAN,1997-12,593853.0,A,6,0
CAN,1998-01,587061.0,A,6,0
CAN,1998-02,583380.0,A,6,0
CAN,1998-03,581887.0,A,6,0
CAN,1998-04,585527.0,A,6,0
CAN,1998-05,588037.0,A,6,0
CAN,1998-06,594216.0,A,6,0
CAN,1998-07,593704.0,A,6,0
CAN,1998-08,593494.0,A,6,0
CAN,1998-09,596258.0,A,6,0
CAN,1998-10,602419.0,A,6,0
CAN,1998-11,600494.0,A,6,0
CAN,1998-12,612272.0,A,6,0
CAN,1999-01,597640.0,A,6,0
CAN,1999-02,595777.0,A,6,0
CAN,1999-03,598793.0,A,6,0
CAN,1999-04,606502.0,A,6,0
CAN,1999-05,608041.0,A,6,0
CAN,1999-06,614094.0,A,6,0
CAN,1999-07,615278.0,A,6,0
CAN,1999-08,617854.0,A,6,0
CAN,1999-09,620074.0,A,6,0
CAN,1999-10,629330.0,A,6,0
CAN,1999-11,634869.0,A,6,0
CAN,1999-12,641056.0,A,6,0
CAN,2000-01,637494.0,A,6,0
CAN,2000-02,641446.0,A,6,0
CAN,2000-03,648957.0,A,6,0
CAN,2000-04,655463.0,A,6,0
CAN,2000-05,651529.0,A,6,0
CAN,2000-06,653917.0,A,6,0
CAN,2000-07,662003.0,A,6,0
CAN,2000-08,671382.0,A,6,0
CAN,2000-09,675991.0,A,6,0
CAN,2000-10,677248.0,A,6,0
CAN,2000-11,681429.0,A,6,0
CAN,2000-12,692344.0,A,6,0
CAN,2001-01,688564.0,A,6,0
CAN,2001-02,683793.0,A,6,0
CAN,2001-03,686329.0,A,6,0
CAN,2001-04,686481.0,A,6,0
CAN,2001-05,691978.0,A,6,0
CAN,2001-06,696709.0,A,6,0
CAN,2001-07,696966.0,A,6,0
CAN,2001-08,698345.0,A,6,0
CAN,2001-09,710111.0,A,6,0
CAN,2001-10,708321.0,A,6,0
CAN,2001-11,715448.0,A,6,0
CAN,2001-12,728279.0,A,6,0
CAN,2002-01,722229.0,A,6,0
CAN,2002-02,722383.0,A,6,0
CAN,2002-03,725231.0,A,6,0
CAN,2002-04,727274.0,A,6,0
CAN,2002-05,730276.0,A,6,0
CAN,2002-06,737635.0,A,6,0
CAN,2002-07,745123.0,A,6,0
CAN,2002-08,748005.0,A,6,0
CAN,2002-09,753765.0,A,6,0
CAN,2002-10,752250.0,A,6,0
CAN,2002-11,759370.0,A,6,0
CAN,2002-12,768111.0,A,6,0
CAN,2003-01,758432.0,A,6,0
CAN,2003-02,750833.0,A,6,0
CAN,2003-03,759755.0,A,6,0
CAN,2003-04,769523.0,A,6,0
CAN,2003-05,779275.0,A,6,0
CAN,2003-06,792161.0,A,6,0
CAN,2003-07,797945.0,A,6,0
CAN,2003-08,792635.0,A,6,0
CAN,2003-09,796115.0,A,6,0
CAN,2003-10,798697.0,A,6,0
CAN,2003-11,809865.0,A,6,0
CAN,2003-12,820751.0,A,6,0
CAN,2004-01,822310.0,A,6,0
CAN,2004-02,825127.0,A,6,0
CAN,2004-03,829843.0,A,6,0
CAN,2004-04,840029.0,A,6,0
CAN,2004-05,851373.0,A,6,0
CAN,2004-06,854875.0,A,6,0
CAN,2004-07,858236.0,A,6,0
CAN,2004-08,864235.0,A,6,0
CAN,2004-09,868520.0,A,6,0
CAN,2004-10,876630.0,A,6,0
CAN,2004-11,885795.0,A,6,0
CAN,2004-12,906310.0,A,6,0
CAN,2005-01,899859.0,A,6,0
CAN,2005-02,912330.0,A,6,0
CAN,2005-03,917927.0,A,6,0
CAN,2005-04,926205.0,A,6,0
CAN,2005-05,933742.0,A,6,0
CAN,2005-06,947180.0,A,6,0
CAN,2005-07,952054.0,A,6,0
CAN,2005-08,952803.0,A,6,0
CAN,2005-09,955814.0,A,6,0
CAN,2005-10,960717.0,A,6,0
CAN,2005-11,964902.0,A,6,0
CAN,2005-12,976052.0,A,6,0
CAN,2006-01,965505.0,A,6,0
CAN,2006-02,976590.0,A,6,0
CAN,2006-03,984819.0,A,6,0
CAN,2006-04,985789.0,A,6,0
CAN,2006-05,994330.0,A,6,0
CAN,2006-06,1008161.0,A,6,0
CAN,2006-07,1012154.0,A,6,0
CAN,2006-08,1020518.0,A,6,0
CAN,2006-09,1033681.0,A,6,0
CAN,2006-10,1041601.0,A,6,0
CAN,2006-11,1053264.0,A,6,0
CAN,2006-12,1072055.0,A,6,0
CAN,2007-01,1062345.0,A,6,0
CAN,2007-02,1067064.0,A,6,0
CAN,2007-03,1076633.0,A,6,0
CAN,2007-04,1084526.0,A,6,0
CAN,2007-05,1095659.0,A,6,0
CAN,2007-06,1110380.0,A,6,0
CAN,2007-07,1120178.0,A,6,0
CAN,2007-08,1141948.0,A,6,0
CAN,2007-09,1165194.0,A,6,0
CAN,2007-10,1168550.0,A,6,0
CAN,2007-11,1187157.0,A,6,0
CAN,2007-12,1202465.0,A,6,0
CAN,2008-01,1198786.0,A,6,0
CAN,2008-02,1196976.0,A,6,0
CAN,2008-03,1213821.0,A,6,0
CAN,2008-04,1222686.0,A,6,0
CAN,2008-05,1241770.0,A,6,0
CAN,2008-06,1264180.0,A,6,0
CAN,2008-07,1265307.0,A,6,0
CAN,2008-08,1274269.0,A,6,0
CAN,2008-09,1284551.0,A,6,0
CAN,2008-10,1296180.0,A,6,0
CAN,2008-11,1306311.0,A,6,0
CAN,2008-12,1312987.0,A,6,0
CAN,2009-01,1293347.0,A,6,0
CAN,2009-02,1279255.0,A,6,0
CAN,2009-03,1276973.0,A,6,0
CAN,2009-04,1282545.0,A,6,0
CAN,2009-05,1281804.0,A,6,0
CAN,2009-06,1293312.0,A,6,0
CAN,2009-07,1297249.0,A,6,0
CAN,2009-08,1298818.0,A,6,0
CAN,2009-09,1305883.0,A,6,0
CAN,2009-10,1312514.0,A,6,0
CAN,2009-11,1317119.0,A,6,0
CAN,2009-12,1327399.0,A,6,0
CAN,2010-01,1315918.0,A,6,0
CAN,2010-02,1321264.0,A,6,0
CAN,2010-03,1318955.0,A,6,0
CAN,2010-04,1335507.0,A,6,0
CAN,2010-05,1353511.0,A,6,0
CAN,2010-06,1373540.0,A,6,0
CAN,2010-07,1382123.0,A,6,0
CAN,2010-08,1393287.0,A,6,0
CAN,2010-09,1391796.0,A,6,0
CAN,2010-10,1404680.0,A,6,0
CAN,2010-11,1409783.0,A,6,0
CAN,2010-12,1422089.0,A,6,0
CAN,2011-01,1420814.0,A,6,0
CAN,2011-02,1421809.0,A,6,0
CAN,2011-03,1430695.0,A,6,0
CAN,2011-04,1442064.0,A,6,0
CAN,2011-05,1446522.0,A,6,0
CAN,2011-06,1463089.0,A,6,0
CAN,2011-07,1466157.0,A,6,0
CAN,2011-08,1483057.0,A,6,0
CAN,2011-09,1502028.0,A,6,0
CAN,2011-10,1504757.0,A,6,0
CAN,2011-11,1515464.0,A,6,0
CAN,2011-12,1531446.0,A,6,0
CAN,2012-01,1535552.0,A,6,0
CAN,2012-02,1530676.0,A,6,0
CAN,2012-03,1537828.0,A,6,0
CAN,2012-04,1546888.0,A,6,0
CAN,2012-05,1554775.0,A,6,0
CAN,2012-06,1569583.0,A,6,0
CAN,2012-07,1577995.0,A,6,0
CAN,2012-08,1580724.0,A,6,0
CAN,2012-09,1581730.0,A,6,0
CAN,2012-10,1595200.0,A,6,0
CAN,2012-11,1602964.0,A,6,0
CAN,2012-12,1618475.0,A,6,0
CAN,2013-01,1618577.0,A,6,0
CAN,2013-02,1624436.0,A,6,0
CAN,2013-03,1628583.0,A,6,0
CAN,2013-04,1636612.0,A,6,0
CAN,2013-05,1647211.0,A,6,0
CAN,2013-06,1664451.0,A,6,0
CAN,2013-07,1664809.0,A,6,0
CAN,2013-08,1682937.0,A,6,0
CAN,2013-09,1698159.0,A,6,0
CAN,2013-10,1716919.0,A,6,0
CAN,2013-11,1739627.0,A,6,0
CAN,2013-12,1764937.0,A,6,0
CAN,2014-01,1782153.0,A,6,0
CAN,2014-02,1765429.0,A,6,0
CAN,2014-03,1767672.0,A,6,0
CAN,2014-04,1776246.0,A,6,0
CAN,2014-05,1782226.0,A,6,0
CAN,2014-06,1799022.0,A,6,0
CAN,2014-07,1815737.0,A,6,0
CAN,2014-08,1828865.0,A,6,0
CAN,2014-09,1843977.0,A,6,0
CAN,2014-10,1856529.0,A,6,0
CAN,2014-11,1864740.0,A,6,0
CAN,2014-12,1883129.0,A,6,0
CAN,2015-01,1891076.0,A,6,0
CAN,2015-02,1890699.0,A,6,0
CAN,2015-03,1898214.0,A,6,0
CAN,2015-04,1900586.0,A,6,0
CAN,2015-05,1905095.0,A,6,0
CAN,2015-06,1919694.0,A,6,0
CAN,2015-07,1955556.0,A,6,0
CAN,2015-08,1977826.0,A,6,0
CAN,2015-09,1993362.0,A,6,0
CAN,2015-10,1995882.0,A,6,0
CAN,2015-11,2013855.0,A,6,0
CAN,2015-12,2047522.0,A,6,0
CAN,2016-01,2057097.0,A,6,0
CAN,2016-02,2057665.0,A,6,0
CAN,2016-03,2043240.0,A,6,0
CAN,2016-04,2057014.0,A,6,0
CAN,2016-05,2084186.0,A,6,0
CAN,2016-06,2106428.0,A,6,0
CAN,2016-07,2128879.0,A,6,0
CAN,2016-08,2135437.0,A,6,0
CAN,2016-09,2151401.0,A,6,0
CAN,2016-10,2173323.0,A,6,0
CAN,2016-11,2182606.0,A,6,0
CAN,2016-12,2210271.0,A,6,0
CAN,2017-01,2206553.0,A,6,0
CAN,2017-02,2195534.0,A,6,0
CAN,2017-03,2207981.0,A,6,0
CAN,2017-04,2233500.0,A,6,0
CAN,2017-05,2244513.0,A,6,0
CAN,2017-06,2241846.0,A,6,0
CAN,2017-07,2233078.0,A,6,0
CAN,2017-08,2237903.0,A,6,0
CAN,2017-09,2247134.0,A,6,0
CAN,2017-10,2269928.0,A,6,0
CAN,2017-11,2285235.0,A,6,0
CAN,2017-12,2313194.0,A,6,0
CAN,2018-01,2293161.0,A,6,0
CAN,2018-02,2307735.0,A,6,0
CAN,2018-03,2308213.0,A,6,0
CAN,2018-04,2312839.0,A,6,0
CAN,2018-05,2321280.0,A,6,0
CAN,2018-06,2338745.0,A,6,0
CAN,2018-07,2344385.0,A,6,0
CAN,2018-08,2358360.0,A,6,0
CAN,2018-09,2372869.0,A,6,0
CAN,2018-10,2393017.0,A,6,0
CAN,2018-11,2413489.0,A,6,0
CAN,2018-12,2459771.0,A,6,0
CAN,2019-01,2437596.0,A,6,0
CAN,2019-02,2452419.0,A,6,0
CAN,2019-03,2477862.0,A,6,0
CAN,2019-04,2500564.0,A,6,0
CAN,2019-05,2504439.0,A,6,0
CAN,2019-06,2514802.0,A,6,0
CAN,2019-07,2531273.0,A,6,0
CAN,2019-08,2553792.0,A,6,0
CAN,2019-09,2571406.0,A,6,0
CAN,2019-10,2596633.0,A,6,0
CAN,2019-11,2617116.0,A,6,0
CAN,2019-12,2649789.0,A,6,0
CAN,2020-01,2643298.0,A,6,0
CAN,2020-02,2663812.0,A,6,0
CAN,2020-03,2730258.0,A,6,0
CAN,2020-04,2826680.0,A,6,0
CAN,2020-05,2876137.0,A,6,0
CAN,2020-06,2923377.0,A,6,0
CAN,2020-07,2934970.0,A,6,0
CAN,2020-08,2946698.0,A,6,0
CAN,2020-09,2971751.0,A,6,0
CAN,2020-10,2912467.0,A,6,0
CAN,2020-11,2931315.0,A,6,0
CAN,2020-12,2953015.0,A,6,0
CAN,2021-01,2956838.0,A,6,0
CAN,2021-02,2981241.0,A,6,0
CAN,2021-03,2977272.0,A,6,0
CAN,2021-04,2977218.0,A,6,0
CAN,2021-05,3014904.0,A,6,0
CAN,2021-06,3030132.0,A,6,0
CAN,2021-07,3075020.0,A,6,0
CAN,2021-08,3104492.0,A,6,0
CAN,2021-09,3118141.0,A,6,0
CAN,2021-10,3125369.0,A,6,0
CAN,2021-11,3168270.0,A,6,0
CAN,2021-12,3184247.0,A,6,0
CAN,2022-01,3201544.0,A,6,0
CAN,2022-02,3227551.0,A,6,0
CAN,2022-03,3229514.0,A,6,0
CAN,2022-04,3258648.0,A,6,0
CAN,2022-05,3289680.0,A,6,0
CAN,2022-06,3309166.0,A,6,0
CAN,2022-07,3330861.0,A,6,0
CAN,2022-08,3348287.0,A,6,0
CAN,2022-09,3379316.0,A,6,0
CAN,2022-10,3388077.0,A,6,0
CAN,2022-11,3429488.0,A,6,0
CAN,2022-12,3441390.0,A,6,0
CAN,2023-01,3464707.0,A,6,0
CAN,2023-02,3467284.0,A,6,0
CAN,2023-03,3449860.0,A,6,0
CAN,2023-04,3471886.0,A,6,0
CAN,2023-05,3472887.0,A,6,0
CAN,2023-06,3482527.0,A,6,0
CAN,2023-07,3510591.0,A,6,0
CAN,2023-08,3543604.0,A,6,0
CAN,2023-09,3543111.0,A,6,0
CAN,2023-10,3560296.0,A,6,0
CAN,2023-11,3614308.0,A,6,0
CAN,2023-12,3613081.0,A,6,0
CAN,2024-01,3610605.0,A,6,0
CAN,2024-02,3636816.0,A,6,0
CAN,2024-03,3623540.0,A,6,0
CAN,2024-04,3646462.0,A,6,0
CAN,2024-05,3678055.0,A,6,0
CAN,2024-06,3710323.0,A,6,0
CAN,2024-07,3734400.0,A,6,0
CAN,2024-08,3734824.0,A,6,0
CAN,2024-09,3752046.0,A,6,0
CAN,2024-10,3788934.0,A,6,0
CAN,2024-11,3808642.0,A,6,0
CAN,2024-12,3834997.0,A,6,0
CAN,2025-01,3852191.0,A,6,0
CAN,2025-02,3870503.0,A,6,0
CAN,2025-03,3859807.0,A,6,0
CAN,2025-04,3838520.0,A,6,0
CAN,2025-05,3864160.0,A,6,0
CAN,2025-06,3866009.0,A,6,0
CAN,2025-07,3883930.0,A,6,0
CAN,2025-08,3901226.0,A,6,0
CAN,2025-09,3936209.0,A,6,0
CAN,2025-10,3968486.0,A,6,0
CAN,2025-11,3989893.0,A,6,0
CAN,2025-12,3988810.0,A,6,0
CAN,2026-01,3994270.0,A,6,0
CAN,2026-02,4014067.0,A,6,0
CAN,2026-03,3999807.0,A,6,0
CAN,2026-04,4009910.0,A,6,0
CHE,1971-12,106811.0,A,6,0
CHE,1972-01,108057.0,A,6,0
CHE,1972-02,109007.0,A,6,0
CHE,1972-03,110600.0,A,6,0
CHE,1972-04,111012.0,A,6,0
CHE,1972-05,112083.0,A,6,0
CHE,1972-06,112812.0,A,6,0
CHE,1972-07,113794.0,A,6,0
CHE,1972-08,114621.0,A,6,0
CHE,1972-09,115218.0,A,6,0
CHE,1972-10,116062.0,A,6,0
CHE,1972-11,117121.0,A,6,0
CHE,1972-12,120492.0,A,6,0
CHE,1973-01,120253.0,A,6,0
CHE,1973-02,120218.0,A,6,0
CHE,1973-03,120873.0,A,6,0
CHE,1973-04,121250.0,A,6,0
CHE,1973-05,121937.0,A,6,0
CHE,1973-06,122895.0,A,6,0
CHE,1973-07,122548.0,A,6,0
CHE,1973-08,122802.0,A,6,0
CHE,1973-09,123900.0,A,6,0
CHE,1973-10,124922.0,A,6,0
CHE,1973-11,126193.0,A,6,0
CHE,1973-12,129622.0,A,6,0
CHE,1974-01,128822.0,A,6,0
CHE,1974-02,128329.0,A,6,0
CHE,1974-03,128628.0,A,6,0
CHE,1974-04,129696.0,A,6,0
CHE,1974-05,129344.0,A,6,0
CHE,1974-06,129883.0,A,6,0
CHE,1974-07,129594.0,A,6,0
CHE,1974-08,130343.0,A,6,0
CHE,1974-09,131392.0,A,6,0
CHE,1974-10,132356.0,A,6,0
CHE,1974-11,133832.0,A,6,0
CHE,1974-12,137436.0,A,6,0
CHE,1975-01,137032.0,A,6,0
CHE,1975-02,137029.0,A,6,0
CHE,1975-03,138105.0,A,6,0
CHE,1975-04,138789.0,A,6,0
CHE,1975-05,139341.0,A,6,0
CHE,1975-06,133175.0,A,6,0
CHE,1975-07,132511.0,A,6,0
CHE,1975-08,132304.0,A,6,0
CHE,1975-09,133487.0,A,6,0
CHE,1975-10,134960.0,A,6,0
CHE,1975-11,136455.0,A,6,0
CHE,1975-12,141347.0,A,6,0
CHE,1976-01,141242.0,A,6,0
CHE,1976-02,141257.0,A,6,0
CHE,1976-03,142764.0,A,6,0
CHE,1976-04,143905.0,A,6,0
CHE,1976-05,144054.0,A,6,0
CHE,1976-06,144653.0,A,6,0
CHE,1976-07,144529.0,A,6,0
CHE,1976-08,144474.0,A,6,0
CHE,1976-09,145272.0,A,6,0
CHE,1976-10,146173.0,A,6,0
CHE,1976-11,147092.0,A,6,0
CHE,1976-12,152176.0,A,6,0
CHE,1977-01,152462.0,A,6,0
CHE,1977-02,152514.0,A,6,0
CHE,1977-03,154078.0,A,6,0
CHE,1977-04,155247.0,A,6,0
CHE,1977-05,156001.0,A,6,0
CHE,1977-06,157699.0,A,6,0
CHE,1977-07,157657.0,A,6,0
CHE,1977-08,157708.0,A,6,0
CHE,1977-09,159415.0,A,6,0
CHE,1977-10,160891.0,A,6,0
CHE,1977-11,161474.0,A,6,0
CHE,1977-12,165676.0,A,6,0
CHE,1978-01,165839.0,A,6,0
CHE,1978-02,167313.0,A,6,0
CHE,1978-03,170361.0,A,6,0
CHE,1978-04,171597.0,A,6,0
CHE,1978-05,172040.0,A,6,0
CHE,1978-06,173057.0,A,6,0
CHE,1978-07,171317.0,A,6,0
CHE,1978-08,172254.0,A,6,0
CHE,1978-09,173641.0,A,6,0
CHE,1978-10,176476.0,A,6,0
CHE,1978-11,178038.0,A,6,0
CHE,1978-12,182573.0,A,6,0
CHE,1979-01,182874.0,A,6,0
CHE,1979-02,183505.0,A,6,0
CHE,1979-03,185976.0,A,6,0
CHE,1979-04,186428.0,A,6,0
CHE,1979-05,186286.0,A,6,0
CHE,1979-06,187510.0,A,6,0
CHE,1979-07,188704.0,A,6,0
CHE,1979-08,188136.0,A,6,0
CHE,1979-09,189501.0,A,6,0
CHE,1979-10,191927.0,A,6,0
CHE,1979-11,193164.0,A,6,0
CHE,1979-12,197904.0,A,6,0
CHE,1980-01,199380.0,A,6,0
CHE,1980-02,200604.0,A,6,0
CHE,1980-03,202081.0,A,6,0
CHE,1980-04,201308.0,A,6,0
CHE,1980-05,198755.0,A,6,0
CHE,1980-06,197771.0,A,6,0
CHE,1980-07,196397.0,A,6,0
CHE,1980-08,195520.0,A,6,0
CHE,1980-09,198158.0,A,6,0
CHE,1980-10,199267.0,A,6,0
CHE,1980-11,199932.0,A,6,0
CHE,1980-12,204710.0,A,6,0
CHE,1981-01,203898.0,A,6,0
CHE,1981-02,204326.0,A,6,0
CHE,1981-03,206221.0,A,6,0
CHE,1981-04,207364.0,A,6,0
CHE,1981-05,206655.0,A,6,0
CHE,1981-06,207907.0,A,6,0
CHE,1981-07,207463.0,A,6,0
CHE,1981-08,206214.0,A,6,0
CHE,1981-09,207737.0,A,6,0
CHE,1981-10,207816.0,A,6,0
CHE,1981-11,207763.0,A,6,0
CHE,1981-12,209826.0,A,6,0
CHE,1982-01,207961.0,A,6,0
CHE,1982-02,209345.0,A,6,0
CHE,1982-03,209831.0,A,6,0
CHE,1982-04,210757.0,A,6,0
CHE,1982-05,209498.0,A,6,0
CHE,1982-06,209278.0,A,6,0
CHE,1982-07,208742.0,A,6,0
CHE,1982-08,208787.0,A,6,0
CHE,1982-09,212681.0,A,6,0
CHE,1982-10,214629.0,A,6,0
CHE,1982-11,216427.0,A,6,0
CHE,1982-12,219455.0,A,6,0
CHE,1983-01,219373.0,A,6,0
CHE,1983-02,220482.0,A,6,0
CHE,1983-03,223395.0,A,6,0
CHE,1983-04,224475.0,A,6,0
CHE,1983-05,225667.0,A,6,0
CHE,1983-06,226200.0,A,6,0
CHE,1983-07,225681.0,A,6,0
CHE,1983-08,225974.0,A,6,0
CHE,1983-09,228591.0,A,6,0
CHE,1983-10,228160.0,A,6,0
CHE,1983-11,230291.0,A,6,0
CHE,1983-12,234614.0,A,6,0
CHE,1984-01,234842.0,A,6,0
CHE,1984-02,235570.0,A,6,0
CHE,1984-03,237992.0,A,6,0
CHE,1984-04,238983.0,A,6,0
CHE,1984-05,239629.0,A,6,0
CHE,1984-06,239634.0,A,6,0
CHE,1984-07,239259.0,A,6,0
CHE,1984-08,239267.0,A,6,0
CHE,1984-09,242336.0,A,6,0
CHE,1984-10,243380.0,A,6,0
CHE,1984-11,243689.0,B,6,0
CHE,1984-12,252995.0,A,6,0
CHE,1985-01,252820.0,A,6,0
CHE,1985-02,253420.0,A,6,0
CHE,1985-03,256442.0,A,6,0
CHE,1985-04,257249.0,A,6,0
CHE,1985-05,258695.0,A,6,0
CHE,1985-06,257858.0,A,6,0
CHE,1985-07,256725.0,A,6,0
CHE,1985-08,255681.0,A,6,0
CHE,1985-09,259409.0,A,6,0
CHE,1985-10,261059.0,A,6,0
CHE,1985-11,261899.0,A,6,0
CHE,1985-12,267902.0,A,6,0
CHE,1986-01,267754.0,A,6,0
CHE,1986-02,267915.0,A,6,0
CHE,1986-03,268271.0,A,6,0
CHE,1986-04,272006.0,A,6,0
CHE,1986-05,273053.0,A,6,0
CHE,1986-06,275229.0,A,6,0
CHE,1986-07,275772.0,A,6,0
CHE,1986-08,275032.0,A,6,0
CHE,1986-09,277884.0,A,6,0
CHE,1986-10,280521.0,A,6,0
CHE,1986-11,281559.0,A,6,0
CHE,1986-12,287981.0,A,6,0
CHE,1987-01,287692.0,A,6,0
CHE,1987-02,288111.0,A,6,0
CHE,1987-03,293074.0,A,6,0
CHE,1987-04,295678.0,A,6,0
CHE,1987-05,296268.0,A,6,0
CHE,1987-06,298595.0,A,6,0
CHE,1987-07,300050.0,A,6,0
CHE,1987-08,301796.0,A,6,0
CHE,1987-09,306096.0,A,6,0
CHE,1987-10,310154.0,A,6,0
CHE,1987-11,313302.0,A,6,0
CHE,1987-12,319441.0,A,6,0
CHE,1988-01,319612.0,A,6,0
CHE,1988-02,321038.0,A,6,0
CHE,1988-03,324220.0,A,6,0
CHE,1988-04,329052.0,A,6,0
CHE,1988-05,330921.0,A,6,0
CHE,1988-06,329567.0,A,6,0
CHE,1988-07,331395.0,A,6,0
CHE,1988-08,331281.0,A,6,0
CHE,1988-09,333056.0,A,6,0
CHE,1988-10,333507.0,A,6,0
CHE,1988-11,335470.0,A,6,0
CHE,1988-12,337217.0,A,6,0
CHE,1989-01,339890.0,A,6,0
CHE,1989-02,341269.0,A,6,0
CHE,1989-03,345946.0,A,6,0
CHE,1989-04,347183.0,A,6,0
CHE,1989-05,350173.0,A,6,0
CHE,1989-06,350502.0,A,6,0
CHE,1989-07,348515.0,A,6,0
CHE,1989-08,349220.0,A,6,0
CHE,1989-09,352054.0,A,6,0
CHE,1989-10,352818.0,A,6,0
CHE,1989-11,355163.0,A,6,0
CHE,1989-12,357476.0,A,6,0
CHE,1990-01,355676.0,A,6,0
CHE,1990-02,353734.0,A,6,0
CHE,1990-03,354907.0,A,6,0
CHE,1990-04,354725.0,A,6,0
CHE,1990-05,354546.0,A,6,0
CHE,1990-06,353575.0,A,6,0
CHE,1990-07,350717.0,A,6,0
CHE,1990-08,352339.0,A,6,0
CHE,1990-09,358296.0,A,6,0
CHE,1990-10,357955.0,A,6,0
CHE,1990-11,360582.0,A,6,0
CHE,1990-12,365941.0,A,6,0
CHE,1991-01,363466.0,A,6,0
CHE,1991-02,361835.0,A,6,0
CHE,1991-03,364020.0,A,6,0
CHE,1991-04,365298.0,A,6,0
CHE,1991-05,366391.0,A,6,0
CHE,1991-06,364754.0,A,6,0
CHE,1991-07,363319.0,A,6,0
CHE,1991-08,362845.0,A,6,0
CHE,1991-09,364706.0,A,6,0
CHE,1991-10,367147.0,A,6,0
CHE,1991-11,368456.0,A,6,0
CHE,1991-12,374547.0,A,6,0
CHE,1992-01,369757.0,A,6,0
CHE,1992-02,369863.0,A,6,0
CHE,1992-03,370517.0,A,6,0
CHE,1992-04,375012.0,A,6,0
CHE,1992-05,375722.0,A,6,0
CHE,1992-06,373973.0,A,6,0
CHE,1992-07,370530.0,A,6,0
CHE,1992-08,370091.0,A,6,0
CHE,1992-09,372335.0,A,6,0
CHE,1992-10,372253.0,A,6,0
CHE,1992-11,377600.0,A,6,0
CHE,1992-12,381109.0,A,6,0
CHE,1993-01,380820.0,A,6,0
CHE,1993-02,381412.0,A,6,0
CHE,1993-03,386381.0,A,6,0
CHE,1993-04,387962.0,A,6,0
CHE,1993-05,386007.0,A,6,0
CHE,1993-06,384747.0,A,6,0
CHE,1993-07,384950.0,A,6,0
CHE,1993-08,385434.0,A,6,0
CHE,1993-09,387442.0,A,6,0
CHE,1993-10,392784.0,A,6,0
CHE,1993-11,397033.0,A,6,0
CHE,1993-12,400107.0,A,6,0
CHE,1994-01,403940.0,A,6,0
CHE,1994-02,407464.0,A,6,0
CHE,1994-03,408010.0,A,6,0
CHE,1994-04,411014.0,A,6,0
CHE,1994-05,410172.0,A,6,0
CHE,1994-06,407858.0,A,6,0
CHE,1994-07,403560.0,A,6,0
CHE,1994-08,401941.0,A,6,0
CHE,1994-09,404723.0,A,6,0
CHE,1994-10,407134.0,A,6,0
CHE,1994-11,411637.0,A,6,0
CHE,1994-12,415020.0,A,6,0
CHE,1995-01,414385.0,A,6,0
CHE,1995-02,413275.0,A,6,0
CHE,1995-03,412428.0,A,6,0
CHE,1995-04,414034.0,A,6,0
CHE,1995-05,417486.0,A,6,0
CHE,1995-06,414266.0,A,6,0
CHE,1995-07,413172.0,A,6,0
CHE,1995-08,414242.0,A,6,0
CHE,1995-09,416196.0,A,6,0
CHE,1995-10,420018.0,A,6,0
CHE,1995-11,423688.0,A,6,0
CHE,1995-12,427002.0,A,6,0
CHE,1996-01,434805.0,A,6,0
CHE,1996-02,437213.0,A,6,0
CHE,1996-03,442518.0,A,6,0
CHE,1996-04,446160.0,A,6,0
CHE,1996-05,445824.0,A,6,0
CHE,1996-06,444175.0,A,6,0
CHE,1996-07,443680.0,A,6,0
CHE,1996-08,442760.0,A,6,0
CHE,1996-09,446734.0,A,6,0
CHE,1996-10,449820.0,A,6,0
CHE,1996-11,456473.0,A,6,0
CHE,1996-12,455644.0,A,6,0
CHE,1997-01,465905.0,A,6,0
CHE,1997-02,471174.0,A,6,0
CHE,1997-03,467417.0,A,6,0
CHE,1997-04,471874.0,A,6,0
CHE,1997-05,473910.0,A,6,0
CHE,1997-06,467735.0,A,6,0
CHE,1997-07,465961.0,A,6,0
CHE,1997-08,463115.0,A,6,0
CHE,1997-09,463799.0,A,6,0
CHE,1997-10,467295.0,A,6,0
CHE,1997-11,469010.0,A,6,0
CHE,1997-12,470953.0,A,6,0
CHE,1998-01,473456.0,A,6,0
CHE,1998-02,476296.0,A,6,0
CHE,1998-03,478191.0,A,6,0
CHE,1998-04,479179.0,A,6,0
CHE,1998-05,475205.0,A,6,0
CHE,1998-06,471545.0,A,6,0
CHE,1998-07,471485.0,A,6,0
CHE,1998-08,470482.0,A,6,0
CHE,1998-09,466720.0,A,6,0
CHE,1998-10,470394.0,A,6,0
CHE,1998-11,478363.0,A,6,0
CHE,1998-12,472944.0,A,6,0
CHE,1999-01,477485.0,A,6,0
CHE,1999-02,483479.0,A,6,0
CHE,1999-03,481796.0,A,6,0
CHE,1999-04,484440.0,A,6,0
CHE,1999-05,484532.0,A,6,0
CHE,1999-06,478502.0,A,6,0
CHE,1999-07,478331.0,A,6,0
CHE,1999-08,476969.0,A,6,0
CHE,1999-09,475852.0,A,6,0
CHE,1999-10,476089.0,A,6,0
CHE,1999-11,480298.0,A,6,0
CHE,1999-12,479794.0,A,6,0
CHE,2000-01,479941.0,A,6,0
CHE,2000-02,477898.0,A,6,0
CHE,2000-03,475411.0,A,6,0
CHE,2000-04,476026.0,A,6,0
CHE,2000-05,477820.0,A,6,0
CHE,2000-06,466816.0,A,6,0
CHE,2000-07,467410.0,A,6,0
CHE,2000-08,468341.0,A,6,0
CHE,2000-09,464939.0,A,6,0
CHE,2000-10,467679.0,A,6,0
CHE,2000-11,473985.0,A,6,0
CHE,2000-12,474814.0,A,6,0
CHE,2001-01,480885.0,A,6,0
CHE,2001-02,482736.0,A,6,0
CHE,2001-03,481175.0,A,6,0
CHE,2001-04,487474.0,A,6,0
CHE,2001-05,490812.0,A,6,0
CHE,2001-06,485901.0,A,6,0
CHE,2001-07,482780.0,A,6,0
CHE,2001-08,482437.0,A,6,0
CHE,2001-09,483169.0,A,6,0
CHE,2001-10,491563.0,A,6,0
CHE,2001-11,500495.0,A,6,0
CHE,2001-12,501841.0,A,6,0
CHE,2002-01,498726.0,A,6,0
CHE,2002-02,500773.0,A,6,0
CHE,2002-03,502475.0,A,6,0
CHE,2002-04,504446.0,A,6,0
CHE,2002-05,504004.0,A,6,0
CHE,2002-06,504918.0,A,6,0
CHE,2002-07,507862.0,A,6,0
CHE,2002-08,507543.0,A,6,0
CHE,2002-09,509996.0,A,6,0
CHE,2002-10,512633.0,A,6,0
CHE,2002-11,519617.0,A,6,0
CHE,2002-12,525906.0,A,6,0
CHE,2003-01,529881.0,A,6,0
CHE,2003-02,536455.0,A,6,0
CHE,2003-03,544277.0,A,6,0
CHE,2003-04,553870.0,A,6,0
CHE,2003-05,552029.0,A,6,0
CHE,2003-06,550980.0,A,6,0
CHE,2003-07,549761.0,A,6,0
CHE,2003-08,554352.0,A,6,0
CHE,2003-09,560421.0,A,6,0
CHE,2003-10,564469.0,A,6,0
CHE,2003-11,564193.0,A,6,0
CHE,2003-12,565195.0,A,6,0
CHE,2004-01,572224.0,A,6,0
CHE,2004-02,574348.0,A,6,0
CHE,2004-03,570607.0,A,6,0
CHE,2004-04,573972.0,A,6,0
CHE,2004-05,574561.0,A,6,0
CHE,2004-06,571493.0,A,6,0
CHE,2004-07,566527.0,A,6,0
CHE,2004-08,570624.0,A,6,0
CHE,2004-09,569156.0,A,6,0
CHE,2004-10,571896.0,A,6,0
CHE,2004-11,579159.0,A,6,0
CHE,2004-12,579458.0,A,6,0
CHE,2005-01,589309.0,A,6,0
CHE,2005-02,588059.0,A,6,0
CHE,2005-03,586128.0,A,6,0
CHE,2005-04,589975.0,A,6,0
CHE,2005-05,592609.0,A,6,0
CHE,2005-06,599285.0,A,6,0
CHE,2005-07,605595.0,A,6,0
CHE,2005-08,602001.0,A,6,0
CHE,2005-09,603437.0,A,6,0
CHE,2005-10,604847.0,A,6,0
CHE,2005-11,612889.0,A,6,0
CHE,2005-12,607671.0,A,6,0
CHE,2006-01,607817.0,A,6,0
CHE,2006-02,608282.0,A,6,0
CHE,2006-03,609939.0,A,6,0
CHE,2006-04,615120.0,A,6,0
CHE,2006-05,611493.0,A,6,0
CHE,2006-06,607866.0,A,6,0
CHE,2006-07,613823.0,A,6,0
CHE,2006-08,614852.0,A,6,0
CHE,2006-09,614904.0,A,6,0
CHE,2006-10,620794.0,A,6,0
CHE,2006-11,621434.0,A,6,0
CHE,2006-12,625482.0,A,6,0
CHE,2007-01,630596.0,A,6,0
CHE,2007-02,630845.0,A,6,0
CHE,2007-03,626192.0,A,6,0
CHE,2007-04,629933.0,A,6,0
CHE,2007-05,628581.0,A,6,0
CHE,2007-06,626019.0,A,6,0
CHE,2007-07,623313.0,A,6,0
CHE,2007-08,621705.0,A,6,0
CHE,2007-09,626687.0,A,6,0
CHE,2007-10,629410.0,A,6,0
CHE,2007-11,636235.0,A,6,0
CHE,2007-12,640841.0,A,6,0
CHE,2008-01,641251.0,A,6,0
CHE,2008-02,641838.0,A,6,0
CHE,2008-03,645305.0,A,6,0
CHE,2008-04,657785.0,A,6,0
CHE,2008-05,651226.0,A,6,0
CHE,2008-06,642584.0,A,6,0
CHE,2008-07,636558.0,A,6,0
CHE,2008-08,640121.0,A,6,0
CHE,2008-09,638835.0,A,6,0
CHE,2008-10,647068.0,A,6,0
CHE,2008-11,649506.0,A,6,0
CHE,2008-12,656047.0,A,6,0
CHE,2009-01,664198.0,A,6,0
CHE,2009-02,669054.0,A,6,0
CHE,2009-03,670182.0,A,6,0
CHE,2009-04,678896.0,A,6,0
CHE,2009-05,677964.0,A,6,0
CHE,2009-06,679985.0,A,6,0
CHE,2009-07,683611.0,A,6,0
CHE,2009-08,686984.0,A,6,0
CHE,2009-09,687086.0,A,6,0
CHE,2009-10,694758.0,A,6,0
CHE,2009-11,702931.0,A,6,0
CHE,2009-12,701462.0,A,6,0
CHE,2010-01,706491.0,A,6,0
CHE,2010-02,710940.0,A,6,0
CHE,2010-03,713064.0,A,6,0
CHE,2010-04,719904.0,A,6,0
CHE,2010-05,731940.0,A,6,0
CHE,2010-06,732581.0,A,6,0
CHE,2010-07,732560.0,A,6,0
CHE,2010-08,735713.0,A,6,0
CHE,2010-09,736993.0,A,6,0
CHE,2010-10,742335.0,A,6,0
CHE,2010-11,749462.0,A,6,0
CHE,2010-12,754354.0,A,6,0
CHE,2011-01,758031.0,A,6,0
CHE,2011-02,765593.0,A,6,0
CHE,2011-03,763966.0,A,6,0
CHE,2011-04,771590.0,A,6,0
CHE,2011-05,778379.0,A,6,0
CHE,2011-06,772607.0,A,6,0
CHE,2011-07,778714.0,A,6,0
CHE,2011-08,795030.0,A,6,0
CHE,2011-09,796156.0,A,6,0
CHE,2011-10,803307.0,A,6,0
CHE,2011-11,804553.0,A,6,0
CHE,2011-12,811554.0,A,6,0
CHE,2012-01,815940.0,A,6,0
CHE,2012-02,817815.0,A,6,0
CHE,2012-03,817058.0,A,6,0
CHE,2012-04,823211.0,A,6,0
CHE,2012-05,829804.0,A,6,0
CHE,2012-06,841009.0,A,6,0
CHE,2012-07,853003.0,A,6,0
CHE,2012-08,863019.0,A,6,0
CHE,2012-09,867668.0,A,6,0
CHE,2012-10,875634.0,A,6,0
CHE,2012-11,880724.0,A,6,0
CHE,2012-12,891208.0,A,6,0
CHE,2013-01,891263.0,A,6,0
CHE,2013-02,895617.0,A,6,0
CHE,2013-03,895971.0,A,6,0
CHE,2013-04,905766.0,A,6,0
CHE,2013-05,908730.0,A,6,0
CHE,2013-06,897327.0,A,6,0
CHE,2013-07,906558.0,A,6,0
CHE,2013-08,914538.0,A,6,0
CHE,2013-09,910916.0,A,6,0
CHE,2013-10,915016.0,A,6,0
CHE,2013-11,920928.0,A,6,0
CHE,2013-12,920683.0,A,6,0
CHE,2014-01,928250.0,A,6,0
CHE,2014-02,933548.0,A,6,0
CHE,2014-03,937346.0,A,6,0
CHE,2014-04,938788.0,A,6,0
CHE,2014-05,942255.0,A,6,0
CHE,2014-06,933865.0,A,6,0
CHE,2014-07,938541.0,A,6,0
CHE,2014-08,944673.0,A,6,0
CHE,2014-09,941345.0,A,6,0
CHE,2014-10,945819.0,A,6,0
CHE,2014-11,953695.0,A,6,0
CHE,2014-12,950669.0,A,6,0
CHE,2015-01,954504.0,A,6,0
CHE,2015-02,954951.0,A,6,0
CHE,2015-03,958294.0,A,6,0
CHE,2015-04,953086.0,A,6,0
CHE,2015-05,956315.0,A,6,0
CHE,2015-06,953674.0,A,6,0
CHE,2015-07,956638.0,A,6,0
CHE,2015-08,957996.0,A,6,0
CHE,2015-09,953498.0,A,6,0
CHE,2015-10,959523.0,A,6,0
CHE,2015-11,973736.0,A,6,0
CHE,2015-12,966396.0,A,6,0
CHE,2016-01,968065.0,A,6,0
CHE,2016-02,970240.0,A,6,0
CHE,2016-03,975586.0,A,6,0
CHE,2016-04,975870.0,A,6,0
CHE,2016-05,977928.0,A,6,0
CHE,2016-06,976385.0,A,6,0
CHE,2016-07,982777.0,A,6,0
CHE,2016-08,985659.0,A,6,0
CHE,2016-09,982619.0,A,6,0
CHE,2016-10,988200.0,A,6,0
CHE,2016-11,992545.0,A,6,0
CHE,2016-12,996141.0,A,6,0
CHE,2017-01,997419.0,A,6,0
CHE,2017-02,1001761.0,A,6,0
CHE,2017-03,1004963.0,A,6,0
CHE,2017-04,1007209.0,A,6,0
CHE,2017-05,1016207.0,A,6,0
CHE,2017-06,1015763.0,A,6,0
CHE,2017-07,1021053.0,A,6,0
CHE,2017-08,1025704.0,A,6,0
CHE,2017-09,1024278.0,A,6,0
CHE,2017-10,1028805.0,A,6,0
CHE,2017-11,1034078.0,A,6,0
CHE,2017-12,1031388.0,A,6,0
CHE,2018-01,1036373.0,A,6,0
CHE,2018-02,1038009.0,A,6,0
CHE,2018-03,1037387.0,A,6,0
CHE,2018-04,1039771.0,A,6,0
CHE,2018-05,1044767.0,A,6,0
CHE,2018-06,1038664.0,A,6,0
CHE,2018-07,1045198.0,A,6,0
CHE,2018-08,1050830.0,A,6,0
CHE,2018-09,1047675.0,A,6,0
CHE,2018-10,1054593.0,A,6,0
CHE,2018-11,1062624.0,A,6,0
CHE,2018-12,1063992.0,A,6,0
CHE,2019-01,1070756.0,A,6,0
CHE,2019-02,1075036.0,A,6,0
CHE,2019-03,1076180.0,A,6,0
CHE,2019-04,1077864.0,A,6,0
CHE,2019-05,1081329.0,A,6,0
CHE,2019-06,1077241.0,A,6,0
CHE,2019-07,1079474.0,A,6,0
CHE,2019-08,1080919.0,A,6,0
CHE,2019-09,1076189.0,A,6,0
CHE,2019-10,1074823.0,A,6,0
CHE,2019-11,1077713.0,A,6,0
CHE,2019-12,1072273.0,A,6,0
CHE,2020-01,1071532.0,A,6,0
CHE,2020-02,1075784.0,A,6,0
CHE,2020-03,1090838.0,A,6,0
CHE,2020-04,1100067.0,A,6,0
CHE,2020-05,1107962.0,A,6,0
CHE,2020-06,1110218.0,A,6,0
CHE,2020-07,1120025.0,A,6,0
CHE,2020-08,1123872.0,A,6,0
CHE,2020-09,1121938.0,A,6,0
CHE,2020-10,1134290.0,A,6,0
CHE,2020-11,1140090.0,A,6,0
CHE,2020-12,1141681.0,A,6,0
CHE,2021-01,1146987.0,A,6,0
CHE,2021-02,1148612.0,A,6,0
CHE,2021-03,1153523.0,A,6,0
CHE,2021-04,1154207.0,A,6,0
CHE,2021-05,1154396.0,A,6,0
CHE,2021-06,1151494.0,A,6,0
CHE,2021-07,1156754.0,A,6,0
CHE,2021-08,1159443.0,A,6,0
CHE,2021-09,1159481.0,A,6,0
CHE,2021-10,1163087.0,A,6,0
CHE,2021-11,1161271.0,A,6,0
CHE,2021-12,1157754.0,A,6,0
CHE,2022-01,1159508.0,A,6,0
CHE,2022-02,1159742.0,A,6,0
CHE,2022-03,1161858.0,A,6,0
CHE,2022-04,1155744.0,A,6,0
CHE,2022-05,1157230.0,A,6,0
CHE,2022-06,1149669.0,A,6,0
CHE,2022-07,1154328.0,A,6,0
CHE,2022-08,1157126.0,A,6,0
CHE,2022-09,1160617.0,A,6,0
CHE,2022-10,1161859.0,A,6,0
CHE,2022-11,1171437.0,A,6,0
CHE,2022-12,1159243.0,A,6,0
CHE,2023-01,1158833.0,A,6,0
CHE,2023-02,1162394.0,A,6,0
CHE,2023-03,1155293.0,A,6,0
CHE,2023-04,1153845.0,A,6,0
CHE,2023-05,1142952.0,A,6,0
CHE,2023-06,1133843.0,A,6,0
CHE,2023-07,1136369.0,A,6,0
CHE,2023-08,1131701.0,A,6,0
CHE,2023-09,1128106.0,A,6,0
CHE,2023-10,1132252.0,A,6,0
CHE,2023-11,1135000.0,A,6,0
CHE,2023-12,1136319.0,A,6,0
CHE,2024-01,1135048.0,A,6,0
CHE,2024-02,1131865.0,A,6,0
CHE,2024-03,1138093.0,A,6,0
CHE,2024-04,1143443.0,A,6,0
CHE,2024-05,1135316.0,A,6,0
CHE,2024-06,1135556.0,A,6,0
CHE,2024-07,1139827.0,A,6,0
CHE,2024-08,1144720.0,A,6,0
CHE,2024-09,1147578.0,A,6,0
CHE,2024-10,1147740.0,A,6,0
CHE,2024-11,1155314.0,A,6,0
CHE,2024-12,1157955.0,A,6,0
CHE,2025-01,1154161.0,A,6,0
CHE,2025-02,1159685.0,A,6,0
CHE,2025-03,1170023.0,A,6,0
CHE,2025-04,1178403.0,A,6,0
CHE,2025-05,1175485.0,A,6,0
CHE,2025-06,1184341.0,A,6,0
CHE,2025-07,1192379.0,A,6,0
CHE,2025-08,1196779.0,A,6,0
CHE,2025-09,1193297.0,A,6,0
CHE,2025-10,1202936.0,A,6,0
CHE,2025-11,1211642.0,A,6,0
CHE,2025-12,1210044.0,A,6,0
CHE,2026-01,1215314.0,A,6,0
CHE,2026-02,1215575.0,A,6,0
CHE,2026-03,1223259.0,A,6,0
CHE,2026-04,1230403.0,A,6,0
CHE,2026-05,1228273.0,A,6,0
EA20,1970-01,318900.0,A,6,0
EA20,1970-02,318800.0,A,6,0
EA20,1970-03,321900.0,A,6,0
EA20,1970-04,323800.0,A,6,0
EA20,1970-05,328800.0,A,6,0
EA20,1970-06,334400.0,A,6,0
EA20,1970-07,338500.0,A,6,0
EA20,1970-08,338100.0,A,6,0
EA20,1970-09,338500.0,A,6,0
EA20,1970-10,338600.0,A,6,0
EA20,1970-11,345800.0,A,6,0
EA20,1970-12,353300.0,A,6,0
EA20,1971-01,352700.0,A,6,0
EA20,1971-02,354000.0,A,6,0
EA20,1971-03,359700.0,A,6,0
EA20,1971-04,364600.0,A,6,0
EA20,1971-05,372100.0,A,6,0
EA20,1971-06,376500.0,A,6,0
EA20,1971-07,380800.0,A,6,0
EA20,1971-08,380200.0,A,6,0
EA20,1971-09,383100.0,A,6,0
EA20,1971-10,384700.0,A,6,0
EA20,1971-11,392000.0,A,6,0
EA20,1971-12,405800.0,A,6,0
EA20,1972-01,404000.0,A,6,0
EA20,1972-02,405600.0,A,6,0
EA20,1972-03,411800.0,A,6,0
EA20,1972-04,416800.0,A,6,0
EA20,1972-05,422100.0,A,6,0
EA20,1972-06,434100.0,A,6,0
EA20,1972-07,440400.0,A,6,0
EA20,1972-08,440600.0,A,6,0
EA20,1972-09,444800.0,A,6,0
EA20,1972-10,445700.0,A,6,0
EA20,1972-11,455600.0,A,6,0
EA20,1972-12,472300.0,A,6,0
EA20,1973-01,466400.0,A,6,0
EA20,1973-02,468100.0,A,6,0
EA20,1973-03,477600.0,A,6,0
EA20,1973-04,482200.0,A,6,0
EA20,1973-05,489300.0,A,6,0
EA20,1973-06,497000.0,A,6,0
EA20,1973-07,500400.0,A,6,0
EA20,1973-08,500400.0,A,6,0
EA20,1973-09,504200.0,A,6,0
EA20,1973-10,505900.0,A,6,0
EA20,1973-11,515400.0,A,6,0
EA20,1973-12,536200.0,A,6,0
EA20,1974-01,532200.0,A,6,0
EA20,1974-02,533800.0,A,6,0
EA20,1974-03,542000.0,A,6,0
EA20,1974-04,546900.0,A,6,0
EA20,1974-05,551200.0,A,6,0
EA20,1974-06,559800.0,A,6,0
EA20,1974-07,565200.0,A,6,0
EA20,1974-08,563100.0,A,6,0
EA20,1974-09,566500.0,A,6,0
EA20,1974-10,567100.0,A,6,0
EA20,1974-11,580000.0,A,6,0
EA20,1974-12,602100.0,A,6,0
EA20,1975-01,598100.0,A,6,0
EA20,1975-02,598700.0,A,6,0
EA20,1975-03,607200.0,A,6,0
EA20,1975-04,609000.0,A,6,0
EA20,1975-05,614400.0,A,6,0
EA20,1975-06,627000.0,A,6,0
EA20,1975-07,635300.0,A,6,0
EA20,1975-08,637500.0,A,6,0
EA20,1975-09,643600.0,A,6,0
EA20,1975-10,648100.0,A,6,0
EA20,1975-11,662300.0,A,6,0
EA20,1975-12,689500.0,A,6,0
EA20,1976-01,685700.0,A,6,0
EA20,1976-02,687600.0,A,6,0
EA20,1976-03,698800.0,A,6,0
EA20,1976-04,704300.0,A,6,0
EA20,1976-05,711700.0,A,6,0
EA20,1976-06,726800.0,A,6,0
EA20,1976-07,733000.0,A,6,0
EA20,1976-08,734300.0,A,6,0
EA20,1976-09,739600.0,A,6,0
EA20,1976-10,745400.0,A,6,0
EA20,1976-11,758700.0,A,6,0
EA20,1976-12,782500.0,A,6,0
EA20,1977-01,779600.0,A,6,0
EA20,1977-02,780800.0,A,6,0
EA20,1977-03,791900.0,A,6,0
EA20,1977-04,797800.0,A,6,0
EA20,1977-05,806000.0,A,6,0
EA20,1977-06,817100.0,A,6,0
EA20,1977-07,831000.0,A,6,0
EA20,1977-08,830000.0,A,6,0
EA20,1977-09,836200.0,A,6,0
EA20,1977-10,840100.0,A,6,0
EA20,1977-11,855800.0,A,6,0
EA20,1977-12,889200.0,A,6,0
EA20,1978-01,883300.0,A,6,0
EA20,1978-02,885000.0,A,6,0
EA20,1978-03,896500.0,A,6,0
EA20,1978-04,903900.0,A,6,0
EA20,1978-05,912200.0,A,6,0
EA20,1978-06,928400.0,A,6,0
EA20,1978-07,940500.0,A,6,0
EA20,1978-08,942100.0,A,6,0
EA20,1978-09,953600.0,A,6,0
EA20,1978-10,960500.0,A,6,0
EA20,1978-11,981200.0,A,6,0
EA20,1978-12,1014200.0,A,6,0
EA20,1979-01,1003600.0,A,6,0
EA20,1979-02,1007100.0,A,6,0
EA20,1979-03,1019600.0,A,6,0
EA20,1979-04,1025400.0,A,6,0
EA20,1979-05,1034100.0,A,6,0
EA20,1979-06,1050600.0,A,6,0
EA20,1979-07,1056800.0,A,6,0
EA20,1979-08,1056300.0,A,6,0
EA20,1979-09,1064900.0,A,6,0
EA20,1979-10,1068700.0,A,6,0
EA20,1979-11,1089500.0,A,6,0
EA20,1979-12,1129100.0,B,6,0
EA20,1980-01,1097404.0,A,6,0
EA20,1980-02,1105520.0,A,6,0
EA20,1980-03,1117228.0,A,6,0
EA20,1980-04,1122639.0,A,6,0
EA20,1980-05,1130672.0,A,6,0
EA20,1980-06,1139157.0,A,6,0
EA20,1980-07,1150687.0,A,6,0
EA20,1980-08,1157482.0,A,6,0
EA20,1980-09,1164470.0,A,6,0
EA20,1980-10,1176441.0,A,6,0
EA20,1980-11,1192713.0,A,6,0
EA20,1980-12,1198927.0,A,6,0
EA20,1981-01,1209209.0,A,6,0
EA20,1981-02,1222048.0,A,6,0
EA20,1981-03,1233640.0,A,6,0
EA20,1981-04,1244293.0,A,6,0
EA20,1981-05,1257592.0,A,6,0
EA20,1981-06,1266536.0,A,6,0
EA20,1981-07,1275262.0,A,6,0
EA20,1981-08,1280121.0,A,6,0
EA20,1981-09,1293408.0,A,6,0
EA20,1981-10,1302173.0,A,6,0
EA20,1981-11,1313067.0,A,6,0
EA20,1981-12,1324037.0,A,6,0
EA20,1982-01,1338805.0,A,6,0
EA20,1982-02,1350759.0,A,6,0
EA20,1982-03,1366026.0,A,6,0
EA20,1982-04,1376835.0,A,6,0
EA20,1982-05,1385084.0,A,6,0
EA20,1982-06,1403542.0,A,6,0
EA20,1982-07,1414886.0,A,6,0
EA20,1982-08,1429591.0,A,6,0
EA20,1982-09,1440564.0,A,6,0
EA20,1982-10,1448567.0,A,6,0
EA20,1982-11,1461236.0,A,6,0
EA20,1982-12,1478452.0,A,6,0
EA20,1983-01,1488249.0,A,6,0
EA20,1983-02,1498226.0,A,6,0
EA20,1983-03,1505297.0,A,6,0
EA20,1983-04,1516179.0,A,6,0
EA20,1983-05,1527129.0,A,6,0
EA20,1983-06,1538465.0,A,6,0
EA20,1983-07,1550957.0,A,6,0
EA20,1983-08,1563091.0,A,6,0
EA20,1983-09,1569280.0,A,6,0
EA20,1983-10,1581495.0,A,6,0
EA20,1983-11,1595252.0,A,6,0
EA20,1983-12,1607971.0,A,6,0
EA20,1984-01,1616845.0,A,6,0
EA20,1984-02,1623473.0,A,6,0
EA20,1984-03,1633342.0,A,6,0
EA20,1984-04,1643658.0,A,6,0
EA20,1984-05,1659252.0,A,6,0
EA20,1984-06,1668177.0,A,6,0
EA20,1984-07,1681799.0,A,6,0
EA20,1984-08,1697027.0,A,6,0
EA20,1984-09,1711302.0,A,6,0
EA20,1984-10,1717983.0,A,6,0
EA20,1984-11,1729206.0,A,6,0
EA20,1984-12,1742791.0,A,6,0
EA20,1985-01,1758943.0,A,6,0
EA20,1985-02,1776558.0,A,6,0
EA20,1985-03,1788333.0,A,6,0
EA20,1985-04,1797511.0,A,6,0
EA20,1985-05,1804082.0,A,6,0
EA20,1985-06,1812216.0,A,6,0
EA20,1985-07,1823517.0,A,6,0
EA20,1985-08,1831278.0,A,6,0
EA20,1985-09,1840516.0,A,6,0
EA20,1985-10,1849577.0,A,6,0
EA20,1985-11,1856300.0,A,6,0
EA20,1985-12,1882118.0,A,6,0
EA20,1986-01,1891332.0,A,6,0
EA20,1986-02,1899853.0,A,6,0
EA20,1986-03,1919041.0,A,6,0
EA20,1986-04,1917327.0,A,6,0
EA20,1986-05,1927726.0,A,6,0
EA20,1986-06,1936535.0,A,6,0
EA20,1986-07,1950177.0,A,6,0
EA20,1986-08,1961502.0,A,6,0
EA20,1986-09,1976548.0,A,6,0
EA20,1986-10,1995452.0,A,6,0
EA20,1986-11,2004194.0,A,6,0
EA20,1986-12,2011545.0,A,6,0
EA20,1987-01,2026350.0,A,6,0
EA20,1987-02,2038106.0,A,6,0
EA20,1987-03,2053663.0,A,6,0
EA20,1987-04,2069485.0,A,6,0
EA20,1987-05,2084022.0,A,6,0
EA20,1987-06,2095216.0,A,6,0
EA20,1987-07,2109659.0,A,6,0
EA20,1987-08,2123852.0,A,6,0
EA20,1987-09,2137689.0,A,6,0
EA20,1987-10,2155101.0,A,6,0
EA20,1987-11,2168100.0,A,6,0
EA20,1987-12,2173838.0,A,6,0
EA20,1988-01,2186450.0,A,6,0
EA20,1988-02,2197901.0,A,6,0
EA20,1988-03,2210937.0,A,6,0
EA20,1988-04,2234863.0,A,6,0
EA20,1988-05,2252687.0,A,6,0
EA20,1988-06,2262415.0,A,6,0
EA20,1988-07,2280986.0,A,6,0
EA20,1988-08,2300792.0,A,6,0
EA20,1988-09,2315101.0,A,6,0
EA20,1988-10,2334535.0,A,6,0
EA20,1988-11,2349769.0,A,6,0
EA20,1988-12,2358041.0,A,6,0
EA20,1989-01,2374823.0,A,6,0
EA20,1989-02,2393302.0,A,6,0
EA20,1989-03,2423922.0,A,6,0
EA20,1989-04,2431297.0,A,6,0
EA20,1989-05,2452172.0,A,6,0
EA20,1989-06,2480570.0,A,6,0
EA20,1989-07,2502846.0,A,6,0
EA20,1989-08,2519586.0,A,6,0
EA20,1989-09,2534023.0,A,6,0
EA20,1989-10,2548639.0,A,6,0
EA20,1989-11,2568371.0,A,6,0
EA20,1989-12,2593728.0,A,6,0
EA20,1990-01,2621156.0,A,6,0
EA20,1990-02,2636316.0,A,6,0
EA20,1990-03,2644762.0,A,6,0
EA20,1990-04,2655640.0,A,6,0
EA20,1990-05,2670162.0,A,6,0
EA20,1990-06,2786501.0,A,6,0
EA20,1990-07,2804287.0,A,6,0
EA20,1990-08,2823790.0,A,6,0
EA20,1990-09,2846434.0,A,6,0
EA20,1990-10,2864450.0,A,6,0
EA20,1990-11,2884653.0,A,6,0
EA20,1990-12,2907362.0,A,6,0
EA20,1991-01,2923138.0,A,6,0
EA20,1991-02,2947536.0,A,6,0
EA20,1991-03,2954443.0,A,6,0
EA20,1991-04,2969291.0,A,6,0
EA20,1991-05,2986959.0,A,6,0
EA20,1991-06,3003602.0,A,6,0
EA20,1991-07,3025478.0,A,6,0
EA20,1991-08,3050014.0,A,6,0
EA20,1991-09,3064203.0,A,6,0
EA20,1991-10,3083316.0,A,6,0
EA20,1991-11,3109460.0,A,6,0
EA20,1991-12,3132988.0,A,6,0
EA20,1992-01,3137429.0,A,6,0
EA20,1992-02,3152683.0,A,6,0
EA20,1992-03,3174957.0,A,6,0
EA20,1992-04,3206393.0,A,6,0
EA20,1992-05,3232729.0,A,6,0
EA20,1992-06,3249564.0,A,6,0
EA20,1992-07,3271402.0,A,6,0
EA20,1992-08,3285469.0,A,6,0
EA20,1992-09,3332285.0,A,6,0
EA20,1992-10,3336785.0,A,6,0
EA20,1992-11,3361978.0,A,6,0
EA20,1992-12,3365086.0,A,6,0
EA20,1993-01,3378259.0,A,6,0
EA20,1993-02,3396757.0,A,6,0
EA20,1993-03,3441196.0,A,6,0
EA20,1993-04,3450523.0,A,6,0
EA20,1993-05,3469532.0,A,6,0
EA20,1993-06,3479485.0,A,6,0
EA20,1993-07,3487064.0,A,6,0
EA20,1993-08,3503529.0,A,6,0
EA20,1993-09,3515151.0,A,6,0
EA20,1993-10,3540903.0,A,6,0
EA20,1993-11,3562936.0,A,6,0
EA20,1993-12,3588556.0,A,6,0
EA20,1994-01,3598429.0,A,6,0
EA20,1994-02,3606066.0,A,6,0
EA20,1994-03,3622879.0,A,6,0
EA20,1994-04,3633025.0,A,6,0
EA20,1994-05,3632446.0,A,6,0
EA20,1994-06,3642375.0,A,6,0
EA20,1994-07,3656552.0,A,6,0
EA20,1994-08,3656590.0,A,6,0
EA20,1994-09,3656168.0,A,6,0
EA20,1994-10,3670601.0,A,6,0
EA20,1994-11,3678013.0,A,6,0
EA20,1994-12,3672401.0,A,6,0
EA20,1995-01,3679631.0,A,6,0
EA20,1995-02,3700799.0,A,6,0
EA20,1995-03,3698901.0,A,6,0
EA20,1995-04,3709760.0,A,6,0
EA20,1995-05,3730389.0,A,6,0
EA20,1995-06,3752177.0,A,6,0
EA20,1995-07,3758401.0,A,6,0
EA20,1995-08,3781841.0,A,6,0
EA20,1995-09,3804491.0,A,6,0
EA20,1995-10,3820462.0,A,6,0
EA20,1995-11,3840964.0,A,6,0
EA20,1995-12,3877110.0,A,6,0
EA20,1996-01,3891983.0,A,6,0
EA20,1996-02,3906146.0,A,6,0
EA20,1996-03,3919392.0,A,6,0
EA20,1996-04,3933563.0,A,6,0
EA20,1996-05,3940474.0,A,6,0
EA20,1996-06,3948661.0,A,6,0
EA20,1996-07,3963579.0,A,6,0
EA20,1996-08,3982902.0,A,6,0
EA20,1996-09,4002704.0,A,6,0
EA20,1996-10,4007200.0,A,6,0
EA20,1996-11,4016115.0,A,6,0
EA20,1996-12,4037575.0,A,6,0
EA20,1997-01,4040762.0,A,6,0
EA20,1997-02,4054012.0,A,6,0
EA20,1997-03,4061573.0,A,6,0
EA20,1997-04,4068933.0,A,6,0
EA20,1997-05,4097362.0,A,6,0
EA20,1997-06,4121578.0,A,6,0
EA20,1997-07,4143617.0,A,6,0
EA20,1997-08,4146012.0,A,6,0
EA20,1997-09,4169047.0,A,6,0
EA20,1997-10,4191990.0,A,6,0
EA20,1997-11,4201492.0,A,6,0
EA20,1997-12,4222019.0,A,6,0
EA20,1998-01,4244379.0,A,6,0
EA20,1998-02,4255439.0,A,6,0
EA20,1998-03,4267921.0,A,6,0
EA20,1998-04,4298513.0,A,6,0
EA20,1998-05,4316033.0,A,6,0
EA20,1998-06,4340943.0,A,6,0
EA20,1998-07,4362649.0,A,6,0
EA20,1998-08,4368163.0,A,6,0
EA20,1998-09,4371401.0,A,6,0
EA20,1998-10,4410036.0,A,6,0
EA20,1998-11,4417203.0,A,6,0
EA20,1998-12,4422982.0,A,6,0
EA20,1999-01,4447197.0,A,6,0
EA20,1999-02,4436979.0,A,6,0
EA20,1999-03,4453500.0,A,6,0
EA20,1999-04,4488386.0,A,6,0
EA20,1999-05,4505279.0,A,6,0
EA20,1999-06,4537054.0,A,6,0
EA20,1999-07,4565970.0,A,6,0
EA20,1999-08,4572050.0,A,6,0
EA20,1999-09,4594744.0,A,6,0
EA20,1999-10,4616547.0,A,6,0
EA20,1999-11,4646110.0,A,6,0
EA20,1999-12,4667221.0,A,6,0
EA20,2000-01,4713205.0,A,6,0
EA20,2000-02,4735956.0,A,6,0
EA20,2000-03,4766006.0,A,6,0
EA20,2000-04,4802801.0,A,6,0
EA20,2000-05,4795425.0,A,6,0
EA20,2000-06,4788838.0,A,6,0
EA20,2000-07,4803137.0,A,6,0
EA20,2000-08,4828781.0,A,6,0
EA20,2000-09,4830524.0,A,6,0
EA20,2000-10,4847849.0,A,6,0
EA20,2000-11,4851550.0,A,6,0
EA20,2000-12,4859203.0,A,6,0
EA20,2001-01,5024537.0,A,6,0
EA20,2001-02,5049678.0,A,6,0
EA20,2001-03,5079966.0,A,6,0
EA20,2001-04,5111811.0,A,6,0
EA20,2001-05,5142003.0,A,6,0
EA20,2001-06,5192173.0,A,6,0
EA20,2001-07,5214090.0,A,6,0
EA20,2001-08,5249306.0,A,6,0
EA20,2001-09,5296229.0,A,6,0
EA20,2001-10,5334043.0,A,6,0
EA20,2001-11,5371237.0,A,6,0
EA20,2001-12,5402883.0,A,6,0
EA20,2002-01,5424797.0,A,6,0
EA20,2002-02,5431456.0,A,6,0
EA20,2002-03,5453968.0,A,6,0
EA20,2002-04,5482865.0,A,6,0
EA20,2002-05,5523451.0,A,6,0
EA20,2002-06,5539079.0,A,6,0
EA20,2002-07,5568190.0,A,6,0
EA20,2002-08,5606774.0,A,6,0
EA20,2002-09,5660669.0,A,6,0
EA20,2002-10,5680917.0,A,6,0
EA20,2002-11,5733178.0,A,6,0
EA20,2002-12,5767431.0,A,6,0
EA20,2003-01,5809186.0,A,6,0
EA20,2003-02,5857436.0,A,6,0
EA20,2003-03,5880069.0,A,6,0
EA20,2003-04,5957074.0,A,6,0
EA20,2003-05,5983094.0,A,6,0
EA20,2003-06,5990357.0,A,6,0
EA20,2003-07,6028830.0,A,6,0
EA20,2003-08,6054734.0,A,6,0
EA20,2003-09,6057142.0,A,6,0
EA20,2003-10,6110399.0,A,6,0
EA20,2003-11,6134302.0,A,6,0
EA20,2003-12,6148767.0,A,6,0
EA20,2004-01,6165335.0,A,6,0
EA20,2004-02,6201786.0,A,6,0
EA20,2004-03,6232560.0,A,6,0
EA20,2004-04,6260857.0,A,6,0
EA20,2004-05,6265034.0,A,6,0
EA20,2004-06,6315025.0,A,6,0
EA20,2004-07,6354328.0,A,6,0
EA20,2004-08,6375262.0,A,6,0
EA20,2004-09,6417367.0,A,6,0
EA20,2004-10,6461295.0,A,6,0
EA20,2004-11,6484681.0,A,6,0
EA20,2004-12,6540370.0,A,6,0
EA20,2005-01,6573488.0,A,6,0
EA20,2005-02,6608114.0,A,6,0
EA20,2005-03,6628904.0,A,6,0
EA20,2005-04,6682171.0,A,6,0
EA20,2005-05,6731012.0,A,6,0
EA20,2005-06,6807158.0,A,6,0
EA20,2005-07,6876098.0,A,6,0
EA20,2005-08,6910851.0,A,6,0
EA20,2005-09,6972348.0,A,6,0
EA20,2005-10,6991045.0,A,6,0
EA20,2005-11,7026011.0,A,6,0
EA20,2005-12,7087688.0,A,6,0
EA20,2006-01,7120559.0,A,6,0
EA20,2006-02,7170882.0,A,6,0
EA20,2006-03,7221902.0,A,6,0
EA20,2006-04,7303181.0,A,6,0
EA20,2006-05,7347101.0,A,6,0
EA20,2006-06,7384631.0,A,6,0
EA20,2006-07,7403368.0,A,6,0
EA20,2006-08,7475572.0,A,6,0
EA20,2006-09,7573385.0,A,6,0
EA20,2006-10,7598494.0,A,6,0
EA20,2006-11,7652322.0,A,6,0
EA20,2006-12,7753569.0,A,6,0
EA20,2007-01,7838901.0,A,6,0
EA20,2007-02,7889608.0,A,6,0
EA20,2007-03,8008864.0,A,6,0
EA20,2007-04,8032194.0,A,6,0
EA20,2007-05,8131881.0,A,6,0
EA20,2007-06,8206302.0,A,6,0
EA20,2007-07,8290084.0,A,6,0
EA20,2007-08,8344331.0,A,6,0
EA20,2007-09,8418602.0,A,6,0
EA20,2007-10,8541400.0,A,6,0
EA20,2007-11,8631497.0,A,6,0
EA20,2007-12,8647959.0,A,6,0
EA20,2008-01,8793038.0,A,6,0
EA20,2008-02,8843329.0,A,6,0
EA20,2008-03,8867136.0,A,6,0
EA20,2008-04,8940964.0,A,6,0
EA20,2008-05,9020742.0,A,6,0
EA20,2008-06,9044137.0,A,6,0
EA20,2008-07,9107460.0,A,6,0
EA20,2008-08,9143592.0,A,6,0
EA20,2008-09,9224888.0,A,6,0
EA20,2008-10,9369285.0,A,6,0
EA20,2008-11,9387004.0,A,6,0
EA20,2008-12,9402372.0,A,6,0
EA20,2009-01,9402776.0,A,6,0
EA20,2009-02,9436867.0,A,6,0
EA20,2009-03,9403303.0,A,6,0
EA20,2009-04,9451115.0,A,6,0
EA20,2009-05,9421585.0,A,6,0
EA20,2009-06,9428787.0,A,6,0
EA20,2009-07,9433131.0,A,6,0
EA20,2009-08,9387590.0,A,6,0
EA20,2009-09,9414236.0,A,6,0
EA20,2009-10,9383509.0,A,6,0
EA20,2009-11,9354834.0,A,6,0
EA20,2009-12,9349315.0,A,6,0
EA20,2010-01,9324051.0,A,6,0
EA20,2010-02,9323604.0,A,6,0
EA20,2010-03,9332304.0,A,6,0
EA20,2010-04,9377955.0,A,6,0
EA20,2010-05,9388633.0,A,6,0
EA20,2010-06,9240895.0,A,6,0
EA20,2010-07,9234411.0,A,6,0
EA20,2010-08,9264711.0,A,6,0
EA20,2010-09,9272702.0,A,6,0
EA20,2010-10,9268660.0,A,6,0
EA20,2010-11,9287184.0,A,6,0
EA20,2010-12,9298808.0,A,6,0
EA20,2011-01,9318798.0,A,6,0
EA20,2011-02,9327053.0,A,6,0
EA20,2011-03,9345311.0,A,6,0
EA20,2011-04,9350480.0,A,6,0
EA20,2011-05,9369117.0,A,6,0
EA20,2011-06,9386874.0,A,6,0
EA20,2011-07,9390737.0,A,6,0
EA20,2011-08,9461608.0,A,6,0
EA20,2011-09,9494473.0,A,6,0
EA20,2011-10,9454437.0,A,6,0
EA20,2011-11,9471859.0,A,6,0
EA20,2011-12,9498551.0,A,6,0
EA20,2012-01,9508245.0,A,6,0
EA20,2012-02,9535017.0,A,6,0
EA20,2012-03,9610720.0,A,6,0
EA20,2012-04,9575598.0,A,6,0
EA20,2012-05,9627462.0,A,6,0
EA20,2012-06,9658453.0,A,6,0
EA20,2012-07,9705253.0,A,6,0
EA20,2012-08,9697121.0,A,6,0
EA20,2012-09,9713753.0,A,6,0
EA20,2012-10,9774469.0,A,6,0
EA20,2012-11,9777752.0,A,6,0
EA20,2012-12,9785187.0,A,6,0
EA20,2013-01,9767605.0,A,6,0
EA20,2013-02,9784933.0,A,6,0
EA20,2013-03,9803199.0,A,6,0
EA20,2013-04,9822063.0,A,6,0
EA20,2013-05,9837477.0,A,6,0
EA20,2013-06,9818212.0,A,6,0
EA20,2013-07,9832329.0,A,6,0
EA20,2013-08,9874715.0,A,6,0
EA20,2013-09,9868977.0,A,6,0
EA20,2013-10,9877942.0,A,6,0
EA20,2013-11,9885297.0,A,6,0
EA20,2013-12,9832650.0,A,6,0
EA20,2014-01,9874481.0,A,6,0
EA20,2014-02,9896754.0,A,6,0
EA20,2014-03,9891849.0,A,6,0
EA20,2014-04,9879815.0,A,6,0
EA20,2014-05,9941588.0,A,6,0
EA20,2014-06,9973532.0,A,6,0
EA20,2014-07,10007330.0,A,6,0
EA20,2014-08,10049820.0,A,6,0
EA20,2014-09,10098650.0,A,6,0
EA20,2014-10,10125070.0,A,6,0
EA20,2014-11,10184920.0,A,6,0
EA20,2014-12,10326600.0,A,6,0
EA20,2015-01,10405450.0,A,6,0
EA20,2015-02,10438260.0,A,6,0
EA20,2015-03,10475470.0,A,6,0
EA20,2015-04,10545100.0,A,6,0
EA20,2015-05,10561800.0,A,6,0
EA20,2015-06,10582760.0,A,6,0
EA20,2015-07,10656210.0,A,6,0
EA20,2015-08,10662410.0,A,6,0
EA20,2015-09,10694200.0,A,6,0
EA20,2015-10,10780760.0,A,6,0
EA20,2015-11,10836420.0,A,6,0
EA20,2015-12,10842560.0,A,6,0
EA20,2016-01,10909370.0,A,6,0
EA20,2016-02,10976220.0,A,6,0
EA20,2016-03,10986980.0,A,6,0
EA20,2016-04,11039390.0,A,6,0
EA20,2016-05,11084380.0,A,6,0
EA20,2016-06,11119740.0,A,6,0
EA20,2016-07,11178150.0,A,6,0
EA20,2016-08,11199040.0,A,6,0
EA20,2016-09,11240370.0,A,6,0
EA20,2016-10,11263130.0,A,6,0
EA20,2016-11,11337510.0,A,6,0
EA20,2016-12,11382910.0,A,6,0
EA20,2017-01,11439970.0,A,6,0
EA20,2017-02,11491550.0,A,6,0
EA20,2017-03,11581140.0,A,6,0
EA20,2017-04,11578020.0,A,6,0
EA20,2017-05,11607580.0,A,6,0
EA20,2017-06,11652740.0,A,6,0
EA20,2017-07,11668040.0,A,6,0
EA20,2017-08,11736670.0,A,6,0
EA20,2017-09,11773190.0,A,6,0
EA20,2017-10,11804160.0,A,6,0
EA20,2017-11,11849210.0,A,6,0
EA20,2017-12,11858920.0,A,6,0
EA20,2018-01,11912340.0,A,6,0
EA20,2018-02,11920920.0,A,6,0
EA20,2018-03,11947420.0,A,6,0
EA20,2018-04,11997020.0,A,6,0
EA20,2018-05,12069660.0,A,6,0
EA20,2018-06,12148980.0,A,6,0
EA20,2018-07,12133690.0,A,6,0
EA20,2018-08,12159090.0,A,6,0
EA20,2018-09,12192730.0,A,6,0
EA20,2018-10,12261530.0,A,6,0
EA20,2018-11,12302560.0,A,6,0
EA20,2018-12,12367970.0,A,6,0
EA20,2019-01,12401820.0,A,6,0
EA20,2019-02,12455380.0,A,6,0
EA20,2019-03,12535010.0,A,6,0
EA20,2019-04,12606430.0,A,6,0
EA20,2019-05,12676640.0,A,6,0
EA20,2019-06,12713460.0,A,6,0
EA20,2019-07,12783160.0,A,6,0
EA20,2019-08,12887910.0,A,6,0
EA20,2019-09,12921690.0,A,6,0
EA20,2019-10,12974640.0,A,6,0
EA20,2019-11,13005640.0,A,6,0
EA20,2019-12,12981800.0,A,6,0
EA20,2020-01,13055430.0,A,6,0
EA20,2020-02,13141320.0,A,6,0
EA20,2020-03,13488510.0,A,6,0
EA20,2020-04,13642150.0,A,6,0
EA20,2020-05,13798960.0,A,6,0
EA20,2020-06,13908320.0,A,6,0
EA20,2020-07,13990620.0,A,6,0
EA20,2020-08,14034140.0,A,6,0
EA20,2020-09,14152540.0,A,6,0
EA20,2020-10,14252310.0,A,6,0
EA20,2020-11,14349660.0,A,6,0
EA20,2020-12,14477110.0,A,6,0
EA20,2021-01,14581810.0,A,6,0
EA20,2021-02,14662100.0,A,6,0
EA20,2021-03,14761230.0,A,6,0
EA20,2021-04,14812310.0,A,6,0
EA20,2021-05,14908190.0,A,6,0
EA20,2021-06,14987870.0,A,6,0
EA20,2021-07,15105720.0,A,6,0
EA20,2021-08,15197330.0,A,6,0
EA20,2021-09,15253660.0,A,6,0
EA20,2021-10,15361110.0,A,6,0
EA20,2021-11,15414740.0,A,6,0
EA20,2021-12,15499050.0,A,6,0
EA20,2022-01,15602420.0,A,6,0
EA20,2022-02,15663640.0,A,6,0
EA20,2022-03,15729150.0,A,6,0
EA20,2022-04,15798330.0,A,6,0
EA20,2022-05,15850910.0,A,6,0
EA20,2022-06,15930000.0,A,6,0
EA20,2022-07,15989620.0,A,6,0
EA20,2022-08,16139780.0,A,6,0
EA20,2022-09,16195740.0,A,6,0
EA20,2022-10,16147080.0,A,6,0
EA20,2022-11,16130630.0,A,6,0
EA20,2022-12,16059190.0,A,6,0
EA20,2023-01,16077690.0,A,6,0
EA20,2023-02,16064150.0,A,6,0
EA20,2023-03,16040580.0,A,6,0
EA20,2023-04,15980060.0,A,6,0
EA20,2023-05,16000320.0,A,6,0
EA20,2023-06,15980600.0,A,6,0
EA20,2023-07,15960510.0,A,6,0
EA20,2023-08,15950090.0,A,6,0
EA20,2023-09,15986570.0,A,6,0
EA20,2023-10,15985130.0,A,6,0
EA20,2023-11,15995130.0,A,6,0
EA20,2023-12,16108580.0,A,6,0
EA20,2024-01,16096550.0,A,6,0
EA20,2024-02,16113990.0,A,6,0
EA20,2024-03,16174840.0,A,6,0
EA20,2024-04,16210220.0,A,6,0
EA20,2024-05,16240720.0,A,6,0
EA20,2024-06,16361320.0,A,6,0
EA20,2024-07,16366930.0,A,6,0
EA20,2024-08,16464270.0,A,6,0
EA20,2024-09,16540220.0,A,6,0
EA20,2024-10,16582010.0,A,6,0
EA20,2024-11,16682670.0,A,6,0
EA20,2024-12,16776480.0,A,6,0
EA20,2025-01,16768100.0,A,6,0
EA20,2025-02,16826210.0,A,6,0
EA20,2025-03,16838610.0,A,6,0
EA20,2025-04,16883150.0,A,6,0
EA20,2025-05,16915670.0,A,6,0
EA20,2025-06,16927170.0,A,6,0
EA20,2025-07,16922170.0,A,6,0
EA20,2025-08,16926410.0,A,6,0
EA20,2025-09,16982240.0,A,6,0
EA20,2025-10,17073960.0,A,6,0
EA20,2025-11,17200560.0,A,6,0
EA20,2025-12,17203260.0,A,6,0
EA20,2026-01,17332040.0,A,6,0
EA20,2026-02,17355240.0,A,6,0
EA20,2026-03,17447590.0,A,6,0
EA20,2026-04,17434830.0,A,6,0
EA20,2026-05,17552240.0,A,6,0
GBR,1986-09,89456.0,A,6,0
GBR,1986-10,170808.0,A,6,0
GBR,1986-11,173821.0,A,6,0
GBR,1986-12,174472.0,A,6,0
GBR,1987-01,260892.0,A,6,0
GBR,1987-02,262792.0,A,6,0
GBR,1987-03,270049.0,A,6,0
GBR,1987-04,273479.0,A,6,0
GBR,1987-05,278129.0,A,6,0
GBR,1987-06,280644.0,A,6,0
GBR,1987-07,287640.0,A,6,0
GBR,1987-08,289470.0,A,6,0
GBR,1987-09,291387.0,A,6,0
GBR,1987-10,297658.0,A,6,0
GBR,1987-11,299165.0,A,6,0
GBR,1987-12,301624.0,A,6,0
GBR,1988-01,302296.0,A,6,0
GBR,1988-02,303158.0,A,6,0
GBR,1988-03,312780.0,A,6,0
GBR,1988-04,313435.0,A,6,0
GBR,1988-05,317167.0,A,6,0
GBR,1988-06,325038.0,A,6,0
GBR,1988-07,332521.0,A,6,0
GBR,1988-08,335396.0,A,6,0
GBR,1988-09,342902.0,A,6,0
GBR,1988-10,345254.0,A,6,0
GBR,1988-11,347395.0,A,6,0
GBR,1988-12,353013.0,A,6,0
GBR,1989-01,352786.0,A,6,0
GBR,1989-02,357769.0,A,6,0
GBR,1989-03,367824.0,A,6,0
GBR,1989-04,369717.0,A,6,0
GBR,1989-05,375772.0,A,6,0
GBR,1989-06,392510.0,A,6,0
GBR,1989-07,394170.0,A,6,0
GBR,1989-08,399690.0,A,6,0
GBR,1989-09,407865.0,A,6,0
GBR,1989-10,412873.0,A,6,0
GBR,1989-11,415940.0,A,6,0
GBR,1989-12,423973.0,A,6,0
GBR,1990-01,424000.0,A,6,0
GBR,1990-02,426238.0,A,6,0
GBR,1990-03,438838.0,A,6,0
GBR,1990-04,440594.0,A,6,0
GBR,1990-05,444375.0,A,6,0
GBR,1990-06,452468.0,A,6,0
GBR,1990-07,450892.0,A,6,0
GBR,1990-08,453659.0,A,6,0
GBR,1990-09,462052.0,A,6,0
GBR,1990-10,459965.0,A,6,0
GBR,1990-11,466132.0,A,6,0
GBR,1990-12,466746.0,A,6,0
GBR,1991-01,463782.0,A,6,0
GBR,1991-02,462733.0,A,6,0
GBR,1991-03,471056.0,A,6,0
GBR,1991-04,471061.0,A,6,0
GBR,1991-05,474525.0,A,6,0
GBR,1991-06,477846.0,A,6,0
GBR,1991-07,475002.0,A,6,0
GBR,1991-08,475058.0,A,6,0
GBR,1991-09,479618.0,A,6,0
GBR,1991-10,476381.0,A,6,0
GBR,1991-11,479035.0,A,6,0
GBR,1991-12,480198.0,A,6,0
GBR,1992-01,480238.0,A,6,0
GBR,1992-02,480762.0,A,6,0
GBR,1992-03,486309.0,A,6,0
GBR,1992-04,486007.0,A,6,0
GBR,1992-05,485610.0,A,6,0
GBR,1992-06,489176.0,A,6,0
GBR,1992-07,489456.0,A,6,0
GBR,1992-08,488479.0,A,6,0
GBR,1992-09,493543.0,A,6,0
GBR,1992-10,498276.0,A,6,0
GBR,1992-11,499545.0,A,6,0
GBR,1992-12,497351.0,A,6,0
GBR,1993-01,494181.0,A,6,0
GBR,1993-02,496535.0,A,6,0
GBR,1993-03,500516.0,A,6,0
GBR,1993-04,500444.0,A,6,0
GBR,1993-05,502527.0,A,6,0
GBR,1993-06,505243.0,A,6,0
GBR,1993-07,508687.0,A,6,0
GBR,1993-08,509199.0,A,6,0
GBR,1993-09,510516.0,A,6,0
GBR,1993-10,513278.0,A,6,0
GBR,1993-11,518161.0,A,6,0
GBR,1993-12,522839.0,A,6,0
GBR,1994-01,520810.0,A,6,0
GBR,1994-02,524967.0,A,6,0
GBR,1994-03,531705.0,A,6,0
GBR,1994-04,529787.0,A,6,0
GBR,1994-05,535165.0,A,6,0
GBR,1994-06,535124.0,A,6,0
GBR,1994-07,535606.0,A,6,0
GBR,1994-08,536380.0,A,6,0
GBR,1994-09,540306.0,A,6,0
GBR,1994-10,538441.0,A,6,0
GBR,1994-11,544290.0,A,6,0
GBR,1994-12,546590.0,A,6,0
GBR,1995-01,544928.0,A,6,0
GBR,1995-02,549570.0,A,6,0
GBR,1995-03,564596.0,A,6,0
GBR,1995-04,562333.0,A,6,0
GBR,1995-05,568138.0,A,6,0
GBR,1995-06,573118.0,A,6,0
GBR,1995-07,580101.0,A,6,0
GBR,1995-08,584634.0,A,6,0
GBR,1995-09,589412.0,A,6,0
GBR,1995-10,591028.0,A,6,0
GBR,1995-11,597293.0,A,6,0
GBR,1995-12,613898.0,A,6,0
GBR,1996-01,628422.0,A,6,0
GBR,1996-02,637703.0,A,6,0
GBR,1996-03,648300.0,A,6,0
GBR,1996-04,652501.0,A,6,0
GBR,1996-05,658079.0,A,6,0
GBR,1996-06,667870.0,A,6,0
GBR,1996-07,674680.0,A,6,0
GBR,1996-08,677736.0,A,6,0
GBR,1996-09,684118.0,A,6,0
GBR,1996-10,682395.0,A,6,0
GBR,1996-11,702643.0,A,6,0
GBR,1996-12,690859.0,A,6,0
GBR,1997-01,706794.0,A,6,0
GBR,1997-02,719374.0,A,6,0
GBR,1997-03,729981.0,A,6,0
GBR,1997-04,726204.0,A,6,0
GBR,1997-05,740306.0,A,6,0
GBR,1997-06,759021.0,A,6,0
GBR,1997-07,769842.0,A,6,0
GBR,1997-08,771968.0,A,6,0
GBR,1997-09,730951.0,A,6,0
GBR,1997-10,753001.0,A,6,0
GBR,1997-11,762986.0,A,6,0
GBR,1997-12,761369.0,A,6,0
GBR,1998-01,769915.0,A,6,0
GBR,1998-02,783753.0,A,6,0
GBR,1998-03,792835.0,A,6,0
GBR,1998-04,794952.0,A,6,0
GBR,1998-05,812122.0,A,6,0
GBR,1998-06,813711.0,A,6,0
GBR,1998-07,823570.0,A,6,0
GBR,1998-08,822478.0,A,6,0
GBR,1998-09,826204.0,A,6,0
GBR,1998-10,826071.0,A,6,0
GBR,1998-11,831196.0,A,6,0
GBR,1998-12,821789.0,A,6,0
GBR,1999-01,817074.0,A,6,0
GBR,1999-02,824741.0,A,6,0
GBR,1999-03,832631.0,A,6,0
GBR,1999-04,835921.0,A,6,0
GBR,1999-05,844372.0,A,6,0
GBR,1999-06,842781.0,A,6,0
GBR,1999-07,840654.0,A,6,0
GBR,1999-08,843164.0,A,6,0
GBR,1999-09,839107.0,A,6,0
GBR,1999-10,838444.0,A,6,0
GBR,1999-11,854290.0,A,6,0
GBR,1999-12,842065.0,A,6,0
GBR,2000-01,838569.0,A,6,0
GBR,2000-02,855994.0,A,6,0
GBR,2000-03,885160.0,A,6,0
GBR,2000-04,891669.0,A,6,0
GBR,2000-05,915537.0,A,6,0
GBR,2000-06,920679.0,A,6,0
GBR,2000-07,913255.0,A,6,0
GBR,2000-08,921507.0,A,6,0
GBR,2000-09,920246.0,A,6,0
GBR,2000-10,930029.0,A,6,0
GBR,2000-11,938950.0,A,6,0
GBR,2000-12,937378.0,A,6,0
GBR,2001-01,945992.0,A,6,0
GBR,2001-02,947673.0,A,6,0
GBR,2001-03,982075.0,A,6,0
GBR,2001-04,991680.0,A,6,0
GBR,2001-05,995776.0,A,6,0
GBR,2001-06,997434.0,A,6,0
GBR,2001-07,999586.0,A,6,0
GBR,2001-08,1013161.0,A,6,0
GBR,2001-09,1018918.0,A,6,0
GBR,2001-10,1027311.0,A,6,0
GBR,2001-11,1037955.0,A,6,0
GBR,2001-12,1023825.0,A,6,0
GBR,2002-01,1005553.0,A,6,0
GBR,2002-02,1016983.0,A,6,0
GBR,2002-03,1037198.0,A,6,0
GBR,2002-04,1041955.0,A,6,0
GBR,2002-05,1056328.0,A,6,0
GBR,2002-06,1053359.0,A,6,0
GBR,2002-07,1040754.0,A,6,0
GBR,2002-08,1053994.0,A,6,0
GBR,2002-09,1068215.0,A,6,0
GBR,2002-10,1070278.0,A,6,0
GBR,2002-11,1080764.0,A,6,0
GBR,2002-12,1065938.0,A,6,0
GBR,2003-01,1058140.0,A,6,0
GBR,2003-02,1078798.0,A,6,0
GBR,2003-03,1086546.0,A,6,0
GBR,2003-04,1100413.0,A,6,0
GBR,2003-05,1102860.0,A,6,0
GBR,2003-06,1118734.0,A,6,0
GBR,2003-07,1110006.0,A,6,0
GBR,2003-08,1118970.0,A,6,0
GBR,2003-09,1131657.0,A,6,0
GBR,2003-10,1136044.0,A,6,0
GBR,2003-11,1152802.0,A,6,0
GBR,2003-12,1154822.0,A,6,0
GBR,2004-01,1183817.0,A,6,0
GBR,2004-02,1178155.0,A,6,0
GBR,2004-03,1199007.0,A,6,0
GBR,2004-04,1216776.0,A,6,0
GBR,2004-05,1224479.0,A,6,0
GBR,2004-06,1237892.0,A,6,0
GBR,2004-07,1223755.0,A,6,0
GBR,2004-08,1239316.0,A,6,0
GBR,2004-09,1241290.0,A,6,0
GBR,2004-10,1250692.0,A,6,0
GBR,2004-11,1269820.0,A,6,0
GBR,2004-12,1263843.0,A,6,0
GBR,2005-01,1276761.0,A,6,0
GBR,2005-02,1281810.0,A,6,0
GBR,2005-03,1303305.0,A,6,0
GBR,2005-04,1323029.0,A,6,0
GBR,2005-05,1354145.0,A,6,0
GBR,2005-06,1360132.0,A,6,0
GBR,2005-07,1362791.0,A,6,0
GBR,2005-08,1353277.0,A,6,0
GBR,2005-09,1390408.0,A,6,0
GBR,2005-10,1400467.0,A,6,0
GBR,2005-11,1408929.0,A,6,0
GBR,2005-12,1424566.0,A,6,0
GBR,2006-01,1415398.0,A,6,0
GBR,2006-02,1441421.0,A,6,0
GBR,2006-03,1489864.0,A,6,0
GBR,2006-04,1502068.0,A,6,0
GBR,2006-05,1508822.0,A,6,0
GBR,2006-06,1523221.0,A,6,0
GBR,2006-07,1524527.0,A,6,0
GBR,2006-08,1533328.0,A,6,0
GBR,2006-09,1568903.0,A,6,0
GBR,2006-10,1584567.0,A,6,0
GBR,2006-11,1596901.0,A,6,0
GBR,2006-12,1613079.0,A,6,0
GBR,2007-01,1614534.0,A,6,0
GBR,2007-02,1631097.0,A,6,0
GBR,2007-03,1666884.0,A,6,0
GBR,2007-04,1695043.0,A,6,0
GBR,2007-05,1737024.0,A,6,0
GBR,2007-06,1743928.0,A,6,0
GBR,2007-07,1753713.0,A,6,0
GBR,2007-08,1760308.0,A,6,0
GBR,2007-09,1783727.0,A,6,0
GBR,2007-10,1766079.0,A,6,0
GBR,2007-11,1798699.0,A,6,0
GBR,2007-12,1817043.0,A,6,0
GBR,2008-01,1878761.0,A,6,0
GBR,2008-02,1890125.0,A,6,0
GBR,2008-03,1939942.0,A,6,0
GBR,2008-04,1947839.0,A,6,0
GBR,2008-05,1964533.0,A,6,0
GBR,2008-06,1965777.0,A,6,0
GBR,2008-07,1950121.0,A,6,0
GBR,2008-08,1973932.0,A,6,0
GBR,2008-09,1979156.0,A,6,0
GBR,2008-10,2059690.0,A,6,0
GBR,2008-11,2117248.0,A,6,0
GBR,2008-12,2137477.0,A,6,0
GBR,2009-01,2174771.0,A,6,0
GBR,2009-02,2178486.0,A,6,0
GBR,2009-03,2184558.0,A,6,0
GBR,2009-04,2170785.0,A,6,0
GBR,2009-05,2160636.0,A,6,0
GBR,2009-06,2145521.0,A,6,0
GBR,2009-07,2142165.0,A,6,0
GBR,2009-08,2163255.0,A,6,0
GBR,2009-09,2192640.0,A,6,0
GBR,2009-10,2224155.0,A,6,0
GBR,2009-11,2228285.0,A,6,0
GBR,2009-12,2194011.0,A,6,0
GBR,2010-01,2379910.0,A,6,0
GBR,2010-02,2404223.0,A,6,0
GBR,2010-03,2405016.0,A,6,0
GBR,2010-04,2387417.0,A,6,0
GBR,2010-05,2393278.0,A,6,0
GBR,2010-06,2378543.0,A,6,0
GBR,2010-07,2366105.0,A,6,0
GBR,2010-08,2351524.0,A,6,0
GBR,2010-09,2365930.0,A,6,0
GBR,2010-10,2373553.0,A,6,0
GBR,2010-11,2353410.0,A,6,0
GBR,2010-12,2323609.0,A,6,0
GBR,2011-01,2313305.0,A,6,0
GBR,2011-02,2321974.0,A,6,0
GBR,2011-03,2347111.0,A,6,0
GBR,2011-04,2352119.0,A,6,0
GBR,2011-05,2364565.0,A,6,0
GBR,2011-06,2343657.0,A,6,0
GBR,2011-07,2332966.0,A,6,0
GBR,2011-08,2328918.0,A,6,0
GBR,2011-09,2345838.0,A,6,0
GBR,2011-10,2312945.0,A,6,0
GBR,2011-11,2310330.0,A,6,0
GBR,2011-12,2266224.0,A,6,0
GBR,2012-01,2280334.0,A,6,0
GBR,2012-02,2252935.0,A,6,0
GBR,2012-03,2269930.0,A,6,0
GBR,2012-04,2290224.0,A,6,0
GBR,2012-05,2308892.0,A,6,0
GBR,2012-06,2286645.0,A,6,0
GBR,2012-07,2298786.0,A,6,0
GBR,2012-08,2289479.0,A,6,0
GBR,2012-09,2308780.0,A,6,0
GBR,2012-10,2304434.0,A,6,0
GBR,2012-11,2307003.0,A,6,0
GBR,2012-12,2327083.0,A,6,0
GBR,2013-01,2344580.0,A,6,0
GBR,2013-02,2356041.0,A,6,0
GBR,2013-03,2365874.0,A,6,0
GBR,2013-04,2377905.0,A,6,0
GBR,2013-05,2404786.0,A,6,0
GBR,2013-06,2405517.0,A,6,0
GBR,2013-07,2411224.0,A,6,0
GBR,2013-08,2419452.0,A,6,0
GBR,2013-09,2401599.0,A,6,0
GBR,2013-10,2396475.0,A,6,0
GBR,2013-11,2413077.0,A,6,0
GBR,2013-12,2362530.0,A,6,0
GBR,2014-01,2389416.0,A,6,0
GBR,2014-02,2419385.0,A,6,0
GBR,2014-03,2373954.0,A,6,0
GBR,2014-04,2372912.0,A,6,0
GBR,2014-05,2378566.0,A,6,0
GBR,2014-06,2369611.0,A,6,0
GBR,2014-07,2361144.0,A,6,0
GBR,2014-08,2379075.0,A,6,0
GBR,2014-09,2368315.0,A,6,0
GBR,2014-10,2355619.0,A,6,0
GBR,2014-11,2378266.0,A,6,0
GBR,2014-12,2355042.0,A,6,0
GBR,2015-01,2344554.0,A,6,0
GBR,2015-02,2343017.0,A,6,0
GBR,2015-03,2367424.0,A,6,0
GBR,2015-04,2366810.0,A,6,0
GBR,2015-05,2377022.0,A,6,0
GBR,2015-06,2358527.0,A,6,0
GBR,2015-07,2379909.0,A,6,0
GBR,2015-08,2385885.0,A,6,0
GBR,2015-09,2371473.0,A,6,0
GBR,2015-10,2379331.0,A,6,0
GBR,2015-11,2395499.0,A,6,0
GBR,2015-12,2387951.0,A,6,0
GBR,2016-01,2405250.0,A,6,0
GBR,2016-02,2435209.0,A,6,0
GBR,2016-03,2440460.0,A,6,0
GBR,2016-04,2437802.0,A,6,0
GBR,2016-05,2460979.0,A,6,0
GBR,2016-06,2540055.0,A,6,0
GBR,2016-07,2573162.0,A,6,0
GBR,2016-08,2595917.0,A,6,0
GBR,2016-09,2603111.0,A,6,0
GBR,2016-10,2640043.0,A,6,0
GBR,2016-11,2650194.0,A,6,0
GBR,2016-12,2623525.0,A,6,0
GBR,2017-01,2642655.0,A,6,0
GBR,2017-02,2679539.0,A,6,0
GBR,2017-03,2701204.0,A,6,0
GBR,2017-04,2723391.0,A,6,0
GBR,2017-05,2729640.0,A,6,0
GBR,2017-06,2732932.0,A,6,0
GBR,2017-07,2747133.0,A,6,0
GBR,2017-08,2782209.0,A,6,0
GBR,2017-09,2784804.0,A,6,0
GBR,2017-10,2805662.0,A,6,0
GBR,2017-11,2825364.0,A,6,0
GBR,2017-12,2785885.0,A,6,0
GBR,2018-01,2818378.0,A,6,0
GBR,2018-02,2819907.0,A,6,0
GBR,2018-03,2779712.0,A,6,0
GBR,2018-04,2791676.0,A,6,0
GBR,2018-05,2833373.0,A,6,0
GBR,2018-06,2827878.0,A,6,0
GBR,2018-07,2828944.0,A,6,0
GBR,2018-08,2842004.0,A,6,0
GBR,2018-09,2848633.0,A,6,0
GBR,2018-10,2886487.0,A,6,0
GBR,2018-11,2910104.0,A,6,0
GBR,2018-12,2897741.0,A,6,0
GBR,2019-01,2864518.0,A,6,0
GBR,2019-02,2837069.0,A,6,0
GBR,2019-03,2840100.0,A,6,0
GBR,2019-04,2860377.0,A,6,0
GBR,2019-05,2874216.0,A,6,0
GBR,2019-06,2874566.0,A,6,0
GBR,2019-07,2883337.0,A,6,0
GBR,2019-08,2903573.0,A,6,0
GBR,2019-09,2886847.0,A,6,0
GBR,2019-10,2871163.0,A,6,0
GBR,2019-11,2908698.0,A,6,0
GBR,2019-12,2886737.0,A,6,0
GBR,2020-01,2892081.0,A,6,0
GBR,2020-02,2921999.0,A,6,0
GBR,2020-03,3081384.0,A,6,0
GBR,2020-04,3107845.0,A,6,0
GBR,2020-05,3160165.0,A,6,0
GBR,2020-06,3167571.0,A,6,0
GBR,2020-07,3185948.0,A,6,0
GBR,2020-08,3169903.0,A,6,0
GBR,2020-09,3191100.0,A,6,0
GBR,2020-10,3192723.0,A,6,0
GBR,2020-11,3213372.0,A,6,0
GBR,2020-12,3234808.0,A,6,0
GBR,2021-01,3234147.0,A,6,0
GBR,2021-02,3253792.0,A,6,0
GBR,2021-03,3285618.0,A,6,0
GBR,2021-04,3311406.0,A,6,0
GBR,2021-05,3332323.0,A,6,0
GBR,2021-06,3355687.0,A,6,0
GBR,2021-07,3353081.0,A,6,0
GBR,2021-08,3373160.0,A,6,0
GBR,2021-09,3426461.0,A,6,0
GBR,2021-10,3447271.0,A,6,0
GBR,2021-11,3488568.0,A,6,0
GBR,2021-12,3465577.0,A,6,0
GBR,2022-01,3434756.0,A,6,0
GBR,2022-02,3491354.0,A,6,0
GBR,2022-03,3519207.0,A,6,0
GBR,2022-04,3517235.0,A,6,0
GBR,2022-05,3513412.0,A,6,0
GBR,2022-06,3537089.0,A,6,0
GBR,2022-07,3541700.0,A,6,0
GBR,2022-08,3560715.0,A,6,0
GBR,2022-09,3671262.0,A,6,0
GBR,2022-10,3648213.0,A,6,0
GBR,2022-11,3598041.0,A,6,0
GBR,2022-12,3554414.0,A,6,0
GBR,2023-01,3551739.0,A,6,0
GBR,2023-02,3551184.0,A,6,0
GBR,2023-03,3533757.0,A,6,0
GBR,2023-04,3507164.0,A,6,0
GBR,2023-05,3520988.0,A,6,0
GBR,2023-06,3524688.0,A,6,0
GBR,2023-07,3503487.0,A,6,0
GBR,2023-08,3511957.0,A,6,0
GBR,2023-09,3505076.0,A,6,0
GBR,2023-10,3494602.0,A,6,0
GBR,2023-11,3499641.0,A,6,0
GBR,2023-12,3531480.0,A,6,0
GBR,2024-01,3475122.0,A,6,0
GBR,2024-02,3501694.0,A,6,0
GBR,2024-03,3574777.0,A,6,0
GBR,2024-04,3542642.0,A,6,0
GBR,2024-05,3542757.0,A,6,0
GBR,2024-06,3537044.0,A,6,0
GBR,2024-07,3540585.0,A,6,0
GBR,2024-08,3507654.0,A,6,0
GBR,2024-09,3554659.0,A,6,0
GBR,2024-10,3570337.0,A,6,0
GBR,2024-11,3603258.0,A,6,0
GBR,2024-12,3585673.0,A,6,0
GBR,2025-01,3627559.0,A,6,0
GBR,2025-02,3646718.0,A,6,0
GBR,2025-03,3663767.0,A,6,0
GBR,2025-04,3628257.0,A,6,0
GBR,2025-05,3648372.0,A,6,0
GBR,2025-06,3650053.0,A,6,0
GBR,2025-07,3670210.0,A,6,0
GBR,2025-08,3655508.0,A,6,0
GBR,2025-09,3714904.0,A,6,0
GBR,2025-10,3699919.0,A,6,0
GBR,2025-11,3748717.0,A,6,0
GBR,2025-12,3736968.0,A,6,0
GBR,2026-01,3717443.0,A,6,0
GBR,2026-02,3766000.0,A,6,0
GBR,2026-03,3802630.0,A,6,0
GBR,2026-04,3784619.0,A,6,0
GBR,2026-05,3823888.0,A,6,0
JPN,1980-01,295237000.0,A,6,0
JPN,1980-02,293525400.0,A,6,0
JPN,1980-03,297809000.0,A,6,0
JPN,1980-04,301888300.0,A,6,0
JPN,1980-05,303876800.0,A,6,0
JPN,1980-06,306953300.0,A,6,0
JPN,1980-07,307724000.0,A,6,0
JPN,1980-08,307235000.0,A,6,0
JPN,1980-09,307835400.0,A,6,0
JPN,1980-10,306167200.0,A,6,0
JPN,1980-11,309817800.0,A,6,0
JPN,1980-12,320950700.0,A,6,0
JPN,1981-01,317180900.0,A,6,0
JPN,1981-02,315741700.0,A,6,0
JPN,1981-03,320656700.0,A,6,0
JPN,1981-04,325652100.0,A,6,0
JPN,1981-05,326546600.0,A,6,0
JPN,1981-06,332540100.0,A,6,0
JPN,1981-07,335410800.0,A,6,0
JPN,1981-08,336831400.0,A,6,0
JPN,1981-09,338987100.0,A,6,0
JPN,1981-10,339120200.0,A,6,0
JPN,1981-11,342188900.0,A,6,0
JPN,1981-12,354640400.0,A,6,0
JPN,1982-01,351149100.0,A,6,0
JPN,1982-02,349196100.0,A,6,0
JPN,1982-03,354272000.0,A,6,0
JPN,1982-04,356003700.0,A,6,0
JPN,1982-05,357226200.0,A,6,0
JPN,1982-06,361827000.0,A,6,0
JPN,1982-07,366437100.0,A,6,0
JPN,1982-08,367175300.0,A,6,0
JPN,1982-09,368989000.0,A,6,0
JPN,1982-10,367344000.0,A,6,0
JPN,1982-11,369631200.0,A,6,0
JPN,1982-12,382556200.0,A,6,0
JPN,1983-01,378145700.0,A,6,0
JPN,1983-02,375131100.0,A,6,0
JPN,1983-03,381117000.0,A,6,0
JPN,1983-04,382995600.0,A,6,0
JPN,1983-05,384170200.0,A,6,0
JPN,1983-06,389626800.0,A,6,0
JPN,1983-07,392341200.0,A,6,0
JPN,1983-08,392550100.0,A,6,0
JPN,1983-09,395637400.0,A,6,0
JPN,1983-10,393757200.0,A,6,0
JPN,1983-11,394879100.0,A,6,0
JPN,1983-12,411440700.0,A,6,0
JPN,1984-01,406809000.0,A,6,0
JPN,1984-02,404503200.0,A,6,0
JPN,1984-03,413257500.0,A,6,0
JPN,1984-04,412339800.0,A,6,0
JPN,1984-05,413180200.0,A,6,0
JPN,1984-06,418772900.0,A,6,0
JPN,1984-07,422505500.0,A,6,0
JPN,1984-08,422942000.0,A,6,0
JPN,1984-09,427555100.0,A,6,0
JPN,1984-10,424173800.0,A,6,0
JPN,1984-11,427041300.0,A,6,0
JPN,1984-12,443372400.0,A,6,0
JPN,1985-01,438951100.0,A,6,0
JPN,1985-02,436580300.0,A,6,0
JPN,1985-03,445987700.0,A,6,0
JPN,1985-04,447149900.0,A,6,0
JPN,1985-05,447631200.0,A,6,0
JPN,1985-06,453123300.0,A,6,0
JPN,1985-07,457354300.0,A,6,0
JPN,1985-08,457912900.0,A,6,0
JPN,1985-09,462829400.0,A,6,0
JPN,1985-10,460817600.0,A,6,0
JPN,1985-11,465754200.0,A,6,0
JPN,1985-12,484395700.0,A,6,0
JPN,1986-01,478645200.0,A,6,0
JPN,1986-02,475941600.0,A,6,0
JPN,1986-03,485924700.0,A,6,0
JPN,1986-04,484920400.0,A,6,0
JPN,1986-05,485366000.0,A,6,0
JPN,1986-06,491707800.0,A,6,0
JPN,1986-07,497278900.0,A,6,0
JPN,1986-08,498614400.0,A,6,0
JPN,1986-09,503880600.0,A,6,0
JPN,1986-10,500166600.0,A,6,0
JPN,1986-11,504621900.0,A,6,0
JPN,1986-12,523879300.0,A,6,0
JPN,1987-01,520002800.0,A,6,0
JPN,1987-02,517796000.0,A,6,0
JPN,1987-03,529566500.0,A,6,0
JPN,1987-04,532460400.0,A,6,0
JPN,1987-05,534866800.0,A,6,0
JPN,1987-06,541015100.0,A,6,0
JPN,1987-07,548734100.0,A,6,0
JPN,1987-08,553338000.0,A,6,0
JPN,1987-09,559645800.0,A,6,0
JPN,1987-10,558530000.0,A,6,0
JPN,1987-11,566968600.0,A,6,0
JPN,1987-12,583878500.0,A,6,0
JPN,1988-01,582081800.0,A,6,0
JPN,1988-02,582245800.0,A,6,0
JPN,1988-03,591930200.0,A,6,0
JPN,1988-04,592854100.0,A,6,0
JPN,1988-05,596054400.0,A,6,0
JPN,1988-06,601316000.0,A,6,0
JPN,1988-07,609867600.0,A,6,0
JPN,1988-08,613823100.0,A,6,0
JPN,1988-09,619098600.0,A,6,0
JPN,1988-10,620096800.0,A,6,0
JPN,1988-11,625590500.0,A,6,0
JPN,1988-12,644686900.0,A,6,0
JPN,1989-01,640411100.0,A,6,0
JPN,1989-02,643079000.0,A,6,0
JPN,1989-03,653139500.0,A,6,0
JPN,1989-04,653532600.0,A,6,0
JPN,1989-05,652026900.0,A,6,0
JPN,1989-06,657780500.0,A,6,0
JPN,1989-07,669713500.0,A,6,0
JPN,1989-08,672940100.0,A,6,0
JPN,1989-09,678441600.0,A,6,0
JPN,1989-10,679334500.0,A,6,0
JPN,1989-11,687369300.0,A,6,0
JPN,1989-12,713138700.0,A,6,0
JPN,1990-01,714251300.0,A,6,0
JPN,1990-02,719234400.0,A,6,0
JPN,1990-03,729016300.0,A,6,0
JPN,1990-04,739839700.0,A,6,0
JPN,1990-05,738149800.0,A,6,0
JPN,1990-06,740460200.0,A,6,0
JPN,1990-07,751438400.0,A,6,0
JPN,1990-08,753023000.0,A,6,0
JPN,1990-09,759787300.0,A,6,0
JPN,1990-10,759465400.0,A,6,0
JPN,1990-11,755212800.0,A,6,0
JPN,1990-12,773899200.0,A,6,0
JPN,1991-01,767246300.0,A,6,0
JPN,1991-02,759120300.0,A,6,0
JPN,1991-03,765929400.0,A,6,0
JPN,1991-04,768266200.0,A,6,0
JPN,1991-05,764731600.0,A,6,0
JPN,1991-06,767973700.0,A,6,0
JPN,1991-07,776663000.0,A,6,0
JPN,1991-08,773704200.0,A,6,0
JPN,1991-09,776833300.0,A,6,0
JPN,1991-10,775411100.0,A,6,0
JPN,1991-11,773371500.0,A,6,0
JPN,1991-12,789303200.0,A,6,0
JPN,1992-01,781214300.0,A,6,0
JPN,1992-02,771209600.0,A,6,0
JPN,1992-03,779430000.0,A,6,0
JPN,1992-04,780258000.0,A,6,0
JPN,1992-05,773167200.0,A,6,0
JPN,1992-06,775168100.0,A,6,0
JPN,1992-07,778023300.0,A,6,0
JPN,1992-08,776246800.0,A,6,0
JPN,1992-09,772825200.0,A,6,0
JPN,1992-10,770740700.0,A,6,0
JPN,1992-11,768826400.0,A,6,0
JPN,1992-12,785853800.0,A,6,0
JPN,1993-01,779023000.0,A,6,0
JPN,1993-02,772215500.0,A,6,0
JPN,1993-03,776352000.0,A,6,0
JPN,1993-04,784301600.0,A,6,0
JPN,1993-05,784710200.0,A,6,0
JPN,1993-06,786163300.0,A,6,0
JPN,1993-07,790363300.0,A,6,0
JPN,1993-08,789399200.0,A,6,0
JPN,1993-09,787418400.0,A,6,0
JPN,1993-10,784858800.0,A,6,0
JPN,1993-11,780651000.0,A,6,0
JPN,1993-12,796522400.0,A,6,0
JPN,1994-01,791226800.0,A,6,0
JPN,1994-02,783981300.0,A,6,0
JPN,1994-03,791482200.0,A,6,0
JPN,1994-04,801206800.0,A,6,0
JPN,1994-05,797915200.0,A,6,0
JPN,1994-06,797805400.0,A,6,0
JPN,1994-07,805866400.0,A,6,0
JPN,1994-08,804546400.0,A,6,0
JPN,1994-09,805804500.0,A,6,0
JPN,1994-10,803806700.0,A,6,0
JPN,1994-11,801777900.0,A,6,0
JPN,1994-12,819662600.0,A,6,0
JPN,1995-01,815756700.0,A,6,0
JPN,1995-02,811849200.0,A,6,0
JPN,1995-03,819391800.0,A,6,0
JPN,1995-04,825883600.0,A,6,0
JPN,1995-05,822432700.0,A,6,0
JPN,1995-06,822745300.0,A,6,0
JPN,1995-07,827719000.0,A,6,0
JPN,1995-08,825959500.0,A,6,0
JPN,1995-09,826589300.0,A,6,0
JPN,1995-10,823341100.0,A,6,0
JPN,1995-11,828338000.0,A,6,0
JPN,1995-12,845682700.0,A,6,0
JPN,1996-01,841120600.0,A,6,0
JPN,1996-02,834384200.0,A,6,0
JPN,1996-03,844084100.0,A,6,0
JPN,1996-04,849074900.0,A,6,0
JPN,1996-05,848927900.0,A,6,0
JPN,1996-06,853404900.0,A,6,0
JPN,1996-07,858008800.0,A,6,0
JPN,1996-08,856578800.0,A,6,0
JPN,1996-09,854760500.0,A,6,0
JPN,1996-10,853335200.0,A,6,0
JPN,1996-11,854232800.0,A,6,0
JPN,1996-12,870181600.0,A,6,0
JPN,1997-01,866479900.0,A,6,0
JPN,1997-02,858434300.0,A,6,0
JPN,1997-03,866687300.0,A,6,0
JPN,1997-04,876220000.0,A,6,0
JPN,1997-05,875084200.0,A,6,0
JPN,1997-06,877843400.0,A,6,0
JPN,1997-07,884013400.0,A,6,0
JPN,1997-08,884069100.0,A,6,0
JPN,1997-09,879915500.0,A,6,0
JPN,1997-10,877911500.0,A,6,0
JPN,1997-11,881238700.0,A,6,0
JPN,1997-12,903065000.0,A,6,0
JPN,1998-01,905069000.0,A,6,0
JPN,1998-02,901382800.0,A,6,0
JPN,1998-03,905814900.0,A,6,0
JPN,1998-04,912235600.0,A,6,0
JPN,1998-05,913320400.0,A,6,0
JPN,1998-06,911984900.0,A,6,0
JPN,1998-07,919659100.0,A,6,0
JPN,1998-08,922118100.0,A,6,0
JPN,1998-09,917752500.0,A,6,0
JPN,1998-10,916010000.0,A,6,0
JPN,1998-11,923534100.0,A,6,0
JPN,1998-12,942469600.0,A,6,0
JPN,1999-01,941550400.0,A,6,0
JPN,1999-02,936415700.0,A,6,0
JPN,1999-03,943108700.0,A,6,0
JPN,1999-04,948173800.0,A,6,0
JPN,1999-05,950646800.0,A,6,0
JPN,1999-06,951488600.0,A,6,0
JPN,1999-07,956089400.0,A,6,0
JPN,1999-08,954161200.0,A,6,0
JPN,1999-09,947886000.0,A,6,0
JPN,1999-10,948789700.0,A,6,0
JPN,1999-11,950230500.0,A,6,0
JPN,1999-12,967370900.0,A,6,0
JPN,2000-01,965975000.0,A,6,0
JPN,2000-02,960266000.0,A,6,0
JPN,2000-03,963319000.0,A,6,0
JPN,2000-04,971498000.0,A,6,0
JPN,2000-05,969170000.0,A,6,0
JPN,2000-06,968117000.0,A,6,0
JPN,2000-07,971116000.0,A,6,0
JPN,2000-08,968954000.0,A,6,0
JPN,2000-09,966218000.0,A,6,0
JPN,2000-10,967781000.0,A,6,0
JPN,2000-11,967330000.0,A,6,0
JPN,2000-12,977762000.0,A,6,0
JPN,2001-01,978012000.0,A,6,0
JPN,2001-02,974366000.0,A,6,0
JPN,2001-03,976945000.0,A,6,0
JPN,2001-04,984526000.0,A,6,0
JPN,2001-05,983946000.0,A,6,0
JPN,2001-06,984079000.0,A,6,0
JPN,2001-07,987670000.0,A,6,0
JPN,2001-08,985401000.0,A,6,0
JPN,2001-09,983919000.0,A,6,0
JPN,2001-10,983888000.0,A,6,0
JPN,2001-11,984283000.0,A,6,0
JPN,2001-12,996465000.0,A,6,0
JPN,2002-01,997769000.0,A,6,0
JPN,2002-02,994165000.0,A,6,0
JPN,2002-03,997810000.0,A,6,0
JPN,2002-04,1004797000.0,A,6,0
JPN,2002-05,1003830000.0,A,6,0
JPN,2002-06,1003430000.0,A,6,0
JPN,2002-07,1006547000.0,A,6,0
JPN,2002-08,1004964000.0,A,6,0
JPN,2002-09,1002462000.0,A,6,0
JPN,2002-10,1002879000.0,A,6,0
JPN,2002-11,1002840000.0,A,6,0
JPN,2002-12,1009151000.0,A,6,0
JPN,2003-01,1009158000.0,A,6,0
JPN,2003-02,1005472000.0,A,6,0
JPN,2003-03,1007762000.0,A,6,0
JPN,2003-04,1012169000.0,A,6,0
JPN,2003-05,1012431000.0,A,6,0
JPN,2003-06,1013540000.0,A,6,0
JPN,2003-07,1018259000.0,A,6,0
JPN,2003-08,1017178000.0,A,6,0
JPN,2003-09,1012537000.0,A,6,0
JPN,2003-10,1010802000.0,A,6,0
JPN,2003-11,1010645000.0,A,6,0
JPN,2003-12,1018870000.0,A,6,0
JPN,2004-01,1020069000.0,A,6,0
JPN,2004-02,1016155000.0,A,6,0
JPN,2004-03,1017825000.0,A,6,0
JPN,2004-04,1024044000.0,A,6,0
JPN,2004-05,1024741000.0,A,6,0
JPN,2004-06,1024311000.0,A,6,0
JPN,2004-07,1029687000.0,A,6,0
JPN,2004-08,1028419000.0,A,6,0
JPN,2004-09,1024219000.0,A,6,0
JPN,2004-10,1021758000.0,A,6,0
JPN,2004-11,1021472000.0,A,6,0
JPN,2004-12,1028684000.0,A,6,0
JPN,2005-01,1029063000.0,A,6,0
JPN,2005-02,1023628000.0,A,6,0
JPN,2005-03,1026460000.0,A,6,0
JPN,2005-04,1030089000.0,A,6,0
JPN,2005-05,1027792000.0,A,6,0
JPN,2005-06,1027625000.0,A,6,0
JPN,2005-07,1032621000.0,A,6,0
JPN,2005-08,1030621000.0,A,6,0
JPN,2005-09,1029456000.0,A,6,0
JPN,2005-10,1026124000.0,A,6,0
JPN,2005-11,1026469000.0,A,6,0
JPN,2005-12,1032146000.0,A,6,0
JPN,2006-01,1031285000.0,A,6,0
JPN,2006-02,1024829000.0,A,6,0
JPN,2006-03,1025359000.0,A,6,0
JPN,2006-04,1031245000.0,A,6,0
JPN,2006-05,1026618000.0,A,6,0
JPN,2006-06,1025673000.0,A,6,0
JPN,2006-07,1025906000.0,A,6,0
JPN,2006-08,1023257000.0,A,6,0
JPN,2006-09,1022737000.0,A,6,0
JPN,2006-10,1019307000.0,A,6,0
JPN,2006-11,1019944000.0,A,6,0
JPN,2006-12,1026270000.0,A,6,0
JPN,2007-01,1026952000.0,A,6,0
JPN,2007-02,1021495000.0,A,6,0
JPN,2007-03,1022937000.0,A,6,0
JPN,2007-04,1029541000.0,A,6,0
JPN,2007-05,1026996000.0,A,6,0
JPN,2007-06,1029113000.0,A,6,0
JPN,2007-07,1030599000.0,A,6,0
JPN,2007-08,1026303000.0,A,6,0
JPN,2007-09,1025326000.0,A,6,0
JPN,2007-10,1025266000.0,A,6,0
JPN,2007-11,1026289000.0,A,6,0
JPN,2007-12,1033148000.0,A,6,0
JPN,2008-01,1034342000.0,A,6,0
JPN,2008-02,1030188000.0,A,6,0
JPN,2008-03,1030991000.0,A,6,0
JPN,2008-04,1034784000.0,A,6,0
JPN,2008-05,1033881000.0,A,6,0
JPN,2008-06,1038082000.0,A,6,0
JPN,2008-07,1038358000.0,A,6,0
JPN,2008-08,1036687000.0,A,6,0
JPN,2008-09,1034725000.0,A,6,0
JPN,2008-10,1030866000.0,A,6,0
JPN,2008-11,1032926000.0,A,6,0
JPN,2008-12,1040644000.0,A,6,0
JPN,2009-01,1043757000.0,A,6,0
JPN,2009-02,1042126000.0,A,6,0
JPN,2009-03,1044532000.0,A,6,0
JPN,2009-04,1052392000.0,A,6,0
JPN,2009-05,1052048000.0,A,6,0
JPN,2009-06,1055549000.0,A,6,0
JPN,2009-07,1058155000.0,A,6,0
JPN,2009-08,1057677000.0,A,6,0
JPN,2009-09,1056457000.0,A,6,0
JPN,2009-10,1055768000.0,A,6,0
JPN,2009-11,1057479000.0,A,6,0
JPN,2009-12,1063518000.0,A,6,0
JPN,2010-01,1066209000.0,A,6,0
JPN,2010-02,1062868000.0,A,6,0
JPN,2010-03,1064878000.0,A,6,0
JPN,2010-04,1074912000.0,A,6,0
JPN,2010-05,1076380000.0,A,6,0
JPN,2010-06,1078451000.0,A,6,0
JPN,2010-07,1079907000.0,A,6,0
JPN,2010-08,1079734000.0,A,6,0
JPN,2010-09,1078947000.0,A,6,0
JPN,2010-10,1078409000.0,A,6,0
JPN,2010-11,1078622000.0,A,6,0
JPN,2010-12,1082936000.0,A,6,0
JPN,2011-01,1085254000.0,A,6,0
JPN,2011-02,1082249000.0,A,6,0
JPN,2011-03,1085747000.0,A,6,0
JPN,2011-04,1097612000.0,A,6,0
JPN,2011-05,1099480000.0,A,6,0
JPN,2011-06,1102780000.0,A,6,0
JPN,2011-07,1105529000.0,A,6,0
JPN,2011-08,1103414000.0,A,6,0
JPN,2011-09,1103380000.0,A,6,0
JPN,2011-10,1103657000.0,A,6,0
JPN,2011-11,1105726000.0,A,6,0
JPN,2011-12,1111461000.0,A,6,0
JPN,2012-01,1113282000.0,A,6,0
JPN,2012-02,1109588000.0,A,6,0
JPN,2012-03,1113544000.0,A,6,0
JPN,2012-04,1122802000.0,A,6,0
JPN,2012-05,1120490000.0,A,6,0
JPN,2012-06,1124207000.0,A,6,0
JPN,2012-07,1126995000.0,A,6,0
JPN,2012-08,1126173000.0,A,6,0
JPN,2012-09,1126118000.0,A,6,0
JPN,2012-10,1125383000.0,A,6,0
JPN,2012-11,1126276000.0,A,6,0
JPN,2012-12,1135854000.0,A,6,0
JPN,2013-01,1138513000.0,A,6,0
JPN,2013-02,1136579000.0,A,6,0
JPN,2013-03,1141427000.0,A,6,0
JPN,2013-04,1151619000.0,A,6,0
JPN,2013-05,1151837000.0,A,6,0
JPN,2013-06,1158500000.0,A,6,0
JPN,2013-07,1160834000.0,A,6,0
JPN,2013-08,1160268000.0,A,6,0
JPN,2013-09,1161068000.0,A,6,0
JPN,2013-10,1162577000.0,A,6,0
JPN,2013-11,1165539000.0,A,6,0
JPN,2013-12,1174555000.0,A,6,0
JPN,2014-01,1177852000.0,A,6,0
JPN,2014-02,1172681000.0,A,6,0
JPN,2014-03,1173985000.0,A,6,0
JPN,2014-04,1183552000.0,A,6,0
JPN,2014-05,1182344000.0,A,6,0
JPN,2014-06,1187206000.0,A,6,0
JPN,2014-07,1189173000.0,A,6,0
JPN,2014-08,1188773000.0,A,6,0
JPN,2014-09,1190105000.0,A,6,0
JPN,2014-10,1192742000.0,A,6,0
JPN,2014-11,1199346000.0,A,6,0
JPN,2014-12,1208531000.0,A,6,0
JPN,2015-01,1210478000.0,A,6,0
JPN,2015-02,1206557000.0,A,6,0
JPN,2015-03,1209321000.0,A,6,0
JPN,2015-04,1219144000.0,A,6,0
JPN,2015-05,1221516000.0,A,6,0
JPN,2015-06,1224458000.0,A,6,0
JPN,2015-07,1227126000.0,A,6,0
JPN,2015-08,1228193000.0,A,6,0
JPN,2015-09,1226355000.0,A,6,0
JPN,2015-10,1227346000.0,A,6,0
JPN,2015-11,1231318000.0,A,6,0
JPN,2015-12,1238600000.0,A,6,0
JPN,2016-01,1241144000.0,A,6,0
JPN,2016-02,1236784000.0,A,6,0
JPN,2016-03,1239370000.0,A,6,0
JPN,2016-04,1252088000.0,A,6,0
JPN,2016-05,1255516000.0,A,6,0
JPN,2016-06,1259472000.0,A,6,0
JPN,2016-07,1262379000.0,A,6,0
JPN,2016-08,1262169000.0,A,6,0
JPN,2016-09,1262552000.0,A,6,0
JPN,2016-10,1264922000.0,A,6,0
JPN,2016-11,1271602000.0,A,6,0
JPN,2016-12,1280080000.0,A,6,0
JPN,2017-01,1283392000.0,A,6,0
JPN,2017-02,1280315000.0,A,6,0
JPN,2017-03,1283246000.0,A,6,0
JPN,2017-04,1293860000.0,A,6,0
JPN,2017-05,1296134000.0,A,6,0
JPN,2017-06,1301383000.0,A,6,0
JPN,2017-07,1304785000.0,A,6,0
JPN,2017-08,1304540000.0,A,6,0
JPN,2017-09,1305702000.0,A,6,0
JPN,2017-10,1308394000.0,A,6,0
JPN,2017-11,1314580000.0,A,6,0
JPN,2017-12,1319209000.0,A,6,0
JPN,2018-01,1320700000.0,A,6,0
JPN,2018-02,1315204000.0,A,6,0
JPN,2018-03,1316913000.0,A,6,0
JPN,2018-04,1329273000.0,A,6,0
JPN,2018-05,1331255000.0,A,6,0
JPN,2018-06,1336047000.0,A,6,0
JPN,2018-07,1337929000.0,A,6,0
JPN,2018-08,1337013000.0,A,6,0
JPN,2018-09,1337867000.0,A,6,0
JPN,2018-10,1338854000.0,A,6,0
JPN,2018-11,1341996000.0,A,6,0
JPN,2018-12,1346968000.0,A,6,0
JPN,2019-01,1347705000.0,A,6,0
JPN,2019-02,1342354000.0,A,6,0
JPN,2019-03,1344089000.0,A,6,0
JPN,2019-04,1356750000.0,A,6,0
JPN,2019-05,1360269000.0,A,6,0
JPN,2019-06,1361615000.0,A,6,0
JPN,2019-07,1363183000.0,A,6,0
JPN,2019-08,1362614000.0,A,6,0
JPN,2019-09,1363494000.0,A,6,0
JPN,2019-10,1364372000.0,A,6,0
JPN,2019-11,1370671000.0,A,6,0
JPN,2019-12,1376232000.0,A,6,0
JPN,2020-01,1377511000.0,A,6,0
JPN,2020-02,1374046000.0,A,6,0
JPN,2020-03,1379075000.0,A,6,0
JPN,2020-04,1397802000.0,A,6,0
JPN,2020-05,1417002000.0,A,6,0
JPN,2020-06,1442530000.0,A,6,0
JPN,2020-07,1452428000.0,A,6,0
JPN,2020-08,1459982000.0,A,6,0
JPN,2020-09,1465237000.0,A,6,0
JPN,2020-10,1467149000.0,A,6,0
JPN,2020-11,1474788000.0,A,6,0
JPN,2020-12,1481346000.0,A,6,0
JPN,2021-01,1486049000.0,A,6,0
JPN,2021-02,1484661000.0,A,6,0
JPN,2021-03,1489504000.0,A,6,0
JPN,2021-04,1508227000.0,A,6,0
JPN,2021-05,1514550000.0,A,6,0
JPN,2021-06,1517627000.0,A,6,0
JPN,2021-07,1519544000.0,A,6,0
JPN,2021-08,1519880000.0,A,6,0
JPN,2021-09,1520054000.0,A,6,0
JPN,2021-10,1521814000.0,A,6,0
JPN,2021-11,1526988000.0,A,6,0
JPN,2021-12,1530952000.0,A,6,0
JPN,2022-01,1534404000.0,A,6,0
JPN,2022-02,1531834000.0,A,6,0
JPN,2022-03,1535932000.0,A,6,0
JPN,2022-04,1555170000.0,A,6,0
JPN,2022-05,1557898000.0,A,6,0
JPN,2022-06,1562326000.0,A,6,0
JPN,2022-07,1564834000.0,A,6,0
JPN,2022-08,1564977000.0,A,6,0
JPN,2022-09,1563248000.0,A,6,0
JPN,2022-10,1561968000.0,A,6,0
JPN,2022-11,1567735000.0,A,6,0
JPN,2022-12,1569348000.0,A,6,0
JPN,2023-01,1569632000.0,A,6,0
JPN,2023-02,1564824000.0,A,6,0
JPN,2023-03,1568192000.0,A,6,0
JPN,2023-04,1587348000.0,A,6,0
JPN,2023-05,1590452000.0,A,6,0
JPN,2023-06,1594243000.0,A,6,0
JPN,2023-07,1594980000.0,A,6,0
JPN,2023-08,1594365000.0,A,6,0
JPN,2023-09,1591825000.0,A,6,0
JPN,2023-10,1590521000.0,A,6,0
JPN,2023-11,1594328000.0,A,6,0
JPN,2023-12,1596244000.0,A,6,0
JPN,2024-01,1598168000.0,A,6,0
JPN,2024-02,1592865000.0,A,6,0
JPN,2024-03,1597225000.0,A,6,0
JPN,2024-04,1612569000.0,A,6,0
JPN,2024-05,1610595000.0,A,6,0
JPN,2024-06,1609480000.0,A,6,0
JPN,2024-07,1610159000.0,A,6,0
JPN,2024-08,1607410000.0,A,6,0
JPN,2024-09,1603474000.0,A,6,0
JPN,2024-10,1601388000.0,A,6,0
JPN,2024-11,1605894000.0,A,6,0
JPN,2024-12,1609740000.0,A,6,0
JPN,2025-01,1610773000.0,A,6,0
JPN,2025-02,1603341000.0,A,6,0
JPN,2025-03,1602895000.0,A,6,0
JPN,2025-04,1614077000.0,A,6,0
JPN,2025-05,1614161000.0,A,6,0
JPN,2025-06,1615538000.0,A,6,0
JPN,2025-07,1619067000.0,A,6,0
JPN,2025-08,1620208000.0,A,6,0
JPN,2025-09,1619426000.0,A,6,0
JPN,2025-10,1618482000.0,A,6,0
JPN,2025-11,1624414000.0,A,6,0
JPN,2025-12,1627446000.0,A,6,0
JPN,2026-01,1627272000.0,A,6,0
JPN,2026-02,1622083000.0,A,6,0
JPN,2026-03,1625173000.0,A,6,0
JPN,2026-04,1640908000.0,A,6,0
JPN,2026-05,1642404000.0,A,6,0
NOR,1960-01,17025.95,A,6,0
NOR,1960-02,17208.39,A,6,0
NOR,1960-03,17074.86,A,6,0
NOR,1960-04,17359.94,A,6,0
NOR,1960-05,17128.76,A,6,0
NOR,1960-06,17511.58,A,6,0
NOR,1960-07,17470.67,A,6,0
NOR,1960-08,17653.21,A,6,0
NOR,1960-09,17564.76,A,6,0
NOR,1960-10,17884.21,A,6,0
NOR,1960-11,17943.03,A,6,0
NOR,1960-12,18444.03,A,6,0
NOR,1961-01,18145.31,A,6,0
NOR,1961-02,18356.24,A,6,0
NOR,1961-03,18243.6,A,6,0
NOR,1961-04,18548.86,A,6,0
NOR,1961-05,18312.41,A,6,0
NOR,1961-06,18625.88,A,6,0
NOR,1961-07,18579.1,A,6,0
NOR,1961-08,18634.31,A,6,0
NOR,1961-09,18536.2,A,6,0
NOR,1961-10,18743.01,A,6,0
NOR,1961-11,18588.44,A,6,0
NOR,1961-12,19470.87,A,6,0
NOR,1962-01,19258.31,A,6,0
NOR,1962-02,19394.61,A,6,0
NOR,1962-03,19233.73,A,6,0
NOR,1962-04,19803.77,A,6,0
NOR,1962-05,19552.86,A,6,0
NOR,1962-06,19845.82,A,6,0
NOR,1962-07,19861.14,A,6,0
NOR,1962-08,20040.79,A,6,0
NOR,1962-09,19965.5,A,6,0
NOR,1962-10,20328.56,A,6,0
NOR,1962-11,20086.04,A,6,0
NOR,1962-12,20925.81,A,6,0
NOR,1963-01,20501.0,A,6,0
NOR,1963-02,20622.19,A,6,0
NOR,1963-03,20529.17,A,6,0
NOR,1963-04,20830.97,A,6,0
NOR,1963-05,20715.31,A,6,0
NOR,1963-06,21033.55,A,6,0
NOR,1963-07,20992.95,A,6,0
NOR,1963-08,21246.58,A,6,0
NOR,1963-09,21162.6,A,6,0
NOR,1963-10,21461.2,A,6,0
NOR,1963-11,21376.35,A,6,0
NOR,1963-12,22260.08,A,6,0
NOR,1964-01,21991.6,A,6,0
NOR,1964-02,22073.71,A,6,0
NOR,1964-03,22185.53,A,6,0
NOR,1964-04,22463.14,A,6,0
NOR,1964-05,22453.87,A,6,0
NOR,1964-06,22663.01,A,6,0
NOR,1964-07,22756.9,A,6,0
NOR,1964-08,22938.19,A,6,0
NOR,1964-09,23020.25,A,6,0
NOR,1964-10,23346.37,A,6,0
NOR,1964-11,23209.01,A,6,0
NOR,1964-12,23975.47,A,6,0
NOR,1965-01,23938.69,A,6,0
NOR,1965-02,24167.45,A,6,0
NOR,1965-03,24054.8,A,6,0
NOR,1965-04,24300.27,A,6,0
NOR,1965-05,24279.58,A,6,0
NOR,1965-06,24845.62,A,6,0
NOR,1965-07,24866.82,A,6,0
NOR,1965-08,25208.75,A,6,0
NOR,1965-09,25126.76,A,6,0
NOR,1965-10,25391.59,A,6,0
NOR,1965-11,25268.9,A,6,0
NOR,1965-12,26444.75,A,6,0
NOR,1966-01,26284.15,A,6,0
NOR,1966-02,26519.59,A,6,0
NOR,1966-03,26099.69,A,6,0
NOR,1966-04,26376.38,A,6,0
NOR,1966-05,26483.63,A,6,0
NOR,1966-06,26881.38,A,6,0
NOR,1966-07,26892.65,A,6,0
NOR,1966-08,27387.08,A,6,0
NOR,1966-09,27387.33,A,6,0
NOR,1966-10,27682.97,A,6,0
NOR,1966-11,27400.95,A,6,0
NOR,1966-12,28632.31,A,6,0
NOR,1967-01,28235.81,A,6,0
NOR,1967-02,28735.52,A,6,0
NOR,1967-03,28473.93,A,6,0
NOR,1967-04,28663.59,A,6,0
NOR,1967-05,28711.73,A,6,0
NOR,1967-06,29476.62,A,6,0
NOR,1967-07,29335.85,A,6,0
NOR,1967-08,29769.32,A,6,0
NOR,1967-09,29943.27,A,6,0
NOR,1967-10,30321.23,A,6,0
NOR,1967-11,30228.7,A,6,0
NOR,1967-12,31170.76,A,6,0
NOR,1968-01,30838.77,A,6,0
NOR,1968-02,30945.13,A,6,0
NOR,1968-03,30840.23,A,6,0
NOR,1968-04,31504.16,A,6,0
NOR,1968-05,31371.47,A,6,0
NOR,1968-06,31982.53,A,6,0
NOR,1968-07,32126.25,A,6,0
NOR,1968-08,32486.53,A,6,0
NOR,1968-09,32734.44,A,6,0
NOR,1968-10,33318.65,A,6,0
NOR,1968-11,32934.79,A,6,0
NOR,1968-12,34651.34,A,6,0
NOR,1969-01,34575.79,A,6,0
NOR,1969-02,34915.92,A,6,0
NOR,1969-03,34651.47,A,6,0
NOR,1969-04,35241.67,A,6,0
NOR,1969-05,34898.26,A,6,0
NOR,1969-06,35943.14,A,6,0
NOR,1969-07,35685.74,A,6,0
NOR,1969-08,36064.05,A,6,0
NOR,1969-09,36780.29,A,6,0
NOR,1969-10,36803.32,A,6,0
NOR,1969-11,36365.53,A,6,0
NOR,1969-12,37771.58,A,6,0
NOR,1970-01,37587.94,A,6,0
NOR,1970-02,37843.0,A,6,0
NOR,1970-03,38209.66,A,6,0
NOR,1970-04,38768.71,A,6,0
NOR,1970-05,39020.21,A,6,0
NOR,1970-06,40224.58,A,6,0
NOR,1970-07,40301.49,A,6,0
NOR,1970-08,40488.23,A,6,0
NOR,1970-09,41028.97,A,6,0
NOR,1970-10,41465.3,A,6,0
NOR,1970-11,41506.18,A,6,0
NOR,1970-12,43193.49,A,6,0
NOR,1971-01,44585.65,A,6,0
NOR,1971-02,43968.76,A,6,0
NOR,1971-03,43841.57,A,6,0
NOR,1971-04,44726.61,A,6,0
NOR,1971-05,44415.18,A,6,0
NOR,1971-06,45785.92,A,6,0
NOR,1971-07,45642.43,A,6,0
NOR,1971-08,46138.77,A,6,0
NOR,1971-09,45710.85,A,6,0
NOR,1971-10,47001.09,A,6,0
NOR,1971-11,47007.19,A,6,0
NOR,1971-12,48208.71,A,6,0
NOR,1972-01,48894.87,A,6,0
NOR,1972-02,49320.24,A,6,0
NOR,1972-03,49090.75,A,6,0
NOR,1972-04,50058.23,A,6,0
NOR,1972-05,49556.5,A,6,0
NOR,1972-06,50770.77,A,6,0
NOR,1972-07,51140.08,A,6,0
NOR,1972-08,51293.4,A,6,0
NOR,1972-09,51140.99,A,6,0
NOR,1972-10,51756.81,A,6,0
NOR,1972-11,51393.58,A,6,0
NOR,1972-12,53884.82,A,6,0
NOR,1973-01,54044.0,A,6,0
NOR,1973-02,54927.44,A,6,0
NOR,1973-03,54362.68,A,6,0
NOR,1973-04,55982.7,A,6,0
NOR,1973-05,55430.92,A,6,0
NOR,1973-06,57355.51,A,6,0
NOR,1973-07,57401.55,A,6,0
NOR,1973-08,57362.74,A,6,0
NOR,1973-09,57366.11,A,6,0
NOR,1973-10,57719.53,A,6,0
NOR,1973-11,57279.97,A,6,0
NOR,1973-12,60344.72,A,6,0
NOR,1974-01,60777.77,A,6,0
NOR,1974-02,61702.95,A,6,0
NOR,1974-03,60538.94,A,6,0
NOR,1974-04,61663.95,A,6,0
NOR,1974-05,60967.64,A,6,0
NOR,1974-06,62917.25,A,6,0
NOR,1974-07,62859.39,A,6,0
NOR,1974-08,63345.68,A,6,0
NOR,1974-09,63713.8,A,6,0
NOR,1974-10,65402.33,A,6,0
NOR,1974-11,64169.92,A,6,0
NOR,1974-12,66993.79,A,6,0
NOR,1975-01,67394.0,A,6,0
NOR,1975-02,68568.0,A,6,0
NOR,1975-03,67944.0,A,6,0
NOR,1975-04,68282.0,A,6,0
NOR,1975-05,68185.0,A,6,0
NOR,1975-06,71646.0,A,6,0
NOR,1975-07,71842.0,A,6,0
NOR,1975-08,72797.0,A,6,0
NOR,1975-09,73378.0,A,6,0
NOR,1975-10,74884.0,A,6,0
NOR,1975-11,73688.0,A,6,0
NOR,1975-12,76748.0,A,6,0
NOR,1976-01,78716.0,A,6,0
NOR,1976-02,79285.0,A,6,0
NOR,1976-03,78747.0,A,6,0
NOR,1976-04,80615.0,A,6,0
NOR,1976-05,80261.0,A,6,0
NOR,1976-06,83439.0,A,6,0
NOR,1976-07,84013.0,A,6,0
NOR,1976-08,84282.0,A,6,0
NOR,1976-09,84018.0,A,6,0
NOR,1976-10,87040.0,A,6,0
NOR,1976-11,85304.0,A,6,0
NOR,1976-12,90209.0,A,6,0
NOR,1977-01,92468.0,A,6,0
NOR,1977-02,92516.0,A,6,0
NOR,1977-03,94390.0,A,6,0
NOR,1977-04,94501.0,A,6,0
NOR,1977-05,93310.0,A,6,0
NOR,1977-06,97888.0,A,6,0
NOR,1977-07,98465.0,A,6,0
NOR,1977-08,99654.0,A,6,0
NOR,1977-09,99924.0,A,6,0
NOR,1977-10,103426.0,A,6,0
NOR,1977-11,100177.0,A,6,0
NOR,1977-12,105782.0,A,6,0
NOR,1978-01,107471.0,A,6,0
NOR,1978-02,106319.0,A,6,0
NOR,1978-03,107098.0,A,6,0
NOR,1978-04,106870.0,A,6,0
NOR,1978-05,107645.0,A,6,0
NOR,1978-06,109625.0,A,6,0
NOR,1978-07,110360.0,A,6,0
NOR,1978-08,110859.0,A,6,0
NOR,1978-09,111000.0,A,6,0
NOR,1978-10,114029.0,A,6,0
NOR,1978-11,112374.0,A,6,0
NOR,1978-12,117791.0,A,6,0
NOR,1979-01,119802.0,A,6,0
NOR,1979-02,119537.0,A,6,0
NOR,1979-03,119578.0,A,6,0
NOR,1979-04,121602.0,A,6,0
NOR,1979-05,119360.0,A,6,0
NOR,1979-06,123918.0,A,6,0
NOR,1979-07,124978.0,A,6,0
NOR,1979-08,124977.0,A,6,0
NOR,1979-09,127073.0,A,6,0
NOR,1979-10,129168.0,A,6,0
NOR,1979-11,127136.0,A,6,0
NOR,1979-12,133402.0,A,6,0
NOR,1980-01,135761.0,A,6,0
NOR,1980-02,134492.0,A,6,0
NOR,1980-03,135105.0,A,6,0
NOR,1980-04,134879.0,A,6,0
NOR,1980-05,135578.0,A,6,0
NOR,1980-06,138819.0,A,6,0
NOR,1980-07,139552.0,A,6,0
NOR,1980-08,141093.0,A,6,0
NOR,1980-09,142331.0,A,6,0
NOR,1980-10,144798.0,A,6,0
NOR,1980-11,142834.0,A,6,0
NOR,1980-12,151274.0,A,6,0
NOR,1981-01,155471.0,A,6,0
NOR,1981-02,154065.0,A,6,0
NOR,1981-03,151830.0,A,6,0
NOR,1981-04,154377.0,A,6,0
NOR,1981-05,152212.0,A,6,0
NOR,1981-06,156997.0,A,6,0
NOR,1981-07,157895.0,A,6,0
NOR,1981-08,158679.0,A,6,0
NOR,1981-09,161717.0,A,6,0
NOR,1981-10,162693.0,A,6,0
NOR,1981-11,159439.0,A,6,0
NOR,1981-12,168045.0,A,6,0
NOR,1982-01,172144.0,A,6,0
NOR,1982-02,169795.0,A,6,0
NOR,1982-03,172477.0,A,6,0
NOR,1982-04,171055.0,A,6,0
NOR,1982-05,170968.0,A,6,0
NOR,1982-06,174431.0,A,6,0
NOR,1982-07,175197.0,A,6,0
NOR,1982-08,174075.0,A,6,0
NOR,1982-09,177011.0,A,6,0
NOR,1982-10,177497.0,A,6,0
NOR,1982-11,173882.0,A,6,0
NOR,1982-12,185472.0,A,6,0
NOR,1983-01,187258.0,A,6,0
NOR,1983-02,188958.0,A,6,0
NOR,1983-03,187401.0,A,6,0
NOR,1983-04,185374.0,A,6,0
NOR,1983-05,183686.0,A,6,0
NOR,1983-06,189668.0,A,6,0
NOR,1983-07,193250.0,A,6,0
NOR,1983-08,190698.0,A,6,0
NOR,1983-09,192311.0,A,6,0
NOR,1983-10,194769.0,A,6,0
NOR,1983-11,191288.0,A,6,0
NOR,1983-12,203460.0,A,6,0
NOR,1984-01,206676.0,A,6,0
NOR,1984-02,208670.0,A,6,0
NOR,1984-03,209213.0,A,6,0
NOR,1984-04,209581.0,A,6,0
NOR,1984-05,206709.0,A,6,0
NOR,1984-06,213603.0,A,6,0
NOR,1984-07,215342.0,A,6,0
NOR,1984-08,214939.0,A,6,0
NOR,1984-09,222779.0,A,6,0
NOR,1984-10,225137.0,A,6,0
NOR,1984-11,223622.0,A,6,0
NOR,1984-12,244765.0,A,6,0
NOR,1985-01,243068.0,A,6,0
NOR,1985-02,243962.0,A,6,0
NOR,1985-03,246798.0,A,6,0
NOR,1985-04,240747.0,A,6,0
NOR,1985-05,239656.0,A,6,0
NOR,1985-06,247923.0,A,6,0
NOR,1985-07,249870.0,A,6,0
NOR,1985-08,251247.0,A,6,0
NOR,1985-09,256820.0,A,6,0
NOR,1985-10,259107.0,A,6,0
NOR,1985-11,256587.0,A,6,0
NOR,1985-12,278449.0,A,6,0
NOR,1986-01,274876.0,A,6,0
NOR,1986-02,273973.0,A,6,0
NOR,1986-03,272675.0,A,6,0
NOR,1986-04,267831.0,A,6,0
NOR,1986-05,264255.0,A,6,0
NOR,1986-06,272867.0,A,6,0
NOR,1986-07,268965.0,A,6,0
NOR,1986-08,268808.0,A,6,0
NOR,1986-09,268234.0,A,6,0
NOR,1986-10,276545.0,A,6,0
NOR,1986-11,271796.0,A,6,0
NOR,1986-12,284127.0,A,6,0
NOR,1987-01,286128.0,A,6,0
NOR,1987-02,293441.0,A,6,0
NOR,1987-03,288895.0,A,6,0
NOR,1987-04,291404.0,A,6,0
NOR,1987-05,279809.0,A,6,0
NOR,1987-06,294553.0,A,6,0
NOR,1987-07,295701.0,A,6,0
NOR,1987-08,297311.0,A,6,0
NOR,1987-09,298528.0,A,6,0
NOR,1987-10,315012.0,A,6,0
NOR,1987-11,314589.0,A,6,0
NOR,1987-12,328606.0,A,6,0
NOR,1988-01,345753.0,A,6,0
NOR,1988-02,345788.0,A,6,0
NOR,1988-03,346005.0,A,6,0
NOR,1988-04,342753.0,A,6,0
NOR,1988-05,334667.0,A,6,0
NOR,1988-06,345927.0,A,6,0
NOR,1988-07,337153.0,A,6,0
NOR,1988-08,334148.0,A,6,0
NOR,1988-09,337243.0,A,6,0
NOR,1988-10,344642.0,A,6,0
NOR,1988-11,327110.0,A,6,0
NOR,1988-12,345081.0,A,6,0
NOR,1989-01,351401.0,A,6,0
NOR,1989-02,353228.0,A,6,0
NOR,1989-03,348937.0,A,6,0
NOR,1989-04,351708.0,A,6,0
NOR,1989-05,351902.0,A,6,0
NOR,1989-06,361023.0,A,6,0
NOR,1989-07,355362.0,A,6,0
NOR,1989-08,362935.0,A,6,0
NOR,1989-09,360431.0,A,6,0
NOR,1989-10,368914.0,A,6,0
NOR,1989-11,363739.0,A,6,0
NOR,1989-12,374771.0,A,6,0
NOR,1990-01,378619.0,A,6,0
NOR,1990-02,385295.0,A,6,0
NOR,1990-03,380828.0,A,6,0
NOR,1990-04,378683.0,A,6,0
NOR,1990-05,373155.0,A,6,0
NOR,1990-06,389588.0,A,6,0
NOR,1990-07,380355.0,A,6,0
NOR,1990-08,384949.0,A,6,0
NOR,1990-09,386322.0,A,6,0
NOR,1990-10,387303.0,A,6,0
NOR,1990-11,379245.0,A,6,0
NOR,1990-12,395097.0,A,6,0
NOR,1991-01,401633.0,A,6,0
NOR,1991-02,409044.0,A,6,0
NOR,1991-03,403016.0,A,6,0
NOR,1991-04,399183.0,A,6,0
NOR,1991-05,390402.0,A,6,0
NOR,1991-06,400340.0,A,6,0
NOR,1991-07,394124.0,A,6,0
NOR,1991-08,399207.0,A,6,0
NOR,1991-09,428314.0,B,6,0
NOR,1991-10,423440.0,A,6,0
NOR,1991-11,420932.0,A,6,0
NOR,1991-12,442720.0,A,6,0
NOR,1992-01,444715.0,A,6,0
NOR,1992-02,455266.0,A,6,0
NOR,1992-03,434777.0,A,6,0
NOR,1992-04,437158.0,A,6,0
NOR,1992-05,433506.0,A,6,0
NOR,1992-06,441871.0,A,6,0
NOR,1992-07,437692.0,A,6,0
NOR,1992-08,447440.0,A,6,0
NOR,1992-09,449458.0,A,6,0
NOR,1992-10,455580.0,A,6,0
NOR,1992-11,450987.0,A,6,0
NOR,1992-12,478400.0,B,6,0
NOR,1993-01,474500.0,A,6,0
NOR,1993-02,479500.0,A,6,0
NOR,1993-03,466000.0,A,6,0
NOR,1993-04,467600.0,A,6,0
NOR,1993-05,460600.0,A,6,0
NOR,1993-06,477200.0,A,6,0
NOR,1993-07,467600.0,A,6,0
NOR,1993-08,473300.0,A,6,0
NOR,1993-09,471500.0,A,6,0
NOR,1993-10,472900.0,A,6,0
NOR,1993-11,462800.0,A,6,0
NOR,1993-12,473800.0,A,6,0
NOR,1994-01,479000.0,A,6,0
NOR,1994-02,482600.0,A,6,0
NOR,1994-03,483300.0,A,6,0
NOR,1994-04,478900.0,A,6,0
NOR,1994-05,475900.0,A,6,0
NOR,1994-06,495000.0,A,6,0
NOR,1994-07,484100.0,A,6,0
NOR,1994-08,488100.0,A,6,0
NOR,1994-09,493500.0,A,6,0
NOR,1994-10,492200.0,A,6,0
NOR,1994-11,486900.0,A,6,0
NOR,1994-12,496200.0,A,6,0
NOR,1995-01,497800.0,A,6,0
NOR,1995-02,508400.0,A,6,0
NOR,1995-03,499800.0,A,6,0
NOR,1995-04,503000.0,A,6,0
NOR,1995-05,499000.0,A,6,0
NOR,1995-06,515200.0,A,6,0
NOR,1995-07,507100.0,A,6,0
NOR,1995-08,513400.0,A,6,0
NOR,1995-09,511300.0,A,6,0
NOR,1995-10,535200.0,A,6,0
NOR,1995-11,525200.0,A,6,0
NOR,1995-12,542573.0,A,6,0
NOR,1996-01,553320.0,A,6,0
NOR,1996-02,571288.0,A,6,0
NOR,1996-03,566049.0,A,6,0
NOR,1996-04,561561.0,A,6,0
NOR,1996-05,555512.0,A,6,0
NOR,1996-06,571579.0,A,6,0
NOR,1996-07,566367.0,A,6,0
NOR,1996-08,561309.0,A,6,0
NOR,1996-09,565099.0,A,6,0
NOR,1996-10,574016.0,A,6,0
NOR,1996-11,562184.0,A,6,0
NOR,1996-12,575545.0,A,6,0
NOR,1997-01,575926.0,A,6,0
NOR,1997-02,573984.0,A,6,0
NOR,1997-03,567362.0,A,6,0
NOR,1997-04,563283.0,A,6,0
NOR,1997-05,562911.0,A,6,0
NOR,1997-06,585438.0,A,6,0
NOR,1997-07,582791.0,A,6,0
NOR,1997-08,584268.0,A,6,0
NOR,1997-09,595773.0,A,6,0
NOR,1997-10,597451.0,A,6,0
NOR,1997-11,587151.0,A,6,0
NOR,1997-12,590112.0,A,6,0
NOR,1998-01,607909.0,A,6,0
NOR,1998-02,612905.0,A,6,0
NOR,1998-03,605848.0,A,6,0
NOR,1998-04,598966.0,A,6,0
NOR,1998-05,607423.0,A,6,0
NOR,1998-06,617539.0,A,6,0
NOR,1998-07,614448.0,A,6,0
NOR,1998-08,610743.0,A,6,0
NOR,1998-09,613263.0,A,6,0
NOR,1998-10,613441.0,A,6,0
NOR,1998-11,603736.0,A,6,0
NOR,1998-12,616917.0,A,6,0
NOR,1999-01,635505.0,A,6,0
NOR,1999-02,633519.0,A,6,0
NOR,1999-03,633347.0,A,6,0
NOR,1999-04,626774.0,A,6,0
NOR,1999-05,626282.0,A,6,0
NOR,1999-06,657436.0,A,6,0
NOR,1999-07,662444.0,A,6,0
NOR,1999-08,660399.0,A,6,0
NOR,1999-09,658428.0,A,6,0
NOR,1999-10,677589.0,A,6,0
NOR,1999-11,662615.0,A,6,0
NOR,1999-12,683852.0,A,6,0
NOR,2000-01,690065.0,A,6,0
NOR,2000-02,697557.0,A,6,0
NOR,2000-03,698573.0,A,6,0
NOR,2000-04,697715.0,A,6,0
NOR,2000-05,704196.0,A,6,0
NOR,2000-06,731207.0,A,6,0
NOR,2000-07,730308.0,A,6,0
NOR,2000-08,733267.0,A,6,0
NOR,2000-09,748661.0,A,6,0
NOR,2000-10,742018.0,A,6,0
NOR,2000-11,739747.0,A,6,0
NOR,2000-12,753269.0,A,6,0
NOR,2001-01,771650.0,A,6,0
NOR,2001-02,778347.0,A,6,0
NOR,2001-03,775201.0,A,6,0
NOR,2001-04,763789.0,A,6,0
NOR,2001-05,779954.0,A,6,0
NOR,2001-06,799197.0,A,6,0
NOR,2001-07,797965.0,A,6,0
NOR,2001-08,797572.0,A,6,0
NOR,2001-09,802291.0,A,6,0
NOR,2001-10,807131.0,A,6,0
NOR,2001-11,798434.0,A,6,0
NOR,2001-12,818858.0,A,6,0
NOR,2002-01,845340.0,A,6,0
NOR,2002-02,837457.0,A,6,0
NOR,2002-03,838755.0,A,6,0
NOR,2002-04,826710.0,A,6,0
NOR,2002-05,833001.0,A,6,0
NOR,2002-06,872471.0,A,6,0
NOR,2002-07,864889.0,A,6,0
NOR,2002-08,853982.0,A,6,0
NOR,2002-09,848151.0,A,6,0
NOR,2002-10,872164.0,A,6,0
NOR,2002-11,856704.0,A,6,0
NOR,2002-12,882915.0,A,6,0
NOR,2003-01,894590.0,A,6,0
NOR,2003-02,887136.0,A,6,0
NOR,2003-03,883091.0,A,6,0
NOR,2003-04,874286.0,A,6,0
NOR,2003-05,881510.0,A,6,0
NOR,2003-06,902793.0,A,6,0
NOR,2003-07,902880.0,A,6,0
NOR,2003-08,899380.0,A,6,0
NOR,2003-09,887723.0,A,6,0
NOR,2003-10,900656.0,A,6,0
NOR,2003-11,888003.0,A,6,0
NOR,2003-12,904218.0,A,6,0
NOR,2004-01,911670.0,A,6,0
NOR,2004-02,909617.0,A,6,0
NOR,2004-03,920117.0,A,6,0
NOR,2004-04,917122.0,A,6,0
NOR,2004-05,922824.0,A,6,0
NOR,2004-06,952455.0,A,6,0
NOR,2004-07,946618.0,A,6,0
NOR,2004-08,932924.0,A,6,0
NOR,2004-09,938631.0,A,6,0
NOR,2004-10,942564.0,A,6,0
NOR,2004-11,966683.0,A,6,0
NOR,2004-12,972013.0,A,6,0
NOR,2005-01,975954.0,A,6,0
NOR,2005-02,985438.0,A,6,0
NOR,2005-03,1006786.0,A,6,0
NOR,2005-04,998922.0,A,6,0
NOR,2005-05,1004998.0,A,6,0
NOR,2005-06,1043191.0,A,6,0
NOR,2005-07,1045278.0,A,6,0
NOR,2005-08,1034986.0,A,6,0
NOR,2005-09,1055341.0,A,6,0
NOR,2005-10,1053187.0,A,6,0
NOR,2005-11,1066362.0,A,6,0
NOR,2005-12,1085330.0,A,6,0
NOR,2006-01,1086171.0,A,6,0
NOR,2006-02,1089637.0,A,6,0
NOR,2006-03,1106703.0,A,6,0
NOR,2006-04,1104929.0,A,6,0
NOR,2006-05,1115303.0,A,6,0
NOR,2006-06,1170037.0,A,6,0
NOR,2006-07,1164650.0,A,6,0
NOR,2006-08,1157299.0,A,6,0
NOR,2006-09,1176786.0,A,6,0
NOR,2006-10,1180541.0,A,6,0
NOR,2006-11,1194718.0,A,6,0
NOR,2006-12,1233749.0,A,6,0
NOR,2007-01,1242972.0,A,6,0
NOR,2007-02,1255829.0,A,6,0
NOR,2007-03,1292896.0,A,6,0
NOR,2007-04,1268715.0,A,6,0
NOR,2007-05,1302979.0,A,6,0
NOR,2007-06,1354494.0,A,6,0
NOR,2007-07,1362483.0,A,6,0
NOR,2007-08,1357655.0,A,6,0
NOR,2007-09,1376246.0,A,6,0
NOR,2007-10,1387416.0,A,6,0
NOR,2007-11,1382487.0,A,6,0
NOR,2007-12,1440205.0,A,6,0
NOR,2008-01,1357602.0,A,6,0
NOR,2008-02,1355625.0,A,6,0
NOR,2008-03,1353574.0,A,6,0
NOR,2008-04,1356578.0,A,6,0
NOR,2008-05,1348414.0,A,6,0
NOR,2008-06,1387703.0,A,6,0
NOR,2008-07,1386706.0,A,6,0
NOR,2008-08,1379221.0,A,6,0
NOR,2008-09,1376189.0,A,6,0
NOR,2008-10,1402919.0,A,6,0
NOR,2008-11,1393035.0,A,6,0
NOR,2008-12,1415226.0,A,6,0
NOR,2009-01,1420104.0,A,6,0
NOR,2009-02,1412395.0,A,6,0
NOR,2009-03,1411702.0,A,6,0
NOR,2009-04,1403810.0,A,6,0
NOR,2009-05,1415435.0,A,6,0
NOR,2009-06,1446750.0,A,6,0
NOR,2009-07,1444405.0,A,6,0
NOR,2009-08,1414230.0,A,6,0
NOR,2009-09,1407728.0,A,6,0
NOR,2009-10,1422408.0,A,6,0
NOR,2009-11,1399812.0,A,6,0
NOR,2009-12,1430948.0,A,6,0
NOR,2010-01,1431913.0,A,6,0
NOR,2010-02,1424916.0,A,6,0
NOR,2010-03,1420543.0,A,6,0
NOR,2010-04,1418621.0,A,6,0
NOR,2010-05,1416252.0,A,6,0
NOR,2010-06,1470973.0,A,6,0
NOR,2010-07,1483238.0,A,6,0
NOR,2010-08,1467778.0,A,6,0
NOR,2010-09,1465980.0,A,6,0
NOR,2010-10,1493112.0,A,6,0
NOR,2010-11,1499841.0,A,6,0
NOR,2010-12,1522561.0,A,6,0
NOR,2011-01,1545923.0,A,6,0
NOR,2011-02,1537749.0,A,6,0
NOR,2011-03,1534015.0,A,6,0
NOR,2011-04,1545153.0,A,6,0
NOR,2011-05,1556699.0,A,6,0
NOR,2011-06,1582072.0,A,6,0
NOR,2011-07,1592392.0,A,6,0
NOR,2011-08,1570061.0,A,6,0
NOR,2011-09,1591968.0,A,6,0
NOR,2011-10,1614291.0,A,6,0
NOR,2011-11,1609575.0,A,6,0
NOR,2011-12,1619462.0,A,6,0
NOR,2012-01,1637642.0,A,6,0
NOR,2012-02,1633916.0,A,6,0
NOR,2012-03,1638884.0,A,6,0
NOR,2012-04,1630784.0,A,6,0
NOR,2012-05,1615756.0,A,6,0
NOR,2012-06,1679981.0,A,6,0
NOR,2012-07,1683127.0,A,6,0
NOR,2012-08,1658117.0,A,6,0
NOR,2012-09,1671913.0,A,6,0
NOR,2012-10,1681287.0,A,6,0
NOR,2012-11,1693920.0,A,6,0
NOR,2012-12,1691857.0,A,6,0
NOR,2013-01,1714276.0,A,6,0
NOR,2013-02,1696107.0,A,6,0
NOR,2013-03,1701744.0,A,6,0
NOR,2013-04,1697968.0,A,6,0
NOR,2013-05,1711766.0,A,6,0
NOR,2013-06,1758723.0,A,6,0
NOR,2013-07,1769603.0,A,6,0
NOR,2013-08,1761405.0,A,6,0
NOR,2013-09,1741281.0,A,6,0
NOR,2013-10,1757624.0,A,6,0
NOR,2013-11,1768769.0,A,6,0
NOR,2013-12,1809732.0,A,6,0
NOR,2014-01,1820574.0,A,6,0
NOR,2014-02,1806864.0,A,6,0
NOR,2014-03,1812437.0,A,6,0
NOR,2014-04,1816421.0,A,6,0
NOR,2014-05,1815887.0,A,6,0
NOR,2014-06,1889705.0,A,6,0
NOR,2014-07,1878106.0,A,6,0
NOR,2014-08,1874904.0,A,6,0
NOR,2014-09,1863866.0,A,6,0
NOR,2014-10,1871448.0,A,6,0
NOR,2014-11,1889118.0,A,6,0
NOR,2014-12,1924758.0,A,6,0
NOR,2015-01,1936780.0,A,6,0
NOR,2015-02,1910155.0,A,6,0
NOR,2015-03,1940398.0,A,6,0
NOR,2015-04,1855876.0,A,6,0
NOR,2015-05,1872191.0,A,6,0
NOR,2015-06,1928411.0,A,6,0
NOR,2015-07,1937072.0,A,6,0
NOR,2015-08,1894208.0,A,6,0
NOR,2015-09,1903524.0,A,6,0
NOR,2015-10,1923402.0,A,6,0
NOR,2015-11,1914379.0,A,6,0
NOR,2015-12,1928549.0,A,6,0
NOR,2016-01,1935864.0,A,6,0
NOR,2016-02,1935996.0,A,6,0
NOR,2016-03,1943085.0,A,6,0
NOR,2016-04,1955108.0,A,6,0
NOR,2016-05,1933179.0,A,6,0
NOR,2016-06,2017316.0,A,6,0
NOR,2016-07,2025537.0,A,6,0
NOR,2016-08,2002087.0,A,6,0
NOR,2016-09,2025697.0,A,6,0
NOR,2016-10,2036362.0,A,6,0
NOR,2016-11,2035626.0,A,6,0
NOR,2016-12,2025335.0,A,6,0
NOR,2017-01,2054009.0,A,6,0
NOR,2017-02,2055911.0,A,6,0
NOR,2017-03,2084040.0,A,6,0
NOR,2017-04,2092567.0,A,6,0
NOR,2017-05,2068495.0,A,6,0
NOR,2017-06,2150447.0,A,6,0
NOR,2017-07,2163234.0,A,6,0
NOR,2017-08,2118522.0,A,6,0
NOR,2017-09,2143091.0,A,6,0
NOR,2017-10,2163765.0,A,6,0
NOR,2017-11,2161594.0,A,6,0
NOR,2017-12,2148119.0,A,6,0
NOR,2018-01,2187510.0,A,6,0
NOR,2018-02,2163383.0,A,6,0
NOR,2018-03,2198006.0,A,6,0
NOR,2018-04,2220637.0,A,6,0
NOR,2018-05,2215648.0,A,6,0
NOR,2018-06,2286645.0,A,6,0
NOR,2018-07,2285436.0,A,6,0
NOR,2018-08,2250161.0,A,6,0
NOR,2018-09,2258381.0,A,6,0
NOR,2018-10,2254013.0,A,6,0
NOR,2018-11,2267358.0,A,6,0
NOR,2018-12,2259471.0,A,6,0
NOR,2019-01,2275888.0,A,6,0
NOR,2019-02,2267876.0,A,6,0
NOR,2019-03,2295245.0,A,6,0
NOR,2019-04,2284154.0,A,6,0
NOR,2019-05,2304308.0,A,6,0
NOR,2019-06,2364759.0,A,6,0
NOR,2019-07,2383680.0,A,6,0
NOR,2019-08,2377361.0,A,6,0
NOR,2019-09,2356788.0,A,6,0
NOR,2019-10,2360845.0,A,6,0
NOR,2019-11,2372064.0,A,6,0
NOR,2019-12,2351436.0,A,6,0
NOR,2020-01,2371724.0,A,6,0
NOR,2020-02,2367509.0,A,6,0
NOR,2020-03,2496256.0,A,6,0
NOR,2020-04,2529191.0,A,6,0
NOR,2020-05,2556772.0,A,6,0
NOR,2020-06,2578947.0,A,6,0
NOR,2020-07,2630937.0,A,6,0
NOR,2020-08,2593666.0,A,6,0
NOR,2020-09,2618728.0,A,6,0
NOR,2020-10,2638909.0,A,6,0
NOR,2020-11,2657931.0,A,6,0
NOR,2020-12,2635313.0,A,6,0
NOR,2021-01,2677712.0,A,6,0
NOR,2021-02,2705919.0,A,6,0
NOR,2021-03,2732674.0,A,6,0
NOR,2021-04,2754680.0,A,6,0
NOR,2021-05,2787880.0,A,6,0
NOR,2021-06,2868904.0,A,6,0
NOR,2021-07,2908858.0,A,6,0
NOR,2021-08,2866759.0,A,6,0
NOR,2021-09,2888532.0,A,6,0
NOR,2021-10,2871140.0,A,6,0
NOR,2021-11,2931142.0,A,6,0
NOR,2021-12,2911604.0,A,6,0
NOR,2022-01,2972712.0,A,6,0
NOR,2022-02,2921591.0,A,6,0
NOR,2022-03,3008094.0,A,6,0
NOR,2022-04,2996230.0,A,6,0
NOR,2022-05,3033769.0,A,6,0
NOR,2022-06,3118728.0,A,6,0
NOR,2022-07,3137555.0,A,6,0
NOR,2022-08,3087257.0,A,6,0
NOR,2022-09,3156242.0,A,6,0
NOR,2022-10,3074663.0,A,6,0
NOR,2022-11,3116437.0,A,6,0
NOR,2022-12,3073102.0,A,6,0
NOR,2023-01,3152495.0,A,6,0
NOR,2023-02,3081019.0,A,6,0
NOR,2023-03,3164937.0,A,6,0
NOR,2023-04,3110355.0,A,6,0
NOR,2023-05,3147050.0,A,6,0
NOR,2023-06,3059532.0,A,6,0
NOR,2023-07,3118299.0,A,6,0
NOR,2023-08,3064941.0,A,6,0
NOR,2023-09,3111166.0,A,6,0
NOR,2023-10,3089799.0,A,6,0
NOR,2023-11,3129720.0,A,6,0
NOR,2023-12,3086819.0,A,6,0
NOR,2024-01,3113682.0,A,6,0
NOR,2024-02,3056848.0,A,6,0
NOR,2024-03,3125761.0,A,6,0
NOR,2024-04,3117358.0,A,6,0
NOR,2024-05,3194337.0,A,6,0
NOR,2024-06,3234834.0,A,6,0
NOR,2024-07,3233051.0,A,6,0
NOR,2024-08,3217269.0,A,6,0
NOR,2024-09,3188301.0,A,6,0
NOR,2024-10,3211517.0,A,6,0
NOR,2024-11,3266973.0,A,6,0
NOR,2024-12,3192854.0,A,6,0
NOR,2025-01,3263140.0,A,6,0
NOR,2025-02,3242025.0,A,6,0
NOR,2025-03,3315884.0,A,6,0
NOR,2025-04,3319069.0,A,6,0
NOR,2025-05,3388001.0,A,6,0
NOR,2025-06,3422154.0,A,6,0
NOR,2025-07,3455340.0,A,6,0
NOR,2025-08,3444530.0,A,6,0
NOR,2025-09,3401766.0,A,6,0
NOR,2025-10,3407712.0,A,6,0
NOR,2025-11,3446578.0,A,6,0
NOR,2025-12,3422209.0,A,6,0
NOR,2026-01,3474844.0,A,6,0
NOR,2026-02,3498759.0,A,6,0
NOR,2026-03,3566837.0,A,6,0
NOR,2026-04,3575900.0,A,6,0
NOR,2026-05,3611682.0,A,6,0
USA,1960-01,301500.0,A,6,0
USA,1960-02,298500.0,A,6,0
USA,1960-03,298200.0,A,6,0
USA,1960-04,300300.0,A,6,0
USA,1960-05,298900.0,A,6,0
USA,1960-06,300900.0,A,6,0
USA,1960-07,303500.0,A,6,0
USA,1960-08,305200.0,A,6,0
USA,1960-09,307800.0,A,6,0
USA,1960-10,309900.0,A,6,0
USA,1960-11,311700.0,A,6,0
USA,1960-12,315300.0,A,6,0
USA,1961-01,317500.0,A,6,0
USA,1961-02,316600.0,A,6,0
USA,1961-03,317200.0,A,6,0
USA,1961-04,320200.0,A,6,0
USA,1961-05,320000.0,A,6,0
USA,1961-06,322700.0,A,6,0
USA,1961-07,324900.0,A,6,0
USA,1961-08,325800.0,A,6,0
USA,1961-09,328800.0,A,6,0
USA,1961-10,331500.0,A,6,0
USA,1961-11,334100.0,A,6,0
USA,1961-12,338500.0,A,6,0
USA,1962-01,341100.0,A,6,0
USA,1962-02,340300.0,A,6,0
USA,1962-03,342100.0,A,6,0
USA,1962-04,346000.0,A,6,0
USA,1962-05,345000.0,A,6,0
USA,1962-06,347700.0,A,6,0
USA,1962-07,350100.0,A,6,0
USA,1962-08,350900.0,A,6,0
USA,1962-09,353900.0,A,6,0
USA,1962-10,357500.0,A,6,0
USA,1962-11,360500.0,A,6,0
USA,1962-12,365800.0,A,6,0
USA,1963-01,369100.0,A,6,0
USA,1963-02,368000.0,A,6,0
USA,1963-03,369800.0,A,6,0
USA,1963-04,373800.0,A,6,0
USA,1963-05,373400.0,A,6,0
USA,1963-06,376700.0,A,6,0
USA,1963-07,380200.0,A,6,0
USA,1963-08,381500.0,A,6,0
USA,1963-09,384900.0,A,6,0
USA,1963-10,388800.0,A,6,0
USA,1963-11,392300.0,A,6,0
USA,1963-12,396400.0,A,6,0
USA,1964-01,399500.0,A,6,0
USA,1964-02,397600.0,A,6,0
USA,1964-03,398900.0,A,6,0
USA,1964-04,402400.0,A,6,0
USA,1964-05,401300.0,A,6,0
USA,1964-06,405300.0,A,6,0
USA,1964-07,409300.0,A,6,0
USA,1964-08,411100.0,A,6,0
USA,1964-09,415700.0,A,6,0
USA,1964-10,419900.0,A,6,0
USA,1964-11,422900.0,A,6,0
USA,1964-12,428300.0,A,6,0
USA,1965-01,432300.0,A,6,0
USA,1965-02,430100.0,A,6,0
USA,1965-03,432200.0,A,6,0
USA,1965-04,436200.0,A,6,0
USA,1965-05,433700.0,A,6,0
USA,1965-06,438400.0,A,6,0
USA,1965-07,442100.0,A,6,0
USA,1965-08,443300.0,A,6,0
USA,1965-09,448400.0,A,6,0
USA,1965-10,453600.0,A,6,0
USA,1965-11,456700.0,A,6,0
USA,1965-12,463100.0,A,6,0
USA,1966-01,467100.0,A,6,0
USA,1966-02,463700.0,A,6,0
USA,1966-03,465900.0,A,6,0
USA,1966-04,470100.0,A,6,0
USA,1966-05,466200.0,A,6,0
USA,1966-06,469600.0,A,6,0
USA,1966-07,470300.0,A,6,0
USA,1966-08,470100.0,A,6,0
USA,1966-09,474600.0,A,6,0
USA,1966-10,476900.0,A,6,0
USA,1966-11,478100.0,A,6,0
USA,1966-12,483700.0,A,6,0
USA,1967-01,486400.0,A,6,0
USA,1967-02,483600.0,A,6,0
USA,1967-03,488100.0,A,6,0
USA,1967-04,492900.0,A,6,0
USA,1967-05,493300.0,A,6,0
USA,1967-06,500900.0,A,6,0
USA,1967-07,506200.0,A,6,0
USA,1967-08,508600.0,A,6,0
USA,1967-09,514200.0,A,6,0
USA,1967-10,519300.0,A,6,0
USA,1967-11,521600.0,A,6,0
USA,1967-12,528000.0,A,6,0
USA,1968-01,531900.0,A,6,0
USA,1968-02,528100.0,A,6,0
USA,1968-03,531600.0,A,6,0
USA,1968-04,536900.0,A,6,0
USA,1968-05,535400.0,A,6,0
USA,1968-06,542200.0,A,6,0
USA,1968-07,546200.0,A,6,0
USA,1968-08,547600.0,A,6,0
USA,1968-09,553100.0,A,6,0
USA,1968-10,558500.0,A,6,0
USA,1968-11,562500.0,A,6,0
USA,1968-12,569700.0,A,6,0
USA,1969-01,573500.0,A,6,0
USA,1969-02,569100.0,A,6,0
USA,1969-03,572800.0,A,6,0
USA,1969-04,577400.0,A,6,0
USA,1969-05,573500.0,A,6,0
USA,1969-06,578700.0,A,6,0
USA,1969-07,580600.0,A,6,0
USA,1969-08,578400.0,A,6,0
USA,1969-09,581300.0,A,6,0
USA,1969-10,583700.0,A,6,0
USA,1969-11,584800.0,A,6,0
USA,1969-12,590100.0,A,6,0
USA,1970-01,592000.0,A,6,0
USA,1970-02,583400.0,A,6,0
USA,1970-03,587300.0,A,6,0
USA,1970-04,592900.0,A,6,0
USA,1970-05,590800.0,A,6,0
USA,1970-06,597500.0,A,6,0
USA,1970-07,601200.0,A,6,0
USA,1970-08,603000.0,A,6,0
USA,1970-09,608700.0,A,6,0
USA,1970-10,614000.0,A,6,0
USA,1970-11,618200.0,A,6,0
USA,1970-12,627800.0,A,6,0
USA,1971-01,635500.0,A,6,0
USA,1971-02,638000.0,A,6,0
USA,1971-03,650000.0,A,6,0
USA,1971-04,663500.0,A,6,0
USA,1971-05,666100.0,A,6,0
USA,1971-06,675900.0,A,6,0
USA,1971-07,682300.0,A,6,0
USA,1971-08,683700.0,A,6,0
USA,1971-09,689700.0,A,6,0
USA,1971-10,695600.0,A,6,0
USA,1971-11,701200.0,A,6,0
USA,1971-12,711200.0,A,6,0
USA,1972-01,720000.0,A,6,0
USA,1972-02,722200.0,A,6,0
USA,1972-03,733700.0,A,6,0
USA,1972-04,743800.0,A,6,0
USA,1972-05,742600.0,A,6,0
USA,1972-06,753200.0,A,6,0
USA,1972-07,763000.0,A,6,0
USA,1972-08,767000.0,A,6,0
USA,1972-09,775200.0,A,6,0
USA,1972-10,783600.0,A,6,0
USA,1972-11,790200.0,A,6,0
USA,1972-12,803100.0,A,6,0
USA,1973-01,812300.0,A,6,0
USA,1973-02,810100.0,A,6,0
USA,1973-03,815600.0,A,6,0
USA,1973-04,825400.0,A,6,0
USA,1973-05,825800.0,A,6,0
USA,1973-06,837200.0,A,6,0
USA,1973-07,840700.0,A,6,0
USA,1973-08,837400.0,A,6,0
USA,1973-09,836000.0,A,6,0
USA,1973-10,839300.0,A,6,0
USA,1973-11,845300.0,A,6,0
USA,1973-12,856500.0,A,6,0
USA,1974-01,861500.0,A,6,0
USA,1974-02,859800.0,A,6,0
USA,1974-03,869900.0,A,6,0
USA,1974-04,878600.0,A,6,0
USA,1974-05,873400.0,A,6,0
USA,1974-06,881900.0,A,6,0
USA,1974-07,886000.0,A,6,0
USA,1974-08,882900.0,A,6,0
USA,1974-09,884700.0,A,6,0
USA,1974-10,890400.0,A,6,0
USA,1974-11,895400.0,A,6,0
USA,1974-12,903500.0,A,6,0
USA,1975-01,908000.0,A,6,0
USA,1975-02,908700.0,A,6,0
USA,1975-03,924400.0,A,6,0
USA,1975-04,941100.0,A,6,0
USA,1975-05,946200.0,A,6,0
USA,1975-06,966900.0,A,6,0
USA,1975-07,979700.0,A,6,0
USA,1975-08,982400.0,A,6,0
USA,1975-09,988400.0,A,6,0
USA,1975-10,995600.0,A,6,0
USA,1975-11,1004800.0,A,6,0
USA,1975-12,1017800.0,A,6,0
USA,1976-01,1028300.0,A,6,0
USA,1976-02,1034200.0,A,6,0
USA,1976-03,1047700.0,A,6,0
USA,1976-04,1066900.0,A,6,0
USA,1976-05,1070300.0,A,6,0
USA,1976-06,1080800.0,A,6,0
USA,1976-07,1091600.0,A,6,0
USA,1976-08,1097300.0,A,6,0
USA,1976-09,1108400.0,A,6,0
USA,1976-10,1125100.0,A,6,0
USA,1976-11,1135000.0,A,6,0
USA,1976-12,1153500.0,A,6,0
USA,1977-01,1167500.0,A,6,0
USA,1977-02,1169900.0,A,6,0
USA,1977-03,1185300.0,A,6,0
USA,1977-04,1206600.0,A,6,0
USA,1977-05,1205500.0,A,6,0
USA,1977-06,1219800.0,A,6,0
USA,1977-07,1232900.0,A,6,0
USA,1977-08,1235300.0,A,6,0
USA,1977-09,1244700.0,A,6,0
USA,1977-10,1255900.0,A,6,0
USA,1977-11,1260200.0,A,6,0
USA,1977-12,1273000.0,A,6,0
USA,1978-01,1282300.0,A,6,0
USA,1978-02,1276800.0,A,6,0
USA,1978-03,1288200.0,A,6,0
USA,1978-04,1307400.0,A,6,0
USA,1978-05,1304800.0,A,6,0
USA,1978-06,1319000.0,A,6,0
USA,1978-07,1330100.0,A,6,0
USA,1978-08,1331400.0,A,6,0
USA,1978-09,1344700.0,A,6,0
USA,1978-10,1355300.0,A,6,0
USA,1978-11,1358100.0,A,6,0
USA,1978-12,1370800.0,A,6,0
USA,1979-01,1375200.0,A,6,0
USA,1979-02,1369300.0,A,6,0
USA,1979-03,1384000.0,A,6,0
USA,1979-04,1408400.0,A,6,0
USA,1979-05,1402700.0,A,6,0
USA,1979-06,1422500.0,A,6,0
USA,1979-07,1439300.0,A,6,0
USA,1979-08,1444300.0,A,6,0
USA,1979-09,1454500.0,A,6,0
USA,1979-10,1463600.0,A,6,0
USA,1979-11,1466400.0,A,6,0
USA,1979-12,1479000.0,A,6,0
USA,1980-01,1486200.0,A,6,0
USA,1980-02,1486300.0,A,6,0
USA,1980-03,1497200.0,A,6,0
USA,1980-04,1507700.0,A,6,0
USA,1980-05,1504200.0,A,6,0
USA,1980-06,1527400.0,A,6,0
USA,1980-07,1549100.0,A,6,0
USA,1980-08,1560700.0,A,6,0
USA,1980-09,1573100.0,A,6,0
USA,1980-10,1588500.0,A,6,0
USA,1980-11,1599000.0,A,6,0
USA,1980-12,1604800.0,A,6,0
USA,1981-01,1610600.0,A,6,0
USA,1981-02,1610500.0,A,6,0
USA,1981-03,1633200.0,A,6,0
USA,1981-04,1664500.0,A,6,0
USA,1981-05,1655400.0,A,6,0
USA,1981-06,1667100.0,A,6,0
USA,1981-07,1685100.0,A,6,0
USA,1981-08,1694600.0,A,6,0
USA,1981-09,1706400.0,A,6,0
USA,1981-10,1726400.0,A,6,0
USA,1981-11,1741000.0,A,6,0
USA,1981-12,1760300.0,A,6,0
USA,1982-01,1772800.0,A,6,0
USA,1982-02,1765300.0,A,6,0
USA,1982-03,1781700.0,A,6,0
USA,1982-04,1807900.0,A,6,0
USA,1982-05,1804900.0,A,6,0
USA,1982-06,1822700.0,A,6,0
USA,1982-07,1835000.0,A,6,0
USA,1982-08,1845900.0,A,6,0
USA,1982-09,1859000.0,A,6,0
USA,1982-10,1875600.0,A,6,0
USA,1982-11,1890100.0,A,6,0
USA,1982-12,1913800.0,A,6,0
USA,1983-01,1963900.0,A,6,0
USA,1983-02,1985800.0,A,6,0
USA,1983-03,2009600.0,A,6,0
USA,1983-04,2033700.0,A,6,0
USA,1983-05,2031700.0,A,6,0
USA,1983-06,2051800.0,A,6,0
USA,1983-07,2069700.0,A,6,0
USA,1983-08,2072500.0,A,6,0
USA,1983-09,2081100.0,A,6,0
USA,1983-10,2102100.0,A,6,0
USA,1983-11,2117600.0,A,6,0
USA,1983-12,2134000.0,A,6,0
USA,1984-01,2145000.0,A,6,0
USA,1984-02,2147700.0,A,6,0
USA,1984-03,2169000.0,A,6,0
USA,1984-04,2196000.0,A,6,0
USA,1984-05,2191400.0,A,6,0
USA,1984-06,2214300.0,A,6,0
USA,1984-07,2228000.0,A,6,0
USA,1984-08,2228900.0,A,6,0
USA,1984-09,2242800.0,A,6,0
USA,1984-10,2259700.0,A,6,0
USA,1984-11,2286300.0,A,6,0
USA,1984-12,2318500.0,A,6,0
USA,1985-01,2339600.0,A,6,0
USA,1985-02,2343400.0,A,6,0
USA,1985-03,2360400.0,A,6,0
USA,1985-04,2379700.0,A,6,0
USA,1985-05,2376400.0,A,6,0
USA,1985-06,2413400.0,A,6,0
USA,1985-07,2434800.0,A,6,0
USA,1985-08,2442500.0,A,6,0
USA,1985-09,2452700.0,A,6,0
USA,1985-10,2466300.0,A,6,0
USA,1985-11,2482000.0,A,6,0
USA,1985-12,2504100.0,A,6,0
USA,1986-01,2510800.0,A,6,0
USA,1986-02,2502100.0,A,6,0
USA,1986-03,2527600.0,A,6,0
USA,1986-04,2564800.0,A,6,0
USA,1986-05,2571100.0,A,6,0
USA,1986-06,2605300.0,A,6,0
USA,1986-07,2632400.0,A,6,0
USA,1986-08,2645900.0,A,6,0
USA,1986-09,2661700.0,A,6,0
USA,1986-10,2684400.0,A,6,0
USA,1986-11,2705200.0,A,6,0
USA,1986-12,2740700.0,A,6,0
USA,1987-01,2753500.0,A,6,0
USA,1987-02,2735200.0,A,6,0
USA,1987-03,2748000.0,A,6,0
USA,1987-04,2778900.0,A,6,0
USA,1987-05,2759700.0,A,6,0
USA,1987-06,2773400.0,A,6,0
USA,1987-07,2785200.0,A,6,0
USA,1987-08,2787500.0,A,6,0
USA,1987-09,2793300.0,A,6,0
USA,1987-10,2811200.0,A,6,0
USA,1987-11,2821600.0,A,6,0
USA,1987-12,2838300.0,A,6,0
USA,1988-01,2857200.0,A,6,0
USA,1988-02,2858800.0,A,6,0
USA,1988-03,2886700.0,A,6,0
USA,1988-04,2925300.0,A,6,0
USA,1988-05,2910700.0,A,6,0
USA,1988-06,2935300.0,A,6,0
USA,1988-07,2953200.0,A,6,0
USA,1988-08,2949800.0,A,6,0
USA,1988-09,2950100.0,A,6,0
USA,1988-10,2962000.0,A,6,0
USA,1988-11,2982700.0,A,6,0
USA,1988-12,3000600.0,A,6,0
USA,1989-01,2998900.0,A,6,0
USA,1989-02,2982600.0,A,6,0
USA,1989-03,2999000.0,A,6,0
USA,1989-04,3023200.0,A,6,0
USA,1989-05,2996000.0,A,6,0
USA,1989-06,3022600.0,A,6,0
USA,1989-07,3055600.0,A,6,0
USA,1989-08,3071100.0,A,6,0
USA,1989-09,3086300.0,A,6,0
USA,1989-10,3109300.0,A,6,0
USA,1989-11,3136000.0,A,6,0
USA,1989-12,3165600.0,A,6,0
USA,1990-01,3170400.0,A,6,0
USA,1990-02,3170500.0,A,6,0
USA,1990-03,3192600.0,A,6,0
USA,1990-04,3219800.0,A,6,0
USA,1990-05,3186700.0,A,6,0
USA,1990-06,3210800.0,A,6,0
USA,1990-07,3224500.0,A,6,0
USA,1990-08,3238700.0,A,6,0
USA,1990-09,3249000.0,A,6,0
USA,1990-10,3253700.0,A,6,0
USA,1990-11,3265300.0,A,6,0
USA,1990-12,3285100.0,A,6,0
USA,1991-01,3289300.0,A,6,0
USA,1991-02,3296300.0,A,6,0
USA,1991-03,3327300.0,A,6,0
USA,1991-04,3349500.0,A,6,0
USA,1991-05,3330300.0,A,6,0
USA,1991-06,3349700.0,A,6,0
USA,1991-07,3354400.0,A,6,0
USA,1991-08,3351400.0,A,6,0
USA,1991-09,3347600.0,A,6,0
USA,1991-10,3353800.0,A,6,0
USA,1991-11,3371200.0,A,6,0
USA,1991-12,3386400.0,A,6,0
USA,1992-01,3383200.0,A,6,0
USA,1992-02,3390100.0,A,6,0
USA,1992-03,3404800.0,A,6,0
USA,1992-04,3418900.0,A,6,0
USA,1992-05,3388000.0,A,6,0
USA,1992-06,3388700.0,A,6,0
USA,1992-07,3393200.0,A,6,0
USA,1992-08,3396500.0,A,6,0
USA,1992-09,3401200.0,A,6,0
USA,1992-10,3418700.0,A,6,0
USA,1992-11,3433400.0,A,6,0
USA,1992-12,3441300.0,A,6,0
USA,1993-01,3423600.0,A,6,0
USA,1993-02,3400700.0,A,6,0
USA,1993-03,3410500.0,A,6,0
USA,1993-04,3430400.0,A,6,0
USA,1993-05,3425000.0,A,6,0
USA,1993-06,3439500.0,A,6,0
USA,1993-07,3442600.0,A,6,0
USA,1993-08,3440900.0,A,6,0
USA,1993-09,3443500.0,A,6,0
USA,1993-10,3452700.0,A,6,0
USA,1993-11,3474700.0,A,6,0
USA,1993-12,3495100.0,A,6,0
USA,1994-01,3480100.0,A,6,0
USA,1994-02,3459700.0,A,6,0
USA,1994-03,3477200.0,A,6,0
USA,1994-04,3503100.0,A,6,0
USA,1994-05,3474500.0,A,6,0
USA,1994-06,3477400.0,A,6,0
USA,1994-07,3491500.0,A,6,0
USA,1994-08,3481600.0,A,6,0
USA,1994-09,3476800.0,A,6,0
USA,1994-10,3478200.0,A,6,0
USA,1994-11,3491800.0,A,6,0
USA,1994-12,3507800.0,A,6,0
USA,1995-01,3495300.0,A,6,0
USA,1995-02,3474900.0,A,6,0
USA,1995-03,3491700.0,A,6,0
USA,1995-04,3522400.0,A,6,0
USA,1995-05,3506700.0,A,6,0
USA,1995-06,3545500.0,A,6,0
USA,1995-07,3569700.0,A,6,0
USA,1995-08,3585200.0,A,6,0
USA,1995-09,3594600.0,A,6,0
USA,1995-10,3602300.0,A,6,0
USA,1995-11,3622900.0,A,6,0
USA,1995-12,3653300.0,A,6,0
USA,1996-01,3651300.0,A,6,0
USA,1996-02,3647500.0,A,6,0
USA,1996-03,3694000.0,A,6,0
USA,1996-04,3720600.0,A,6,0
USA,1996-05,3690100.0,A,6,0
USA,1996-06,3721000.0,A,6,0
USA,1996-07,3734100.0,A,6,0
USA,1996-08,3741600.0,A,6,0
USA,1996-09,3744200.0,A,6,0
USA,1996-10,3758700.0,A,6,0
USA,1996-11,3797200.0,A,6,0
USA,1996-12,3839800.0,A,6,0
USA,1997-01,3839500.0,A,6,0
USA,1997-02,3835100.0,A,6,0
USA,1997-03,3873200.0,A,6,0
USA,1997-04,3905700.0,A,6,0
USA,1997-05,3869400.0,A,6,0
USA,1997-06,3899500.0,A,6,0
USA,1997-07,3918500.0,A,6,0
USA,1997-08,3953200.0,A,6,0
USA,1997-09,3961500.0,A,6,0
USA,1997-10,3977200.0,A,6,0
USA,1997-11,4015800.0,A,6,0
USA,1997-12,4055100.0,A,6,0
USA,1998-01,4062500.0,A,6,0
USA,1998-02,4080100.0,A,6,0
USA,1998-03,4131700.0,A,6,0
USA,1998-04,4174600.0,A,6,0
USA,1998-05,4144000.0,A,6,0
USA,1998-06,4174600.0,A,6,0
USA,1998-07,4193200.0,A,6,0
USA,1998-08,4220300.0,A,6,0
USA,1998-09,4254500.0,A,6,0
USA,1998-10,4291500.0,A,6,0
USA,1998-11,4346200.0,A,6,0
USA,1998-12,4400000.0,A,6,0
USA,1999-01,4409900.0,A,6,0
USA,1999-02,4419200.0,A,6,0
USA,1999-03,4456200.0,A,6,0
USA,1999-04,4502100.0,A,6,0
USA,1999-05,4464800.0,A,6,0
USA,1999-06,4495600.0,A,6,0
USA,1999-07,4520500.0,A,6,0
USA,1999-08,4540400.0,A,6,0
USA,1999-09,4554200.0,A,6,0
USA,1999-10,4575900.0,A,6,0
USA,1999-11,4611400.0,A,6,0
USA,1999-12,4665800.0,A,6,0
USA,2000-01,4674000.0,A,6,0
USA,2000-02,4675900.0,A,6,0
USA,2000-03,4737600.0,A,6,0
USA,2000-04,4807700.0,A,6,0
USA,2000-05,4734100.0,A,6,0
USA,2000-06,4759500.0,A,6,0
USA,2000-07,4775700.0,A,6,0
USA,2000-08,4806400.0,A,6,0
USA,2000-09,4842000.0,A,6,0
USA,2000-10,4855900.0,A,6,0
USA,2000-11,4884400.0,A,6,0
USA,2000-12,4955500.0,A,6,0
USA,2001-01,4981600.0,A,6,0
USA,2001-02,5010900.0,A,6,0
USA,2001-03,5101200.0,A,6,0
USA,2001-04,5177400.0,A,6,0
USA,2001-05,5115400.0,A,6,0
USA,2001-06,5167100.0,A,6,0
USA,2001-07,5195700.0,A,6,0
USA,2001-08,5231600.0,A,6,0
USA,2001-09,5343300.0,A,6,0
USA,2001-10,5328400.0,A,6,0
USA,2001-11,5391500.0,A,6,0
USA,2001-12,5471600.0,A,6,0
USA,2002-01,5457800.0,A,6,0
USA,2002-02,5477200.0,A,6,0
USA,2002-03,5526100.0,A,6,0
USA,2002-04,5540200.0,A,6,0
USA,2002-05,5506600.0,A,6,0
USA,2002-06,5544600.0,A,6,0
USA,2002-07,5585500.0,A,6,0
USA,2002-08,5628400.0,A,6,0
USA,2002-09,5652900.0,A,6,0
USA,2002-10,5691900.0,A,6,0
USA,2002-11,5764900.0,A,6,0
USA,2002-12,5811500.0,A,6,0
USA,2003-01,5801100.0,A,6,0
USA,2003-02,5828500.0,A,6,0
USA,2003-03,5889200.0,A,6,0
USA,2003-04,5945200.0,A,6,0
USA,2003-05,5944200.0,A,6,0
USA,2003-06,5998500.0,A,6,0
USA,2003-07,6041700.0,A,6,0
USA,2003-08,6098200.0,A,6,0
USA,2003-09,6070700.0,A,6,0
USA,2003-10,6054700.0,A,6,0
USA,2003-11,6083500.0,A,6,0
USA,2003-12,6105100.0,A,6,0
USA,2004-01,6065500.0,A,6,0
USA,2004-02,6096500.0,A,6,0
USA,2004-03,6176500.0,A,6,0
USA,2004-04,6243600.0,A,6,0
USA,2004-05,6257100.0,A,6,0
USA,2004-06,6280200.0,A,6,0
USA,2004-07,6285800.0,A,6,0
USA,2004-08,6308100.0,A,6,0
USA,2004-09,6340900.0,A,6,0
USA,2004-10,6362100.0,A,6,0
USA,2004-11,6411700.0,A,6,0
USA,2004-12,6453700.0,A,6,0
USA,2005-01,6410500.0,A,6,0
USA,2005-02,6411800.0,A,6,0
USA,2005-03,6471400.0,A,6,0
USA,2005-04,6514300.0,A,6,0
USA,2005-05,6465500.0,A,6,0
USA,2005-06,6517600.0,A,6,0
USA,2005-07,6536800.0,A,6,0
USA,2005-08,6561100.0,A,6,0
USA,2005-09,6593400.0,A,6,0
USA,2005-10,6620300.0,A,6,0
USA,2005-11,6661300.0,A,6,0
USA,2005-12,6714900.0,A,6,0
USA,2006-01,6713000.0,A,6,0
USA,2006-02,6730400.0,A,6,0
USA,2006-03,6803200.0,A,6,0
USA,2006-04,6866800.0,A,6,0
USA,2006-05,6805200.0,A,6,0
USA,2006-06,6859000.0,A,6,0
USA,2006-07,6880900.0,A,6,0
USA,2006-08,6900200.0,A,6,0
USA,2006-09,6927800.0,A,6,0
USA,2006-10,6970800.0,A,6,0
USA,2006-11,7033700.0,A,6,0
USA,2006-12,7108600.0,A,6,0
USA,2007-01,7106900.0,A,6,0
USA,2007-02,7118800.0,A,6,0
USA,2007-03,7216800.0,A,6,0
USA,2007-04,7305900.0,A,6,0
USA,2007-05,7250200.0,A,6,0
USA,2007-06,7294200.0,A,6,0
USA,2007-07,7297600.0,A,6,0
USA,2007-08,7356800.0,A,6,0
USA,2007-09,7377400.0,A,6,0
USA,2007-10,7389400.0,A,6,0
USA,2007-11,7448500.0,A,6,0
USA,2007-12,7516500.0,A,6,0
USA,2008-01,7514700.0,A,6,0
USA,2008-02,7598700.0,A,6,0
USA,2008-03,7733300.0,A,6,0
USA,2008-04,7780900.0,A,6,0
USA,2008-05,7723000.0,A,6,0
USA,2008-06,7746500.0,A,6,0
USA,2008-07,7760600.0,A,6,0
USA,2008-08,7758200.0,A,6,0
USA,2008-09,7828500.0,A,6,0
USA,2008-10,7931600.0,A,6,0
USA,2008-11,8023600.0,A,6,0
USA,2008-12,8244100.0,A,6,0
USA,2009-01,8292000.0,A,6,0
USA,2009-02,8321600.0,A,6,0
USA,2009-03,8458600.0,A,6,0
USA,2009-04,8459800.0,A,6,0
USA,2009-05,8446900.0,A,6,0
USA,2009-06,8459900.0,A,6,0
USA,2009-07,8425800.0,A,6,0
USA,2009-08,8404600.0,A,6,0
USA,2009-09,8412200.0,A,6,0
USA,2009-10,8443000.0,A,6,0
USA,2009-11,8517300.0,A,6,0
USA,2009-12,8560000.0,A,6,0
USA,2010-01,8484200.0,A,6,0
USA,2010-02,8528700.0,A,6,0
USA,2010-03,8596000.0,A,6,0
USA,2010-04,8621600.0,A,6,0
USA,2010-05,8603000.0,A,6,0
USA,2010-06,8625300.0,A,6,0
USA,2010-07,8597400.0,A,6,0
USA,2010-08,8626300.0,A,6,0
USA,2010-09,8668000.0,A,6,0
USA,2010-10,8729300.0,A,6,0
USA,2010-11,8794400.0,A,6,0
USA,2010-12,8879200.0,A,6,0
USA,2011-01,8876500.0,A,6,0
USA,2011-02,8913700.0,A,6,0
USA,2011-03,9028900.0,A,6,0
USA,2011-04,9085800.0,A,6,0
USA,2011-05,9057400.0,A,6,0
USA,2011-06,9144600.0,A,6,0
USA,2011-07,9293900.0,A,6,0
USA,2011-08,9485100.0,A,6,0
USA,2011-09,9523300.0,A,6,0
USA,2011-10,9572500.0,A,6,0
USA,2011-11,9656900.0,A,6,0
USA,2011-12,9753500.0,A,6,0
USA,2012-01,9786700.0,A,6,0
USA,2012-02,9811100.0,A,6,0
USA,2012-03,9926600.0,A,6,0
USA,2012-04,9972100.0,A,6,0
USA,2012-05,9905600.0,A,6,0
USA,2012-06,9982800.0,A,6,0
USA,2012-07,10028500.0,A,6,0
USA,2012-08,10093000.0,A,6,0
USA,2012-09,10190200.0,A,6,0
USA,2012-10,10270900.0,A,6,0
USA,2012-11,10367100.0,A,6,0
USA,2012-12,10556400.0,A,6,0
USA,2013-01,10532200.0,A,6,0
USA,2013-02,10506200.0,A,6,0
USA,2013-03,10652700.0,A,6,0
USA,2013-04,10681000.0,A,6,0
USA,2013-05,10603500.0,A,6,0
USA,2013-06,10667700.0,A,6,0
USA,2013-07,10706500.0,A,6,0
USA,2013-08,10762400.0,A,6,0
USA,2013-09,10830600.0,A,6,0
USA,2013-10,10957800.0,A,6,0
USA,2013-11,11002800.0,A,6,0
USA,2013-12,11130000.0,A,6,0
USA,2014-01,11126700.0,A,6,0
USA,2014-02,11179000.0,A,6,0
USA,2014-03,11303200.0,A,6,0
USA,2014-04,11356400.0,A,6,0
USA,2014-05,11299400.0,A,6,0
USA,2014-06,11361300.0,A,6,0
USA,2014-07,11417400.0,A,6,0
USA,2014-08,11448100.0,A,6,0
USA,2014-09,11495800.0,A,6,0
USA,2014-10,11563400.0,A,6,0
USA,2014-11,11640100.0,A,6,0
USA,2014-12,11786100.0,A,6,0
USA,2015-01,11785200.0,A,6,0
USA,2015-02,11873500.0,A,6,0
USA,2015-03,11983000.0,A,6,0
USA,2015-04,12031300.0,A,6,0
USA,2015-05,11934700.0,A,6,0
USA,2015-06,11990600.0,A,6,0
USA,2015-07,12041900.0,A,6,0
USA,2015-08,12099400.0,A,6,0
USA,2015-09,12166600.0,A,6,0
USA,2015-10,12201000.0,A,6,0
USA,2015-11,12328400.0,A,6,0
USA,2015-12,12458000.0,A,6,0
USA,2016-01,12509600.0,A,6,0
USA,2016-02,12548600.0,A,6,0
USA,2016-03,12716600.0,A,6,0
USA,2016-04,12810500.0,A,6,0
USA,2016-05,12742200.0,A,6,0
USA,2016-06,12822600.0,A,6,0
USA,2016-07,12884200.0,A,6,0
USA,2016-08,12981300.0,A,6,0
USA,2016-09,13047100.0,A,6,0
USA,2016-10,13105600.0,A,6,0
USA,2016-11,13217400.0,A,6,0
USA,2016-12,13326000.0,A,6,0
USA,2017-01,13308000.0,A,6,0
USA,2017-02,13332500.0,A,6,0
USA,2017-03,13519100.0,A,6,0
USA,2017-04,13592800.0,A,6,0
USA,2017-05,13502600.0,A,6,0
USA,2017-06,13551600.0,A,6,0
USA,2017-07,13614900.0,A,6,0
USA,2017-08,13685000.0,A,6,0
USA,2017-09,13737500.0,A,6,0
USA,2017-10,13783500.0,A,6,0
USA,2017-11,13853200.0,A,6,0
USA,2017-12,13978900.0,A,6,0
USA,2018-01,13897500.0,A,6,0
USA,2018-02,13884300.0,A,6,0
USA,2018-03,14067100.0,A,6,0
USA,2018-04,14105800.0,A,6,0
USA,2018-05,14017400.0,A,6,0
USA,2018-06,14112700.0,A,6,0
USA,2018-07,14148200.0,A,6,0
USA,2018-08,14203200.0,A,6,0
USA,2018-09,14237200.0,A,6,0
USA,2018-10,14238800.0,A,6,0
USA,2018-11,14293500.0,A,6,0
USA,2018-12,14489000.0,A,6,0
USA,2019-01,14465200.0,A,6,0
USA,2019-02,14443200.0,A,6,0
USA,2019-03,14614300.0,A,6,0
USA,2019-04,14665000.0,A,6,0
USA,2019-05,14618100.0,A,6,0
USA,2019-06,14779300.0,A,6,0
USA,2019-07,14860700.0,A,6,0
USA,2019-08,14944200.0,A,6,0
USA,2019-09,15036900.0,A,6,0
USA,2019-10,15162100.0,A,6,0
USA,2019-11,15308100.0,A,6,0
USA,2019-12,15459400.0,A,6,0
USA,2020-01,15444700.0,A,6,0
USA,2020-02,15433700.0,A,6,0
USA,2020-03,16102600.0,A,6,0
USA,2020-04,17146500.0,A,6,0
USA,2020-05,17812800.0,A,6,0
USA,2020-06,18150000.0,A,6,0
USA,2020-07,18298300.0,A,6,0
USA,2020-08,18363900.0,A,6,0
USA,2020-09,18585200.0,A,6,0
USA,2020-10,18728000.0,A,6,0
USA,2020-11,19015400.0,A,6,0
USA,2020-12,19279300.0,A,6,0
USA,2021-01,19400300.0,A,6,0
USA,2021-02,19545300.0,A,6,0
USA,2021-03,19961400.0,A,6,0
USA,2021-04,20278900.0,A,6,0
USA,2021-05,20325400.0,A,6,0
USA,2021-06,20442200.0,A,6,0
USA,2021-07,20595900.0,A,6,0
USA,2021-08,20787500.0,A,6,0
USA,2021-09,20960600.0,A,6,0
USA,2021-10,21125400.0,A,6,0
USA,2021-11,21355400.0,A,6,0
USA,2021-12,21680800.0,A,6,0
USA,2022-01,21667900.0,A,6,0
USA,2022-02,21619000.0,A,6,0
USA,2022-03,21891800.0,A,6,0
USA,2022-04,21884000.0,A,6,0
USA,2022-05,21589000.0,A,6,0
USA,2022-06,21614100.0,A,6,0
USA,2022-07,21609500.0,A,6,0
USA,2022-08,21584800.0,A,6,0
USA,2022-09,21507200.0,A,6,0
USA,2022-10,21412700.0,A,6,0
USA,2022-11,21422200.0,A,6,0
USA,2022-12,21448600.0,A,6,0
USA,2023-01,21302200.0,A,6,0
USA,2023-02,21148000.0,A,6,0
USA,2023-03,21054100.0,A,6,0
USA,2023-04,20869800.0,A,6,0
USA,2023-05,20734400.0,A,6,0
USA,2023-06,20771100.0,A,6,0
USA,2023-07,20751300.0,A,6,0
USA,2023-08,20726900.0,A,6,0
USA,2023-09,20710000.0,A,6,0
USA,2023-10,20675400.0,A,6,0
USA,2023-11,20750400.0,A,6,0
USA,2023-12,20907200.0,A,6,0
USA,2024-01,20873900.0,A,6,0
USA,2024-02,20844700.0,A,6,0
USA,2024-03,21088800.0,A,6,0
USA,2024-04,21069300.0,A,6,0
USA,2024-05,20937600.0,A,6,0
USA,2024-06,21041500.0,A,6,0
USA,2024-07,21052400.0,A,6,0
USA,2024-08,21138400.0,A,6,0
USA,2024-09,21219000.0,A,6,0
USA,2024-10,21268300.0,A,6,0
USA,2024-11,21450500.0,A,6,0
USA,2024-12,21618400.0,A,6,0
USA,2025-01,21584400.0,A,6,0
USA,2025-02,21531900.0,A,6,0
USA,2025-03,21819100.0,A,6,0
USA,2025-04,21896800.0,A,6,0
USA,2025-05,21753800.0,A,6,0
USA,2025-06,21908000.0,A,6,0
USA,2025-07,21965600.0,A,6,0
USA,2025-08,22033100.0,A,6,0
USA,2025-09,22111600.0,A,6,0
USA,2025-10,22179000.0,A,6,0
USA,2025-11,22269200.0,A,6,0
USA,2025-12,22503200.0,A,6,0
USA,2026-01,22466200.0,A,6,0
USA,2026-02,22531900.0,A,6,0
USA,2026-03,22815700.0,A,6,0
USA,2026-04,22936200.0,A,6,0
USA,2026-05,22971700.0,A,6,0
ZAF,1965-03,4767.406,A,6,0
ZAF,1965-04,4836.843,A,6,0
ZAF,1965-05,4828.626,A,6,0
ZAF,1965-06,4838.024,A,6,0
ZAF,1965-07,4844.642,A,6,0
ZAF,1965-08,4830.46,A,6,0
ZAF,1965-09,4846.607,A,6,0
ZAF,1965-10,4905.154,A,6,0
ZAF,1965-11,4920.206,A,6,0
ZAF,1965-12,5003.698,A,6,0
ZAF,1966-01,4925.987,A,6,0
ZAF,1966-02,4931.141,A,6,0
ZAF,1966-03,4932.721,A,6,0
ZAF,1966-04,5019.193,A,6,0
ZAF,1966-05,5080.34,A,6,0
ZAF,1966-06,5215.426,A,6,0
ZAF,1966-07,5268.326,A,6,0
ZAF,1966-08,5256.401,A,6,0
ZAF,1966-09,5355.801,A,6,0
ZAF,1966-10,5388.873,A,6,0
ZAF,1966-11,5388.235,A,6,0
ZAF,1966-12,5464.437,A,6,0
ZAF,1967-01,5418.33,A,6,0
ZAF,1967-02,5385.664,A,6,0
ZAF,1967-03,5449.142,A,6,0
ZAF,1967-04,5475.754,A,6,0
ZAF,1967-05,5479.538,A,6,0
ZAF,1967-06,5611.586,A,6,0
ZAF,1967-07,5580.099,A,6,0
ZAF,1967-08,5612.147,A,6,0
ZAF,1967-09,5627.416,A,6,0
ZAF,1967-10,5680.006,A,6,0
ZAF,1967-11,5758.519,A,6,0
ZAF,1967-12,5862.839,A,6,0
ZAF,1968-01,5820.473,A,6,0
ZAF,1968-02,5816.579,A,6,0
ZAF,1968-03,5877.692,A,6,0
ZAF,1968-04,5963.053,A,6,0
ZAF,1968-05,6026.104,A,6,0
ZAF,1968-06,6154.57,A,6,0
ZAF,1968-07,6187.714,A,6,0
ZAF,1968-08,6266.432,A,6,0
ZAF,1968-09,6362.899,A,6,0
ZAF,1968-10,6457.647,A,6,0
ZAF,1968-11,6661.672,A,6,0
ZAF,1968-12,6609.625,A,6,0
ZAF,1969-01,6548.48,A,6,0
ZAF,1969-02,6639.004,A,6,0
ZAF,1969-03,6735.921,A,6,0
ZAF,1969-04,6764.002,A,6,0
ZAF,1969-05,6819.026,A,6,0
ZAF,1969-06,6810.759,A,6,0
ZAF,1969-07,6766.519,A,6,0
ZAF,1969-08,6851.261,A,6,0
ZAF,1969-09,7060.183,A,6,0
ZAF,1969-10,7180.504,A,6,0
ZAF,1969-11,7255.431,A,6,0
ZAF,1969-12,7372.571,A,6,0
ZAF,1970-01,7175.031,A,6,0
ZAF,1970-02,7163.308,A,6,0
ZAF,1970-03,7333.326,A,6,0
ZAF,1970-04,7402.063,A,6,0
ZAF,1970-05,7446.181,A,6,0
ZAF,1970-06,7584.607,A,6,0
ZAF,1970-07,7583.204,A,6,0
ZAF,1970-08,7610.082,A,6,0
ZAF,1970-09,7758.715,A,6,0
ZAF,1970-10,7823.733,A,6,0
ZAF,1970-11,7840.498,A,6,0
ZAF,1970-12,7923.361,A,6,0
ZAF,1971-01,7877.099,A,6,0
ZAF,1971-02,7904.388,A,6,0
ZAF,1971-03,8015.945,A,6,0
ZAF,1971-04,8110.465,A,6,0
ZAF,1971-05,8193.689,A,6,0
ZAF,1971-06,8235.32,A,6,0
ZAF,1971-07,8206.237,A,6,0
ZAF,1971-08,8321.057,A,6,0
ZAF,1971-09,8426.021,A,6,0
ZAF,1971-10,8461.114,A,6,0
ZAF,1971-11,8511.755,A,6,0
ZAF,1971-12,8608.758,A,6,0
ZAF,1972-01,8506.806,A,6,0
ZAF,1972-02,8626.455,A,6,0
ZAF,1972-03,8708.545,A,6,0
ZAF,1972-04,8801.129,A,6,0
ZAF,1972-05,8863.284,A,6,0
ZAF,1972-06,9101.012,A,6,0
ZAF,1972-07,9225.723,A,6,0
ZAF,1972-08,9384.795,A,6,0
ZAF,1972-09,9630.95,A,6,0
ZAF,1972-10,9647.674,A,6,0
ZAF,1972-11,9825.757,A,6,0
ZAF,1972-12,10074.24,A,6,0
ZAF,1973-01,9988.37,A,6,0
ZAF,1973-02,10075.66,A,6,0
ZAF,1973-03,10378.39,A,6,0
ZAF,1973-04,10694.61,A,6,0
ZAF,1973-05,10954.61,A,6,0
ZAF,1973-06,11203.23,A,6,0
ZAF,1973-07,11388.69,A,6,0
ZAF,1973-08,11420.51,A,6,0
ZAF,1973-09,11810.15,A,6,0
ZAF,1973-10,11815.56,A,6,0
ZAF,1973-11,11914.83,A,6,0
ZAF,1973-12,12112.55,A,6,0
ZAF,1974-01,12140.5,A,6,0
ZAF,1974-02,12291.48,A,6,0
ZAF,1974-03,12573.27,A,6,0
ZAF,1974-04,12802.58,A,6,0
ZAF,1974-05,12999.26,A,6,0
ZAF,1974-06,13257.99,A,6,0
ZAF,1974-07,13291.32,A,6,0
ZAF,1974-08,13210.05,A,6,0
ZAF,1974-09,13452.46,A,6,0
ZAF,1974-10,13697.07,A,6,0
ZAF,1974-11,13964.77,A,6,0
ZAF,1974-12,14241.5,A,6,0
ZAF,1975-01,14513.09,A,6,0
ZAF,1975-02,14550.56,A,6,0
ZAF,1975-03,14947.11,A,6,0
ZAF,1975-04,15135.59,A,6,0
ZAF,1975-05,15230.79,A,6,0
ZAF,1975-06,15595.81,A,6,0
ZAF,1975-07,15879.79,A,6,0
ZAF,1975-08,15963.22,A,6,0
ZAF,1975-09,16319.87,A,6,0
ZAF,1975-10,16458.36,A,6,0
ZAF,1975-11,16825.97,A,6,0
ZAF,1975-12,17098.8,A,6,0
ZAF,1976-01,17069.42,A,6,0
ZAF,1976-02,17110.43,A,6,0
ZAF,1976-03,17250.71,A,6,0
ZAF,1976-04,17544.33,A,6,0
ZAF,1976-05,17596.63,A,6,0
ZAF,1976-06,17952.76,A,6,0
ZAF,1976-07,17971.46,A,6,0
ZAF,1976-08,17932.15,A,6,0
ZAF,1976-09,18323.52,A,6,0
ZAF,1976-10,18446.87,A,6,0
ZAF,1976-11,18548.99,A,6,0
ZAF,1976-12,18684.77,A,6,0
ZAF,1977-01,18602.13,A,6,0
ZAF,1977-02,18577.85,A,6,0
ZAF,1977-03,18795.15,A,6,0
ZAF,1977-04,19107.88,A,6,0
ZAF,1977-05,19411.82,A,6,0
ZAF,1977-06,19766.47,A,6,0
ZAF,1977-07,19686.56,A,6,0
ZAF,1977-08,19637.09,A,6,0
ZAF,1977-09,19987.63,A,6,0
ZAF,1977-10,20022.54,A,6,0
ZAF,1977-11,20253.89,A,6,0
ZAF,1977-12,20535.4,A,6,0
ZAF,1978-01,21014.31,A,6,0
ZAF,1978-02,21043.0,A,6,0
ZAF,1978-03,21335.53,A,6,0
ZAF,1978-04,21882.81,A,6,0
ZAF,1978-05,22221.41,A,6,0
ZAF,1978-06,22549.49,A,6,0
ZAF,1978-07,23018.39,A,6,0
ZAF,1978-08,23312.49,A,6,0
ZAF,1978-09,22681.61,A,6,0
ZAF,1978-10,23806.89,A,6,0
ZAF,1978-11,24253.77,A,6,0
ZAF,1978-12,24352.1,A,6,0
ZAF,1979-01,24293.83,A,6,0
ZAF,1979-02,24528.31,A,6,0
ZAF,1979-03,24856.88,A,6,0
ZAF,1979-04,25155.54,A,6,0
ZAF,1979-05,25421.0,A,6,0
ZAF,1979-06,25544.68,A,6,0
ZAF,1979-07,25926.83,A,6,0
ZAF,1979-08,26127.7,A,6,0
ZAF,1979-09,26656.79,A,6,0
ZAF,1979-10,27172.19,A,6,0
ZAF,1979-11,27716.83,A,6,0
ZAF,1979-12,28168.18,A,6,0
ZAF,1980-01,28308.79,A,6,0
ZAF,1980-02,28519.06,A,6,0
ZAF,1980-03,29434.76,A,6,0
ZAF,1980-04,29358.47,A,6,0
ZAF,1980-05,29792.78,A,6,0
ZAF,1980-06,30471.91,A,6,0
ZAF,1980-07,31534.18,A,6,0
ZAF,1980-08,31669.31,A,6,0
ZAF,1980-09,32864.86,A,6,0
ZAF,1980-10,33551.97,A,6,0
ZAF,1980-11,34154.36,A,6,0
ZAF,1980-12,34655.05,A,6,0
ZAF,1981-01,35161.75,A,6,0
ZAF,1981-02,35689.39,A,6,0
ZAF,1981-03,36773.76,A,6,0
ZAF,1981-04,37970.82,A,6,0
ZAF,1981-05,38453.03,A,6,0
ZAF,1981-06,38712.01,A,6,0
ZAF,1981-07,39489.75,A,6,0
ZAF,1981-08,39335.54,A,6,0
ZAF,1981-09,39513.12,A,6,0
ZAF,1981-10,40020.22,A,6,0
ZAF,1981-11,40820.3,A,6,0
ZAF,1981-12,40827.43,A,6,0
ZAF,1982-01,40849.04,A,6,0
ZAF,1982-02,40927.25,A,6,0
ZAF,1982-03,42163.55,A,6,0
ZAF,1982-04,41918.16,A,6,0
ZAF,1982-05,42039.91,A,6,0
ZAF,1982-06,42575.05,A,6,0
ZAF,1982-07,43156.73,A,6,0
ZAF,1982-08,43533.19,A,6,0
ZAF,1982-09,44854.55,A,6,0
ZAF,1982-10,45139.94,A,6,0
ZAF,1982-11,46404.49,A,6,0
ZAF,1982-12,47056.29,A,6,0
ZAF,1983-01,47879.45,A,6,0
ZAF,1983-02,48387.25,A,6,0
ZAF,1983-03,49718.23,A,6,0
ZAF,1983-04,50399.33,A,6,0
ZAF,1983-05,51324.8,A,6,0
ZAF,1983-06,51922.15,A,6,0
ZAF,1983-07,51900.69,A,6,0
ZAF,1983-08,52182.9,A,6,0
ZAF,1983-09,53870.75,A,6,0
ZAF,1983-10,53377.84,A,6,0
ZAF,1983-11,54292.84,A,6,0
ZAF,1983-12,54778.84,A,6,0
ZAF,1984-01,55669.79,A,6,0
ZAF,1984-02,56211.88,A,6,0
ZAF,1984-03,56778.35,A,6,0
ZAF,1984-04,57905.09,A,6,0
ZAF,1984-05,58564.05,A,6,0
ZAF,1984-06,59195.19,A,6,0
ZAF,1984-07,60077.82,A,6,0
ZAF,1984-08,60408.17,A,6,0
ZAF,1984-09,62108.57,A,6,0
ZAF,1984-10,63072.82,A,6,0
ZAF,1984-11,64778.94,A,6,0
ZAF,1984-12,64626.07,A,6,0
ZAF,1985-01,64908.67,A,6,0
ZAF,1985-02,65639.1,A,6,0
ZAF,1985-03,66182.31,A,6,0
ZAF,1985-04,66806.51,A,6,0
ZAF,1985-05,67753.68,A,6,0
ZAF,1985-06,68859.59,A,6,0
ZAF,1985-07,69110.97,A,6,0
ZAF,1985-08,69915.77,A,6,0
ZAF,1985-09,70092.22,A,6,0
ZAF,1985-10,71086.72,A,6,0
ZAF,1985-11,71363.64,A,6,0
ZAF,1985-12,72552.65,A,6,0
ZAF,1986-01,71790.36,A,6,0
ZAF,1986-02,74215.43,A,6,0
ZAF,1986-03,73524.02,A,6,0
ZAF,1986-04,74640.43,A,6,0
ZAF,1986-05,75009.41,A,6,0
ZAF,1986-06,75654.23,A,6,0
ZAF,1986-07,75609.4,A,6,0
ZAF,1986-08,76639.71,A,6,0
ZAF,1986-09,77662.09,A,6,0
ZAF,1986-10,78455.16,A,6,0
ZAF,1986-11,78566.25,A,6,0
ZAF,1986-12,79314.85,A,6,0
ZAF,1987-01,77552.46,A,6,0
ZAF,1987-02,79586.47,A,6,0
ZAF,1987-03,80952.27,A,6,0
ZAF,1987-04,82001.58,A,6,0
ZAF,1987-05,82262.33,A,6,0
ZAF,1987-06,83290.38,A,6,0
ZAF,1987-07,84516.58,A,6,0
ZAF,1987-08,85070.99,A,6,0
ZAF,1987-09,88465.56,A,6,0
ZAF,1987-10,89278.89,A,6,0
ZAF,1987-11,92285.73,A,6,0
ZAF,1987-12,93285.24,A,6,0
ZAF,1988-01,93562.77,A,6,0
ZAF,1988-02,95681.7,A,6,0
ZAF,1988-03,99546.13,A,6,0
ZAF,1988-04,99159.73,A,6,0
ZAF,1988-05,101229.6,A,6,0
ZAF,1988-06,103958.1,A,6,0
ZAF,1988-07,104984.1,A,6,0
ZAF,1988-08,108571.6,A,6,0
ZAF,1988-09,112317.1,A,6,0
ZAF,1988-10,113821.7,A,6,0
ZAF,1988-11,115126.4,A,6,0
ZAF,1988-12,118750.4,A,6,0
ZAF,1989-01,118840.4,A,6,0
ZAF,1989-02,121562.1,A,6,0
ZAF,1989-03,125978.0,A,6,0
ZAF,1989-04,123719.1,A,6,0
ZAF,1989-05,127763.3,A,6,0
ZAF,1989-06,131181.7,A,6,0
ZAF,1989-07,132481.4,A,6,0
ZAF,1989-08,136274.3,A,6,0
ZAF,1989-09,137988.4,A,6,0
ZAF,1989-10,141597.4,A,6,0
ZAF,1989-11,142223.2,A,6,0
ZAF,1989-12,145270.8,A,6,0
ZAF,1990-01,146996.7,A,6,0
ZAF,1990-02,147499.1,A,6,0
ZAF,1990-03,151366.3,A,6,0
ZAF,1990-04,151152.7,A,6,0
ZAF,1990-05,152420.9,A,6,0
ZAF,1990-06,152821.0,A,6,0
ZAF,1990-07,152907.8,A,6,0
ZAF,1990-08,154885.0,A,6,0
ZAF,1990-09,155371.2,A,6,0
ZAF,1990-10,155939.4,A,6,0
ZAF,1990-11,160678.5,A,6,0
ZAF,1990-12,162652.4,A,6,0
ZAF,1991-01,161399.3,A,6,0
ZAF,1991-02,170416.1,A,6,0
ZAF,1991-03,172738.0,A,6,0
ZAF,1991-04,172106.8,A,6,0
ZAF,1991-05,176071.4,A,6,0
ZAF,1991-06,176814.4,A,6,0
ZAF,1991-07,174231.3,A,6,0
ZAF,1991-08,177276.3,A,6,0
ZAF,1991-09,179102.3,A,6,0
ZAF,1991-10,179856.0,A,6,0
ZAF,1991-11,183161.9,A,6,0
ZAF,1991-12,182615.3,A,6,0
ZAF,1992-01,183924.0,A,6,0
ZAF,1992-02,187710.0,A,6,0
ZAF,1992-03,188276.1,A,6,0
ZAF,1992-04,190481.0,A,6,0
ZAF,1992-05,187699.3,A,6,0
ZAF,1992-06,189535.9,A,6,0
ZAF,1992-07,191056.2,A,6,0
ZAF,1992-08,192272.8,A,6,0
ZAF,1992-09,194730.5,A,6,0
ZAF,1992-10,195430.3,A,6,0
ZAF,1992-11,199025.7,A,6,0
ZAF,1992-12,197220.7,A,6,0
ZAF,1993-01,193733.7,A,6,0
ZAF,1993-02,197427.8,A,6,0
ZAF,1993-03,198956.0,A,6,0
ZAF,1993-04,197001.1,A,6,0
ZAF,1993-05,196376.0,A,6,0
ZAF,1993-06,195742.6,A,6,0
ZAF,1993-07,194742.8,A,6,0
ZAF,1993-08,200536.6,A,6,0
ZAF,1993-09,203055.3,A,6,0
ZAF,1993-10,204703.5,A,6,0
ZAF,1993-11,210438.1,A,6,0
ZAF,1993-12,210994.3,A,6,0
ZAF,1994-01,211764.5,A,6,0
ZAF,1994-02,219845.7,A,6,0
ZAF,1994-03,224061.2,A,6,0
ZAF,1994-04,222287.4,A,6,0
ZAF,1994-05,227211.9,A,6,0
ZAF,1994-06,224620.1,A,6,0
ZAF,1994-07,226939.2,A,6,0
ZAF,1994-08,230726.5,A,6,0
ZAF,1994-09,232137.5,A,6,0
ZAF,1994-10,234967.0,A,6,0
ZAF,1994-11,241267.0,A,6,0
ZAF,1994-12,244149.8,A,6,0
ZAF,1995-01,238858.5,A,6,0
ZAF,1995-02,243577.5,A,6,0
ZAF,1995-03,250736.3,A,6,0
ZAF,1995-04,255020.7,A,6,0
ZAF,1995-05,262547.1,A,6,0
ZAF,1995-06,262990.4,A,6,0
ZAF,1995-07,263581.2,A,6,0
ZAF,1995-08,265542.3,A,6,0
ZAF,1995-09,269426.0,A,6,0
ZAF,1995-10,268260.1,A,6,0
ZAF,1995-11,274449.5,A,6,0
ZAF,1995-12,281155.7,A,6,0
ZAF,1996-01,279640.8,A,6,0
ZAF,1996-02,291694.2,A,6,0
ZAF,1996-03,299340.7,A,6,0
ZAF,1996-04,299025.4,A,6,0
ZAF,1996-05,304781.8,A,6,0
ZAF,1996-06,312717.8,A,6,0
ZAF,1996-07,312841.9,A,6,0
ZAF,1996-08,317925.0,A,6,0
ZAF,1996-09,320307.8,A,6,0
ZAF,1996-10,324312.7,A,6,0
ZAF,1996-11,326271.9,A,6,0
ZAF,1996-12,330448.0,A,6,0
ZAF,1997-01,332062.3,A,6,0
ZAF,1997-02,340282.7,A,6,0
ZAF,1997-03,350385.2,A,6,0
ZAF,1997-04,348617.3,A,6,0
ZAF,1997-05,355209.0,A,6,0
ZAF,1997-06,356320.0,A,6,0
ZAF,1997-07,358783.1,A,6,0
ZAF,1997-08,365301.8,A,6,0
ZAF,1997-09,378271.0,A,6,0
ZAF,1997-10,381648.8,A,6,0
ZAF,1997-11,385890.5,A,6,0
ZAF,1997-12,387631.5,A,6,0
ZAF,1998-01,389961.4,A,6,0
ZAF,1998-02,404068.6,A,6,0
ZAF,1998-03,403385.1,A,6,0
ZAF,1998-04,409587.7,A,6,0
ZAF,1998-05,409391.9,A,6,0
ZAF,1998-06,416795.3,A,6,0
ZAF,1998-07,414640.2,A,6,0
ZAF,1998-08,422305.6,A,6,0
ZAF,1998-09,426912.1,A,6,0
ZAF,1998-10,423001.6,A,6,0
ZAF,1998-11,434339.9,A,6,0
ZAF,1998-12,439480.2,A,6,0
ZAF,1999-01,434000.5,A,6,0
ZAF,1999-02,427558.5,A,6,0
ZAF,1999-03,441289.2,A,6,0
ZAF,1999-04,439665.4,A,6,0
ZAF,1999-05,439730.8,A,6,0
ZAF,1999-06,451139.4,A,6,0
ZAF,1999-07,447998.9,A,6,0
ZAF,1999-08,449036.9,A,6,0
ZAF,1999-09,464771.2,A,6,0
ZAF,1999-10,464465.0,A,6,0
ZAF,1999-11,478344.6,A,6,0
ZAF,1999-12,485419.3,A,6,0
ZAF,2000-01,476770.4,A,6,0
ZAF,2000-02,483461.5,A,6,0
ZAF,2000-03,481477.8,A,6,0
ZAF,2000-04,483000.8,A,6,0
ZAF,2000-05,480367.1,A,6,0
ZAF,2000-06,485205.9,A,6,0
ZAF,2000-07,476619.2,A,6,0
ZAF,2000-08,487018.0,A,6,0
ZAF,2000-09,502011.7,A,6,0
ZAF,2000-10,498983.8,A,6,0
ZAF,2000-11,506018.3,A,6,0
ZAF,2000-12,520665.2,A,6,0
ZAF,2001-01,522075.4,A,6,0
ZAF,2001-02,531785.1,A,6,0
ZAF,2001-03,542655.1,A,6,0
ZAF,2001-04,542466.2,A,6,0
ZAF,2001-05,546570.2,A,6,0
ZAF,2001-06,555304.3,A,6,0
ZAF,2001-07,562741.7,A,6,0
ZAF,2001-08,578100.0,A,6,0
ZAF,2001-09,577684.8,A,6,0
ZAF,2001-10,576874.9,A,6,0
ZAF,2001-11,592016.9,A,6,0
ZAF,2001-12,606276.4,A,6,0
ZAF,2002-01,628646.9,A,6,0
ZAF,2002-02,641818.4,A,6,0
ZAF,2002-03,651319.9,A,6,0
ZAF,2002-04,653225.0,A,6,0
ZAF,2002-05,672944.4,A,6,0
ZAF,2002-06,665433.2,A,6,0
ZAF,2002-07,668828.4,A,6,0
ZAF,2002-08,680242.4,A,6,0
ZAF,2002-09,684499.9,A,6,0
ZAF,2002-10,696022.3,A,6,0
ZAF,2002-11,709056.2,A,6,0
ZAF,2002-12,715817.1,A,6,0
ZAF,2003-01,722171.6,A,6,0
ZAF,2003-02,730638.1,A,6,0
ZAF,2003-03,738197.4,A,6,0
ZAF,2003-04,754188.2,A,6,0
ZAF,2003-05,761265.8,A,6,0
ZAF,2003-06,768365.3,A,6,0
ZAF,2003-07,772553.9,A,6,0
ZAF,2003-08,766699.8,A,6,0
ZAF,2003-09,784218.9,A,6,0
ZAF,2003-10,787217.9,A,6,0
ZAF,2003-11,801090.3,A,6,0
ZAF,2003-12,808046.6,A,6,0
ZAF,2004-01,813823.8,A,6,0
ZAF,2004-02,842209.2,A,6,0
ZAF,2004-03,844065.5,A,6,0
ZAF,2004-04,850491.4,A,6,0
ZAF,2004-05,845540.1,A,6,0
ZAF,2004-06,854903.6,A,6,0
ZAF,2004-07,857192.2,A,6,0
ZAF,2004-08,873804.0,A,6,0
ZAF,2004-09,897122.4,A,6,0
ZAF,2004-10,909577.8,A,6,0
ZAF,2004-11,913607.1,A,6,0
ZAF,2004-12,914149.7,A,6,0
ZAF,2005-01,919189.8,A,6,0
ZAF,2005-02,948338.0,A,6,0
ZAF,2005-03,947675.8,A,6,0
ZAF,2005-04,977945.3,A,6,0
ZAF,2005-05,983087.7,A,6,0
ZAF,2005-06,1000885.0,A,6,0
ZAF,2005-07,1027430.0,A,6,0
ZAF,2005-08,1039793.0,A,6,0
ZAF,2005-09,1052858.0,A,6,0
ZAF,2005-10,1059509.0,A,6,0
ZAF,2005-11,1068704.0,A,6,0
ZAF,2005-12,1101130.0,A,6,0
ZAF,2006-01,1105101.0,A,6,0
ZAF,2006-02,1152856.0,A,6,0
ZAF,2006-03,1205913.0,A,6,0
ZAF,2006-04,1207396.0,A,6,0
ZAF,2006-05,1224090.0,A,6,0
ZAF,2006-06,1234426.0,A,6,0
ZAF,2006-07,1246546.0,A,6,0
ZAF,2006-08,1265811.0,A,6,0
ZAF,2006-09,1283979.0,A,6,0
ZAF,2006-10,1310736.0,A,6,0
ZAF,2006-11,1341848.0,A,6,0
ZAF,2006-12,1349293.0,A,6,0
ZAF,2007-01,1348758.0,A,6,0
ZAF,2007-02,1418086.0,A,6,0
ZAF,2007-03,1447355.0,A,6,0
ZAF,2007-04,1476278.0,A,6,0
ZAF,2007-05,1501629.0,A,6,0
ZAF,2007-06,1523364.0,A,6,0
ZAF,2007-07,1551493.0,A,6,0
ZAF,2007-08,1592391.0,A,6,0
ZAF,2007-09,1604213.0,A,6,0
ZAF,2007-10,1616616.0,A,6,0
ZAF,2007-11,1652163.0,A,6,0
ZAF,2007-12,1667580.0,A,6,0
ZAF,2008-01,1679250.0,A,6,0
ZAF,2008-02,1710312.0,A,6,0
ZAF,2008-03,1743776.0,A,6,0
ZAF,2008-04,1783330.0,A,6,0
ZAF,2008-05,1811780.0,A,6,0
ZAF,2008-06,1826109.0,A,6,0
ZAF,2008-07,1847875.0,A,6,0
ZAF,2008-08,1851961.0,A,6,0
ZAF,2008-09,1867390.0,A,6,0
ZAF,2008-10,1889710.0,A,6,0
ZAF,2008-11,1942583.0,A,6,0
ZAF,2008-12,1915016.0,A,6,0
ZAF,2009-01,1913386.0,A,6,0
ZAF,2009-02,1935645.0,A,6,0
ZAF,2009-03,1928235.0,A,6,0
ZAF,2009-04,1934758.0,A,6,0
ZAF,2009-05,1954266.0,A,6,0
ZAF,2009-06,1935987.0,A,6,0
ZAF,2009-07,1952214.0,A,6,0
ZAF,2009-08,1953790.0,A,6,0
ZAF,2009-09,1942251.0,A,6,0
ZAF,2009-10,1940319.0,A,6,0
ZAF,2009-11,1954076.0,A,6,0
ZAF,2009-12,1949297.0,A,6,0
ZAF,2010-01,1924798.0,A,6,0
ZAF,2010-02,1938043.0,A,6,0
ZAF,2010-03,1958168.0,A,6,0
ZAF,2010-04,1967066.0,A,6,0
ZAF,2010-05,1980565.0,A,6,0
ZAF,2010-06,1983712.0,A,6,0
ZAF,2010-07,2025844.0,A,6,0
ZAF,2010-08,2039505.0,A,6,0
ZAF,2010-09,2041047.0,A,6,0
ZAF,2010-10,2063739.0,A,6,0
ZAF,2010-11,2095411.0,A,6,0
ZAF,2010-12,2084202.0,A,6,0
ZAF,2011-01,2082651.0,A,6,0
ZAF,2011-02,2084841.0,A,6,0
ZAF,2011-03,2086053.0,A,6,0
ZAF,2011-04,2085009.0,A,6,0
ZAF,2011-05,2102168.0,A,6,0
ZAF,2011-06,2103336.0,A,6,0
ZAF,2011-07,2139204.0,A,6,0
ZAF,2011-08,2166295.0,A,6,0
ZAF,2011-09,2179709.0,A,6,0
ZAF,2011-10,2213488.0,A,6,0
ZAF,2011-11,2246945.0,A,6,0
ZAF,2011-12,2256727.0,A,6,0
ZAF,2012-01,2222111.0,A,6,0
ZAF,2012-02,2207556.0,A,6,0
ZAF,2012-03,2224731.0,A,6,0
ZAF,2012-04,2213431.0,A,6,0
ZAF,2012-05,2237431.0,A,6,0
ZAF,2012-06,2250564.0,A,6,0
ZAF,2012-07,2316046.0,A,6,0
ZAF,2012-08,2334986.0,A,6,0
ZAF,2012-09,2344153.0,A,6,0
ZAF,2012-10,2339568.0,A,6,0
ZAF,2012-11,2387548.0,A,6,0
ZAF,2012-12,2373439.0,A,6,0
ZAF,2013-01,2372042.0,A,6,0
ZAF,2013-02,2373336.0,A,6,0
ZAF,2013-03,2404173.0,A,6,0
ZAF,2013-04,2434422.0,A,6,0
ZAF,2013-05,2455493.0,A,6,0
ZAF,2013-06,2456967.0,A,6,0
ZAF,2013-07,2486062.0,A,6,0
ZAF,2013-08,2495597.0,A,6,0
ZAF,2013-09,2508308.0,A,6,0
ZAF,2013-10,2503911.0,A,6,0
ZAF,2013-11,2536275.0,A,6,0
ZAF,2013-12,2512251.0,A,6,0
ZAF,2014-01,2521994.0,A,6,0
ZAF,2014-02,2512250.0,A,6,0
ZAF,2014-03,2591099.0,A,6,0
ZAF,2014-04,2602273.0,A,6,0
ZAF,2014-05,2639603.0,A,6,0
ZAF,2014-06,2632943.0,A,6,0
ZAF,2014-07,2653593.0,A,6,0
ZAF,2014-08,2652398.0,A,6,0
ZAF,2014-09,2702573.0,A,6,0
ZAF,2014-10,2703589.0,A,6,0
ZAF,2014-11,2745690.0,A,6,0
ZAF,2014-12,2693899.0,A,6,0
ZAF,2015-01,2704647.0,A,6,0
ZAF,2015-02,2713243.0,A,6,0
ZAF,2015-03,2780087.0,A,6,0
ZAF,2015-04,2816445.0,A,6,0
ZAF,2015-05,2855835.0,A,6,0
ZAF,2015-06,2861747.0,A,6,0
ZAF,2015-07,2923612.0,A,6,0
ZAF,2015-08,2916128.0,A,6,0
ZAF,2015-09,2930458.0,A,6,0
ZAF,2015-10,2967043.0,A,6,0
ZAF,2015-11,3002307.0,A,6,0
ZAF,2015-12,2975907.0,A,6,0
ZAF,2016-01,2939393.0,A,6,0
ZAF,2016-02,2945963.0,A,6,0
ZAF,2016-03,3023076.0,A,6,0
ZAF,2016-04,3021453.0,A,6,0
ZAF,2016-05,3031641.0,A,6,0
ZAF,2016-06,3021493.0,A,6,0
ZAF,2016-07,3052492.0,A,6,0
ZAF,2016-08,3076050.0,A,6,0
ZAF,2016-09,3095747.0,A,6,0
ZAF,2016-10,3163592.0,A,6,0
ZAF,2016-11,3145140.0,A,6,0
ZAF,2016-12,3156547.0,A,6,0
ZAF,2017-01,3170489.0,A,6,0
ZAF,2017-02,3139740.0,A,6,0
ZAF,2017-03,3192098.0,A,6,0
ZAF,2017-04,3182511.0,A,6,0
ZAF,2017-05,3215401.0,A,6,0
ZAF,2017-06,3205366.0,A,6,0
ZAF,2017-07,3266388.0,A,6,0
ZAF,2017-08,3287072.0,A,6,0
ZAF,2017-09,3316606.0,A,6,0
ZAF,2017-10,3322149.0,A,6,0
ZAF,2017-11,3353362.0,A,6,0
ZAF,2017-12,3359131.0,A,6,0
ZAF,2018-01,3355194.0,A,6,0
ZAF,2018-02,3356011.0,A,6,0
ZAF,2018-03,3397369.0,A,6,0
ZAF,2018-04,3385735.0,A,6,0
ZAF,2018-05,3399568.0,A,6,0
ZAF,2018-06,3390303.0,A,6,0
ZAF,2018-07,3462343.0,A,6,0
ZAF,2018-08,3515682.0,A,6,0
ZAF,2018-09,3548924.0,A,6,0
ZAF,2018-10,3521254.0,A,6,0
ZAF,2018-11,3544119.0,A,6,0
ZAF,2018-12,3545770.0,A,6,0
ZAF,2019-01,3525083.0,A,6,0
ZAF,2019-02,3533311.0,A,6,0
ZAF,2019-03,3632591.0,A,6,0
ZAF,2019-04,3681801.0,A,6,0
ZAF,2019-05,3707070.0,A,6,0
ZAF,2019-06,3694382.0,A,6,0
ZAF,2019-07,3748162.0,A,6,0
ZAF,2019-08,3778071.0,A,6,0
ZAF,2019-09,3767435.0,A,6,0
ZAF,2019-10,3778087.0,A,6,0
ZAF,2019-11,3806877.0,A,6,0
ZAF,2019-12,3763733.0,A,6,0
ZAF,2020-01,3774572.0,A,6,0
ZAF,2020-02,3807001.0,A,6,0
ZAF,2020-03,3976582.0,A,6,0
ZAF,2020-04,4065833.0,A,6,0
ZAF,2020-05,4098485.0,A,6,0
ZAF,2020-06,4101578.0,A,6,0
ZAF,2020-07,4142152.0,A,6,0
ZAF,2020-08,4187258.0,A,6,0
ZAF,2020-09,4123641.0,A,6,0
ZAF,2020-10,4148408.0,A,6,0
ZAF,2020-11,4116973.0,A,6,0
ZAF,2020-12,4118602.0,A,6,0
ZAF,2021-01,4119910.0,A,6,0
ZAF,2021-02,4091883.0,A,6,0
ZAF,2021-03,4120597.0,A,6,0
ZAF,2021-04,4148072.0,A,6,0
ZAF,2021-05,4173186.0,A,6,0
ZAF,2021-06,4106700.0,A,6,0
ZAF,2021-07,4221929.0,A,6,0
ZAF,2021-08,4283957.0,A,6,0
ZAF,2021-09,4289043.0,A,6,0
ZAF,2021-10,4280907.0,A,6,0
ZAF,2021-11,4378672.0,A,6,0
ZAF,2021-12,4353021.0,A,6,0
ZAF,2022-01,4352642.0,A,6,0
ZAF,2022-02,4354718.0,A,6,0
ZAF,2022-03,4467327.0,A,6,0
ZAF,2022-04,4458504.0,A,6,0
ZAF,2022-05,4474981.0,A,6,0
ZAF,2022-06,4448506.0,A,6,0
ZAF,2022-07,4564870.0,A,6,0
ZAF,2022-08,4631848.0,A,6,0
ZAF,2022-09,4665372.0,A,6,0
ZAF,2022-10,4701157.0,A,6,0
ZAF,2022-11,4762261.0,A,6,0
ZAF,2022-12,4727556.0,A,6,0
ZAF,2023-01,4769865.0,A,6,0
ZAF,2023-02,4826185.0,A,6,0
ZAF,2023-03,4865415.0,A,6,0
ZAF,2023-04,4911044.0,A,6,0
ZAF,2023-05,4936612.0,A,6,0
ZAF,2023-06,4945547.0,A,6,0
ZAF,2023-07,4989931.0,A,6,0
ZAF,2023-08,5027440.0,A,6,0
ZAF,2023-09,5023777.0,A,6,0
ZAF,2023-10,4987588.0,A,6,0
ZAF,2023-11,5022668.0,A,6,0
ZAF,2023-12,5088962.0,A,6,0
ZAF,2024-01,5085033.0,A,6,0
ZAF,2024-02,5101846.0,A,6,0
ZAF,2024-03,5198631.0,A,6,0
ZAF,2024-04,5193192.0,A,6,0
ZAF,2024-05,5169819.0,A,6,0
ZAF,2024-06,5152758.0,A,6,0
ZAF,2024-07,5283170.0,A,6,0
ZAF,2024-08,5334666.0,A,6,0
ZAF,2024-09,5388108.0,A,6,0
ZAF,2024-10,5377111.0,A,6,0
ZAF,2024-11,5413058.0,A,6,0
ZAF,2024-12,5430518.0,A,6,0
ZAF,2025-01,5445905.0,A,6,0
ZAF,2025-02,5410688.0,A,6,0
ZAF,2025-03,5498316.0,A,6,0
ZAF,2025-04,5510863.0,A,6,0
ZAF,2025-05,5524241.0,A,6,0
ZAF,2025-06,5527443.0,A,6,0
ZAF,2025-07,5639593.0,A,6,0
ZAF,2025-08,5664228.0,A,6,0
ZAF,2025-09,5715155.0,A,6,0
ZAF,2025-10,5781623.0,A,6,0
ZAF,2025-11,5860356.0,A,6,0
ZAF,2025-12,5850271.0,A,6,0
ZAF,2026-01,5850916.0,A,6,0
ZAF,2026-02,5864204.0,A,6,0
ZAF,2026-03,5990928.0,A,6,0
ZAF,2026-04,6051806.0,A,6,0
ZAF,2026-05,6053842.0,A,6,0
