market,year,fuel_exports_pct,indicator_code,indicator_name
AUS,1960,,TX.VAL.FUEL.ZS.UN,Fuel exports (% of merchandise exports)
AUS,1961,,TX.VAL.FUEL.ZS.UN,Fuel exports (% of merchandise exports)
AUS,1962,,TX.VAL.FUEL.ZS.UN,Fuel exports (% of merchandise exports)
AUS,1963,3.09052904083863,TX.VAL.FUEL.ZS.UN,Fuel exports (% of merchandise exports)
AUS,1964,2.7926183983889,TX.VAL.FUEL.ZS.UN,Fuel exports (% of merchandise exports)
AUS,1965,3.14492325035777,TX.VAL.FUEL.ZS.UN,Fuel exports (% of merchandise exports)
AUS,1966,3.47381524557627,TX.VAL.FUEL.ZS.UN,Fuel exports (% of merchandise exports)
AUS,1967,3.70859185590197,TX.VAL.FUEL.ZS.UN,Fuel exports (% of merchandise exports)
AUS,1968,4.64352725082732,TX.VAL.FUEL.ZS.UN,Fuel exports (% of merchandise exports)
AUS,1969,4.84659354267146,TX.VAL.FUEL.ZS.UN,Fuel exports (% of merchandise exports)
AUS,1970,5.58482448125533,TX.VAL.FUEL.ZS.UN,Fuel exports (% of merchandise exports)
AUS,1971,6.42308667233811,TX.VAL.FUEL.ZS.UN,Fuel exports (% of merchandise exports)
AUS,1972,6.33087039424475,TX.VAL.FUEL.ZS.UN,Fuel exports (% of merchandise exports)
AUS,1973,6.31547716069807,TX.VAL.FUEL.ZS.UN,Fuel exports (% of merchandise exports)
AUS,1974,8.83691948566639,TX.VAL.FUEL.ZS.UN,Fuel exports (% of merchandise exports)
AUS,1975,11.8748666223208,TX.VAL.FUEL.ZS.UN,Fuel exports (% of merchandise exports)
AUS,1976,12.7631582755407,TX.VAL.FUEL.ZS.UN,Fuel exports (% of merchandise exports)
AUS,1977,13.6131302050502,TX.VAL.FUEL.ZS.UN,Fuel exports (% of merchandise exports)
AUS,1978,14.1659177962979,TX.VAL.FUEL.ZS.UN,Fuel exports (% of merchandise exports)
AUS,1979,12.2444724016882,TX.VAL.FUEL.ZS.UN,Fuel exports (% of merchandise exports)
AUS,1980,11.1392639568292,TX.VAL.FUEL.ZS.UN,Fuel exports (% of merchandise exports)
AUS,1981,16.0064029708026,TX.VAL.FUEL.ZS.UN,Fuel exports (% of merchandise exports)
AUS,1982,18.2198286244814,TX.VAL.FUEL.ZS.UN,Fuel exports (% of merchandise exports)
AUS,1983,23.1569387056819,TX.VAL.FUEL.ZS.UN,Fuel exports (% of merchandise exports)
AUS,1984,24.3570270548502,TX.VAL.FUEL.ZS.UN,Fuel exports (% of merchandise exports)
AUS,1985,26.9110893271408,TX.VAL.FUEL.ZS.UN,Fuel exports (% of merchandise exports)
AUS,1986,22.8288802886391,TX.VAL.FUEL.ZS.UN,Fuel exports (% of merchandise exports)
AUS,1987,20.9376950663451,TX.VAL.FUEL.ZS.UN,Fuel exports (% of merchandise exports)
AUS,1988,16.1889646633392,TX.VAL.FUEL.ZS.UN,Fuel exports (% of merchandise exports)
AUS,1989,16.4115198707654,TX.VAL.FUEL.ZS.UN,Fuel exports (% of merchandise exports)
AUS,1990,19.96695021361,TX.VAL.FUEL.ZS.UN,Fuel exports (% of merchandise exports)
AUS,1991,21.5918131377711,TX.VAL.FUEL.ZS.UN,Fuel exports (% of merchandise exports)
AUS,1992,21.1705850872818,TX.VAL.FUEL.ZS.UN,Fuel exports (% of merchandise exports)
AUS,1993,20.4247986391247,TX.VAL.FUEL.ZS.UN,Fuel exports (% of merchandise exports)
AUS,1994,17.3291132309473,TX.VAL.FUEL.ZS.UN,Fuel exports (% of merchandise exports)
AUS,1995,17.6093714518551,TX.VAL.FUEL.ZS.UN,Fuel exports (% of merchandise exports)
AUS,1996,17.7443594842727,TX.VAL.FUEL.ZS.UN,Fuel exports (% of merchandise exports)
AUS,1997,18.5455847448969,TX.VAL.FUEL.ZS.UN,Fuel exports (% of merchandise exports)
AUS,1998,17.9197050426655,TX.VAL.FUEL.ZS.UN,Fuel exports (% of merchandise exports)
AUS,1999,18.2537981353932,TX.VAL.FUEL.ZS.UN,Fuel exports (% of merchandise exports)
AUS,2000,20.8946525176662,TX.VAL.FUEL.ZS.UN,Fuel exports (% of merchandise exports)
AUS,2001,20.7632634392125,TX.VAL.FUEL.ZS.UN,Fuel exports (% of merchandise exports)
AUS,2002,20.6885878896859,TX.VAL.FUEL.ZS.UN,Fuel exports (% of merchandise exports)
AUS,2003,19.7891403177955,TX.VAL.FUEL.ZS.UN,Fuel exports (% of merchandise exports)
AUS,2004,20.2580997989942,TX.VAL.FUEL.ZS.UN,Fuel exports (% of merchandise exports)
AUS,2005,25.5954420135177,TX.VAL.FUEL.ZS.UN,Fuel exports (% of merchandise exports)
AUS,2006,24.0426378728198,TX.VAL.FUEL.ZS.UN,Fuel exports (% of merchandise exports)
AUS,2007,22.753481991862,TX.VAL.FUEL.ZS.UN,Fuel exports (% of merchandise exports)
AUS,2008,32.0401854111947,TX.VAL.FUEL.ZS.UN,Fuel exports (% of merchandise exports)
AUS,2009,29.5069766889764,TX.VAL.FUEL.ZS.UN,Fuel exports (% of merchandise exports)
AUS,2010,28.8807033400941,TX.VAL.FUEL.ZS.UN,Fuel exports (% of merchandise exports)
AUS,2011,28.1410909707876,TX.VAL.FUEL.ZS.UN,Fuel exports (% of merchandise exports)
AUS,2012,28.4455055361525,TX.VAL.FUEL.ZS.UN,Fuel exports (% of merchandise exports)
AUS,2013,25.8653275837181,TX.VAL.FUEL.ZS.UN,Fuel exports (% of merchandise exports)
AUS,2014,26.5990592811953,TX.VAL.FUEL.ZS.UN,Fuel exports (% of merchandise exports)
AUS,2015,25.2908141411795,TX.VAL.FUEL.ZS.UN,Fuel exports (% of merchandise exports)
AUS,2016,25.5970925023236,TX.VAL.FUEL.ZS.UN,Fuel exports (% of merchandise exports)
AUS,2017,30.3161990720307,TX.VAL.FUEL.ZS.UN,Fuel exports (% of merchandise exports)
AUS,2018,35.535320392044,TX.VAL.FUEL.ZS.UN,Fuel exports (% of merchandise exports)
AUS,2019,32.4480251523319,TX.VAL.FUEL.ZS.UN,Fuel exports (% of merchandise exports)
AUS,2020,21.3125228177134,TX.VAL.FUEL.ZS.UN,Fuel exports (% of merchandise exports)
AUS,2021,27.706071696529,TX.VAL.FUEL.ZS.UN,Fuel exports (% of merchandise exports)
AUS,2022,42.6954661318656,TX.VAL.FUEL.ZS.UN,Fuel exports (% of merchandise exports)
AUS,2023,34.9834475509909,TX.VAL.FUEL.ZS.UN,Fuel exports (% of merchandise exports)
AUS,2024,33.1901228403116,TX.VAL.FUEL.ZS.UN,Fuel exports (% of merchandise exports)
AUS,2025,26.8943988141127,TX.VAL.FUEL.ZS.UN,Fuel exports (% of merchandise exports)
BEL,1960,,TX.VAL.FUEL.ZS.UN,Fuel exports (% of merchandise exports)
BEL,1961,,TX.VAL.FUEL.ZS.UN,Fuel exports (% of merchandise exports)
BEL,1962,3.81032781583491,TX.VAL.FUEL.ZS.UN,Fuel exports (% of merchandise exports)
BEL,1963,4.49340459183063,TX.VAL.FUEL.ZS.UN,Fuel exports (% of merchandise exports)
BEL,1964,3.92907296649019,TX.VAL.FUEL.ZS.UN,Fuel exports (% of merchandise exports)
BEL,1965,3.24117143898071,TX.VAL.FUEL.ZS.UN,Fuel exports (% of merchandise exports)
BEL,1966,2.77278416135959,TX.VAL.FUEL.ZS.UN,Fuel exports (% of merchandise exports)
BEL,1967,2.77506480080913,TX.VAL.FUEL.ZS.UN,Fuel exports (% of merchandise exports)
BEL,1968,3.11945290045261,TX.VAL.FUEL.ZS.UN,Fuel exports (% of merchandise exports)
BEL,1969,3.30144182986308,TX.VAL.FUEL.ZS.UN,Fuel exports (% of merchandise exports)
BEL,1970,2.66735341553739,TX.VAL.FUEL.ZS.UN,Fuel exports (% of merchandise exports)
BEL,1971,2.68136876973814,TX.VAL.FUEL.ZS.UN,Fuel exports (% of merchandise exports)
BEL,1972,2.90466745823673,TX.VAL.FUEL.ZS.UN,Fuel exports (% of merchandise exports)
BEL,1973,2.85185250475394,TX.VAL.FUEL.ZS.UN,Fuel exports (% of merchandise exports)
BEL,1974,3.33355454295695,TX.VAL.FUEL.ZS.UN,Fuel exports (% of merchandise exports)
BEL,1975,4.84261592485309,TX.VAL.FUEL.ZS.UN,Fuel exports (% of merchandise exports)
BEL,1976,4.79604436926442,TX.VAL.FUEL.ZS.UN,Fuel exports (% of merchandise exports)
BEL,1977,5.37270917073247,TX.VAL.FUEL.ZS.UN,Fuel exports (% of merchandise exports)
BEL,1978,4.2692226246138,TX.VAL.FUEL.ZS.UN,Fuel exports (% of merchandise exports)
BEL,1979,6.28686503422575,TX.VAL.FUEL.ZS.UN,Fuel exports (% of merchandise exports)
BEL,1980,8.30119309894654,TX.VAL.FUEL.ZS.UN,Fuel exports (% of merchandise exports)
BEL,1981,8.98265122615238,TX.VAL.FUEL.ZS.UN,Fuel exports (% of merchandise exports)
BEL,1982,8.58935078184816,TX.VAL.FUEL.ZS.UN,Fuel exports (% of merchandise exports)
BEL,1983,8.30923374171854,TX.VAL.FUEL.ZS.UN,Fuel exports (% of merchandise exports)
BEL,1984,7.81222027262073,TX.VAL.FUEL.ZS.UN,Fuel exports (% of merchandise exports)
BEL,1985,6.45104880598908,TX.VAL.FUEL.ZS.UN,Fuel exports (% of merchandise exports)
BEL,1986,4.80183056055634,TX.VAL.FUEL.ZS.UN,Fuel exports (% of merchandise exports)
BEL,1987,3.68685749408099,TX.VAL.FUEL.ZS.UN,Fuel exports (% of merchandise exports)
BEL,1988,,TX.VAL.FUEL.ZS.UN,Fuel exports (% of merchandise exports)
BEL,1989,,TX.VAL.FUEL.ZS.UN,Fuel exports (% of merchandise exports)
BEL,1990,,TX.VAL.FUEL.ZS.UN,Fuel exports (% of merchandise exports)
BEL,1991,,TX.VAL.FUEL.ZS.UN,Fuel exports (% of merchandise exports)
BEL,1992,,TX.VAL.FUEL.ZS.UN,Fuel exports (% of merchandise exports)
BEL,1993,,TX.VAL.FUEL.ZS.UN,Fuel exports (% of merchandise exports)
BEL,1994,,TX.VAL.FUEL.ZS.UN,Fuel exports (% of merchandise exports)
BEL,1995,,TX.VAL.FUEL.ZS.UN,Fuel exports (% of merchandise exports)
BEL,1996,,TX.VAL.FUEL.ZS.UN,Fuel exports (% of merchandise exports)
BEL,1997,,TX.VAL.FUEL.ZS.UN,Fuel exports (% of merchandise exports)
BEL,1998,,TX.VAL.FUEL.ZS.UN,Fuel exports (% of merchandise exports)
BEL,1999,2.9046796708585,TX.VAL.FUEL.ZS.UN,Fuel exports (% of merchandise exports)
BEL,2000,4.57326410348979,TX.VAL.FUEL.ZS.UN,Fuel exports (% of merchandise exports)
BEL,2001,4.01544181292639,TX.VAL.FUEL.ZS.UN,Fuel exports (% of merchandise exports)
BEL,2002,4.34668748676423,TX.VAL.FUEL.ZS.UN,Fuel exports (% of merchandise exports)
BEL,2003,5.34845991089838,TX.VAL.FUEL.ZS.UN,Fuel exports (% of merchandise exports)
BEL,2004,5.76918485611779,TX.VAL.FUEL.ZS.UN,Fuel exports (% of merchandise exports)
BEL,2005,7.07173210089715,TX.VAL.FUEL.ZS.UN,Fuel exports (% of merchandise exports)
BEL,2006,7.94534285062889,TX.VAL.FUEL.ZS.UN,Fuel exports (% of merchandise exports)
BEL,2007,7.08101586489845,TX.VAL.FUEL.ZS.UN,Fuel exports (% of merchandise exports)
BEL,2008,9.30589462902827,TX.VAL.FUEL.ZS.UN,Fuel exports (% of merchandise exports)
BEL,2009,7.51109808223464,TX.VAL.FUEL.ZS.UN,Fuel exports (% of merchandise exports)
BEL,2010,10.3739901023143,TX.VAL.FUEL.ZS.UN,Fuel exports (% of merchandise exports)
BEL,2011,12.1931618935507,TX.VAL.FUEL.ZS.UN,Fuel exports (% of merchandise exports)
BEL,2012,13.0325708988809,TX.VAL.FUEL.ZS.UN,Fuel exports (% of merchandise exports)
BEL,2013,13.3095614294528,TX.VAL.FUEL.ZS.UN,Fuel exports (% of merchandise exports)
BEL,2014,11.412711291998,TX.VAL.FUEL.ZS.UN,Fuel exports (% of merchandise exports)
BEL,2015,8.79106425780424,TX.VAL.FUEL.ZS.UN,Fuel exports (% of merchandise exports)
BEL,2016,6.4322902040803,TX.VAL.FUEL.ZS.UN,Fuel exports (% of merchandise exports)
BEL,2017,7.24844554179977,TX.VAL.FUEL.ZS.UN,Fuel exports (% of merchandise exports)
BEL,2018,8.57049718783793,TX.VAL.FUEL.ZS.UN,Fuel exports (% of merchandise exports)
BEL,2019,7.37737113355612,TX.VAL.FUEL.ZS.UN,Fuel exports (% of merchandise exports)
BEL,2020,5.01820736696729,TX.VAL.FUEL.ZS.UN,Fuel exports (% of merchandise exports)
BEL,2021,8.81647347599391,TX.VAL.FUEL.ZS.UN,Fuel exports (% of merchandise exports)
BEL,2022,20.0905155012378,TX.VAL.FUEL.ZS.UN,Fuel exports (% of merchandise exports)
BEL,2023,13.169192837343,TX.VAL.FUEL.ZS.UN,Fuel exports (% of merchandise exports)
BEL,2024,11.6008457411399,TX.VAL.FUEL.ZS.UN,Fuel exports (% of merchandise exports)
BEL,2025,,TX.VAL.FUEL.ZS.UN,Fuel exports (% of merchandise exports)
BRA,1960,,TX.VAL.FUEL.ZS.UN,Fuel exports (% of merchandise exports)
BRA,1961,,TX.VAL.FUEL.ZS.UN,Fuel exports (% of merchandise exports)
BRA,1962,0.612005555642229,TX.VAL.FUEL.ZS.UN,Fuel exports (% of merchandise exports)
BRA,1963,0.66962834270723,TX.VAL.FUEL.ZS.UN,Fuel exports (% of merchandise exports)
BRA,1964,0.186358952541575,TX.VAL.FUEL.ZS.UN,Fuel exports (% of merchandise exports)
BRA,1965,0.000485497404061802,TX.VAL.FUEL.ZS.UN,Fuel exports (% of merchandise exports)
BRA,1966,,TX.VAL.FUEL.ZS.UN,Fuel exports (% of merchandise exports)
BRA,1967,0.050408789912482,TX.VAL.FUEL.ZS.UN,Fuel exports (% of merchandise exports)
BRA,1968,0.0339045420876149,TX.VAL.FUEL.ZS.UN,Fuel exports (% of merchandise exports)
BRA,1969,0.144149331388812,TX.VAL.FUEL.ZS.UN,Fuel exports (% of merchandise exports)
BRA,1970,0.581632320624406,TX.VAL.FUEL.ZS.UN,Fuel exports (% of merchandise exports)
BRA,1971,0.827027019342867,TX.VAL.FUEL.ZS.UN,Fuel exports (% of merchandise exports)
BRA,1972,1.00219141409849,TX.VAL.FUEL.ZS.UN,Fuel exports (% of merchandise exports)
BRA,1973,1.34798462534769,TX.VAL.FUEL.ZS.UN,Fuel exports (% of merchandise exports)
BRA,1974,1.39158302052191,TX.VAL.FUEL.ZS.UN,Fuel exports (% of merchandise exports)
BRA,1975,2.31537635726927,TX.VAL.FUEL.ZS.UN,Fuel exports (% of merchandise exports)
BRA,1976,2.47480162106379,TX.VAL.FUEL.ZS.UN,Fuel exports (% of merchandise exports)
BRA,1977,1.78691504265173,TX.VAL.FUEL.ZS.UN,Fuel exports (% of merchandise exports)
BRA,1978,1.55128270620942,TX.VAL.FUEL.ZS.UN,Fuel exports (% of merchandise exports)
BRA,1979,1.49597263942829,TX.VAL.FUEL.ZS.UN,Fuel exports (% of merchandise exports)
BRA,1980,1.77601692072465,TX.VAL.FUEL.ZS.UN,Fuel exports (% of merchandise exports)
BRA,1981,5.05565512187762,TX.VAL.FUEL.ZS.UN,Fuel exports (% of merchandise exports)
BRA,1982,7.15570915277825,TX.VAL.FUEL.ZS.UN,Fuel exports (% of merchandise exports)
BRA,1983,5.29088505956537,TX.VAL.FUEL.ZS.UN,Fuel exports (% of merchandise exports)
BRA,1984,6.7678845692108,TX.VAL.FUEL.ZS.UN,Fuel exports (% of merchandise exports)
BRA,1985,6.35625773629529,TX.VAL.FUEL.ZS.UN,Fuel exports (% of merchandise exports)
BRA,1986,3.12467488216838,TX.VAL.FUEL.ZS.UN,Fuel exports (% of merchandise exports)
BRA,1987,3.60793733843234,TX.VAL.FUEL.ZS.UN,Fuel exports (% of merchandise exports)
BRA,1988,,TX.VAL.FUEL.ZS.UN,Fuel exports (% of merchandise exports)
BRA,1989,2.47846260917892,TX.VAL.FUEL.ZS.UN,Fuel exports (% of merchandise exports)
BRA,1990,2.17274623720328,TX.VAL.FUEL.ZS.UN,Fuel exports (% of merchandise exports)
BRA,1991,1.37841746275907,TX.VAL.FUEL.ZS.UN,Fuel exports (% of merchandise exports)
BRA,1992,1.60640672826572,TX.VAL.FUEL.ZS.UN,Fuel exports (% of merchandise exports)
BRA,1993,1.66641390246461,TX.VAL.FUEL.ZS.UN,Fuel exports (% of merchandise exports)
BRA,1994,1.81740799878882,TX.VAL.FUEL.ZS.UN,Fuel exports (% of merchandise exports)
BRA,1995,0.883010356694704,TX.VAL.FUEL.ZS.UN,Fuel exports (% of merchandise exports)
BRA,1996,0.881497348161001,TX.VAL.FUEL.ZS.UN,Fuel exports (% of merchandise exports)
BRA,1997,0.601043144053385,TX.VAL.FUEL.ZS.UN,Fuel exports (% of merchandise exports)
BRA,1998,0.690670677236703,TX.VAL.FUEL.ZS.UN,Fuel exports (% of merchandise exports)
BRA,1999,0.841946049642259,TX.VAL.FUEL.ZS.UN,Fuel exports (% of merchandise exports)
BRA,2000,1.64799481860444,TX.VAL.FUEL.ZS.UN,Fuel exports (% of merchandise exports)
BRA,2001,3.58999518895038,TX.VAL.FUEL.ZS.UN,Fuel exports (% of merchandise exports)
BRA,2002,4.88298916852666,TX.VAL.FUEL.ZS.UN,Fuel exports (% of merchandise exports)
BRA,2003,5.18581641390888,TX.VAL.FUEL.ZS.UN,Fuel exports (% of merchandise exports)
BRA,2004,4.57386755418818,TX.VAL.FUEL.ZS.UN,Fuel exports (% of merchandise exports)
BRA,2005,5.99044785506381,TX.VAL.FUEL.ZS.UN,Fuel exports (% of merchandise exports)
BRA,2006,7.6849024441964,TX.VAL.FUEL.ZS.UN,Fuel exports (% of merchandise exports)
BRA,2007,8.3200987153992,TX.VAL.FUEL.ZS.UN,Fuel exports (% of merchandise exports)
BRA,2008,9.54679022247767,TX.VAL.FUEL.ZS.UN,Fuel exports (% of merchandise exports)
BRA,2009,8.99747965310975,TX.VAL.FUEL.ZS.UN,Fuel exports (% of merchandise exports)
BRA,2010,9.90018294064999,TX.VAL.FUEL.ZS.UN,Fuel exports (% of merchandise exports)
BRA,2011,10.5615058710782,TX.VAL.FUEL.ZS.UN,Fuel exports (% of merchandise exports)
BRA,2012,11.0241509437928,TX.VAL.FUEL.ZS.UN,Fuel exports (% of merchandise exports)
BRA,2013,7.66385116284542,TX.VAL.FUEL.ZS.UN,Fuel exports (% of merchandise exports)
BRA,2014,9.34729459467066,TX.VAL.FUEL.ZS.UN,Fuel exports (% of merchandise exports)
BRA,2015,7.36062490155865,TX.VAL.FUEL.ZS.UN,Fuel exports (% of merchandise exports)
BRA,2016,6.45092898767891,TX.VAL.FUEL.ZS.UN,Fuel exports (% of merchandise exports)
BRA,2017,8.70889192124879,TX.VAL.FUEL.ZS.UN,Fuel exports (% of merchandise exports)
BRA,2018,12.7686622344956,TX.VAL.FUEL.ZS.UN,Fuel exports (% of merchandise exports)
BRA,2019,13.7087051192779,TX.VAL.FUEL.ZS.UN,Fuel exports (% of merchandise exports)
BRA,2020,11.8904796185398,TX.VAL.FUEL.ZS.UN,Fuel exports (% of merchandise exports)
BRA,2021,13.6578322774084,TX.VAL.FUEL.ZS.UN,Fuel exports (% of merchandise exports)
BRA,2022,16.9977876592036,TX.VAL.FUEL.ZS.UN,Fuel exports (% of merchandise exports)
BRA,2023,16.2396336722963,TX.VAL.FUEL.ZS.UN,Fuel exports (% of merchandise exports)
BRA,2024,16.958206628778,TX.VAL.FUEL.ZS.UN,Fuel exports (% of merchandise exports)
BRA,2025,16.1168674307759,TX.VAL.FUEL.ZS.UN,Fuel exports (% of merchandise exports)
CAN,1960,,TX.VAL.FUEL.ZS.UN,Fuel exports (% of merchandise exports)
CAN,1961,,TX.VAL.FUEL.ZS.UN,Fuel exports (% of merchandise exports)
CAN,1962,8.78781587742788,TX.VAL.FUEL.ZS.UN,Fuel exports (% of merchandise exports)
CAN,1963,5.0246924483559,TX.VAL.FUEL.ZS.UN,Fuel exports (% of merchandise exports)
CAN,1964,4.96141517352278,TX.VAL.FUEL.ZS.UN,Fuel exports (% of merchandise exports)
CAN,1965,5.08876133658409,TX.VAL.FUEL.ZS.UN,Fuel exports (% of merchandise exports)
CAN,1966,4.8380132372622,TX.VAL.FUEL.ZS.UN,Fuel exports (% of merchandise exports)
CAN,1967,5.2872589460858,TX.VAL.FUEL.ZS.UN,Fuel exports (% of merchandise exports)
CAN,1968,5.1343535345561,TX.VAL.FUEL.ZS.UN,Fuel exports (% of merchandise exports)
CAN,1969,5.40691125323815,TX.VAL.FUEL.ZS.UN,Fuel exports (% of merchandise exports)
CAN,1970,6.04494386465514,TX.VAL.FUEL.ZS.UN,Fuel exports (% of merchandise exports)
CAN,1971,7.13809600175385,TX.VAL.FUEL.ZS.UN,Fuel exports (% of merchandise exports)
CAN,1972,8.59324742687636,TX.VAL.FUEL.ZS.UN,Fuel exports (% of merchandise exports)
CAN,1973,9.78095975037258,TX.VAL.FUEL.ZS.UN,Fuel exports (% of merchandise exports)
CAN,1974,15.7984143067848,TX.VAL.FUEL.ZS.UN,Fuel exports (% of merchandise exports)
CAN,1975,16.5125895237941,TX.VAL.FUEL.ZS.UN,Fuel exports (% of merchandise exports)
CAN,1976,13.8114537144438,TX.VAL.FUEL.ZS.UN,Fuel exports (% of merchandise exports)
CAN,1977,12.5225069799908,TX.VAL.FUEL.ZS.UN,Fuel exports (% of merchandise exports)
CAN,1978,10.9241382530573,TX.VAL.FUEL.ZS.UN,Fuel exports (% of merchandise exports)
CAN,1979,13.2093613334618,TX.VAL.FUEL.ZS.UN,Fuel exports (% of merchandise exports)
CAN,1980,14.2782916335286,TX.VAL.FUEL.ZS.UN,Fuel exports (% of merchandise exports)
CAN,1981,13.8409554215054,TX.VAL.FUEL.ZS.UN,Fuel exports (% of merchandise exports)
CAN,1982,14.3353531918953,TX.VAL.FUEL.ZS.UN,Fuel exports (% of merchandise exports)
CAN,1983,13.759514794723,TX.VAL.FUEL.ZS.UN,Fuel exports (% of merchandise exports)
CAN,1984,13.1029416592401,TX.VAL.FUEL.ZS.UN,Fuel exports (% of merchandise exports)
CAN,1985,14.0507464018535,TX.VAL.FUEL.ZS.UN,Fuel exports (% of merchandise exports)
CAN,1986,9.65404705252112,TX.VAL.FUEL.ZS.UN,Fuel exports (% of merchandise exports)
CAN,1987,10.1008578319833,TX.VAL.FUEL.ZS.UN,Fuel exports (% of merchandise exports)
CAN,1988,9.00305383476602,TX.VAL.FUEL.ZS.UN,Fuel exports (% of merchandise exports)
CAN,1989,9.1855853787745,TX.VAL.FUEL.ZS.UN,Fuel exports (% of merchandise exports)
CAN,1990,9.98614938509996,TX.VAL.FUEL.ZS.UN,Fuel exports (% of merchandise exports)
CAN,1991,10.783301440987,TX.VAL.FUEL.ZS.UN,Fuel exports (% of merchandise exports)
CAN,1992,10.3028321839473,TX.VAL.FUEL.ZS.UN,Fuel exports (% of merchandise exports)
CAN,1993,10.5027688679219,TX.VAL.FUEL.ZS.UN,Fuel exports (% of merchandise exports)
CAN,1994,9.68688124373483,TX.VAL.FUEL.ZS.UN,Fuel exports (% of merchandise exports)
CAN,1995,9.11003445292849,TX.VAL.FUEL.ZS.UN,Fuel exports (% of merchandise exports)
CAN,1996,10.4794606794617,TX.VAL.FUEL.ZS.UN,Fuel exports (% of merchandise exports)
CAN,1997,10.1852291084557,TX.VAL.FUEL.ZS.UN,Fuel exports (% of merchandise exports)
CAN,1998,8.23662529510941,TX.VAL.FUEL.ZS.UN,Fuel exports (% of merchandise exports)
CAN,1999,8.48546537418759,TX.VAL.FUEL.ZS.UN,Fuel exports (% of merchandise exports)
CAN,2000,14.097379549686,TX.VAL.FUEL.ZS.UN,Fuel exports (% of merchandise exports)
CAN,2001,15.3001928011191,TX.VAL.FUEL.ZS.UN,Fuel exports (% of merchandise exports)
CAN,2002,12.6185161385063,TX.VAL.FUEL.ZS.UN,Fuel exports (% of merchandise exports)
CAN,2003,16.1206014067341,TX.VAL.FUEL.ZS.UN,Fuel exports (% of merchandise exports)
CAN,2004,17.7567638842642,TX.VAL.FUEL.ZS.UN,Fuel exports (% of merchandise exports)
CAN,2005,21.4038513666457,TX.VAL.FUEL.ZS.UN,Fuel exports (% of merchandise exports)
CAN,2006,21.1379598727868,TX.VAL.FUEL.ZS.UN,Fuel exports (% of merchandise exports)
CAN,2007,22.1140329189937,TX.VAL.FUEL.ZS.UN,Fuel exports (% of merchandise exports)
CAN,2008,29.1358336622959,TX.VAL.FUEL.ZS.UN,Fuel exports (% of merchandise exports)
CAN,2009,24.4206443987166,TX.VAL.FUEL.ZS.UN,Fuel exports (% of merchandise exports)
CAN,2010,25.3243673228047,TX.VAL.FUEL.ZS.UN,Fuel exports (% of merchandise exports)
CAN,2011,27.4324660090794,TX.VAL.FUEL.ZS.UN,Fuel exports (% of merchandise exports)
CAN,2012,25.624190392384,TX.VAL.FUEL.ZS.UN,Fuel exports (% of merchandise exports)
CAN,2013,26.361569817347,TX.VAL.FUEL.ZS.UN,Fuel exports (% of merchandise exports)
CAN,2014,28.8930710605179,TX.VAL.FUEL.ZS.UN,Fuel exports (% of merchandise exports)
CAN,2015,20.6034302087075,TX.VAL.FUEL.ZS.UN,Fuel exports (% of merchandise exports)
CAN,2016,17.6256219682134,TX.VAL.FUEL.ZS.UN,Fuel exports (% of merchandise exports)
CAN,2017,21.9517954420132,TX.VAL.FUEL.ZS.UN,Fuel exports (% of merchandise exports)
CAN,2018,24.0190349725915,TX.VAL.FUEL.ZS.UN,Fuel exports (% of merchandise exports)
CAN,2019,22.1408507825001,TX.VAL.FUEL.ZS.UN,Fuel exports (% of merchandise exports)
CAN,2020,17.7117312023626,TX.VAL.FUEL.ZS.UN,Fuel exports (% of merchandise exports)
CAN,2021,23.8688657837555,TX.VAL.FUEL.ZS.UN,Fuel exports (% of merchandise exports)
CAN,2022,30.1749905885513,TX.VAL.FUEL.ZS.UN,Fuel exports (% of merchandise exports)
CAN,2023,25.1997448504993,TX.VAL.FUEL.ZS.UN,Fuel exports (% of merchandise exports)
CAN,2024,27.6974112165315,TX.VAL.FUEL.ZS.UN,Fuel exports (% of merchandise exports)
CAN,2025,,TX.VAL.FUEL.ZS.UN,Fuel exports (% of merchandise exports)
CHE,1960,,TX.VAL.FUEL.ZS.UN,Fuel exports (% of merchandise exports)
CHE,1961,,TX.VAL.FUEL.ZS.UN,Fuel exports (% of merchandise exports)
CHE,1962,0.0482416903984531,TX.VAL.FUEL.ZS.UN,Fuel exports (% of merchandise exports)
CHE,1963,0.0562546917320522,TX.VAL.FUEL.ZS.UN,Fuel exports (% of merchandise exports)
CHE,1964,0.109131225318543,TX.VAL.FUEL.ZS.UN,Fuel exports (% of merchandise exports)
CHE,1965,0.128804885601373,TX.VAL.FUEL.ZS.UN,Fuel exports (% of merchandise exports)
CHE,1966,0.115823134937193,TX.VAL.FUEL.ZS.UN,Fuel exports (% of merchandise exports)
CHE,1967,0.139685678787896,TX.VAL.FUEL.ZS.UN,Fuel exports (% of merchandise exports)
CHE,1968,0.155319345565782,TX.VAL.FUEL.ZS.UN,Fuel exports (% of merchandise exports)
CHE,1969,0.165879154459511,TX.VAL.FUEL.ZS.UN,Fuel exports (% of merchandise exports)
CHE,1970,0.166934982221712,TX.VAL.FUEL.ZS.UN,Fuel exports (% of merchandise exports)
CHE,1971,0.0912879761631086,TX.VAL.FUEL.ZS.UN,Fuel exports (% of merchandise exports)
CHE,1972,0.0952973727521385,TX.VAL.FUEL.ZS.UN,Fuel exports (% of merchandise exports)
CHE,1973,0.155003912021727,TX.VAL.FUEL.ZS.UN,Fuel exports (% of merchandise exports)
CHE,1974,0.220184834426361,TX.VAL.FUEL.ZS.UN,Fuel exports (% of merchandise exports)
CHE,1975,0.1839638784805,TX.VAL.FUEL.ZS.UN,Fuel exports (% of merchandise exports)
CHE,1976,0.130488227011454,TX.VAL.FUEL.ZS.UN,Fuel exports (% of merchandise exports)
CHE,1977,0.136578706216794,TX.VAL.FUEL.ZS.UN,Fuel exports (% of merchandise exports)
CHE,1978,0.0896185841210645,TX.VAL.FUEL.ZS.UN,Fuel exports (% of merchandise exports)
CHE,1979,0.0879487067412393,TX.VAL.FUEL.ZS.UN,Fuel exports (% of merchandise exports)
CHE,1980,0.121496062133044,TX.VAL.FUEL.ZS.UN,Fuel exports (% of merchandise exports)
CHE,1981,0.114516055926586,TX.VAL.FUEL.ZS.UN,Fuel exports (% of merchandise exports)
CHE,1982,0.137636323826665,TX.VAL.FUEL.ZS.UN,Fuel exports (% of merchandise exports)
CHE,1983,0.287131591697813,TX.VAL.FUEL.ZS.UN,Fuel exports (% of merchandise exports)
CHE,1984,0.351445286065443,TX.VAL.FUEL.ZS.UN,Fuel exports (% of merchandise exports)
CHE,1985,0.329586098475086,TX.VAL.FUEL.ZS.UN,Fuel exports (% of merchandise exports)
CHE,1986,0.170748204231054,TX.VAL.FUEL.ZS.UN,Fuel exports (% of merchandise exports)
CHE,1987,0.134924516910598,TX.VAL.FUEL.ZS.UN,Fuel exports (% of merchandise exports)
CHE,1988,0.0677951335392197,TX.VAL.FUEL.ZS.UN,Fuel exports (% of merchandise exports)
CHE,1989,0.0426405588076751,TX.VAL.FUEL.ZS.UN,Fuel exports (% of merchandise exports)
CHE,1990,0.0710629979241922,TX.VAL.FUEL.ZS.UN,Fuel exports (% of merchandise exports)
CHE,1991,0.149607999397433,TX.VAL.FUEL.ZS.UN,Fuel exports (% of merchandise exports)
CHE,1992,0.107529360739843,TX.VAL.FUEL.ZS.UN,Fuel exports (% of merchandise exports)
CHE,1993,0.133320756352767,TX.VAL.FUEL.ZS.UN,Fuel exports (% of merchandise exports)
CHE,1994,0.130740537062792,TX.VAL.FUEL.ZS.UN,Fuel exports (% of merchandise exports)
CHE,1995,0.100227817143182,TX.VAL.FUEL.ZS.UN,Fuel exports (% of merchandise exports)
CHE,1996,0.119050012386532,TX.VAL.FUEL.ZS.UN,Fuel exports (% of merchandise exports)
CHE,1997,0.237382048453701,TX.VAL.FUEL.ZS.UN,Fuel exports (% of merchandise exports)
CHE,1998,0.202739377477747,TX.VAL.FUEL.ZS.UN,Fuel exports (% of merchandise exports)
CHE,1999,0.219329699351279,TX.VAL.FUEL.ZS.UN,Fuel exports (% of merchandise exports)
CHE,2000,0.359210741124484,TX.VAL.FUEL.ZS.UN,Fuel exports (% of merchandise exports)
CHE,2001,0.323285806119116,TX.VAL.FUEL.ZS.UN,Fuel exports (% of merchandise exports)
CHE,2002,2.01166143611286,TX.VAL.FUEL.ZS.UN,Fuel exports (% of merchandise exports)
CHE,2003,2.01154346324827,TX.VAL.FUEL.ZS.UN,Fuel exports (% of merchandise exports)
CHE,2004,1.85628442811306,TX.VAL.FUEL.ZS.UN,Fuel exports (% of merchandise exports)
CHE,2005,2.13026998220451,TX.VAL.FUEL.ZS.UN,Fuel exports (% of merchandise exports)
CHE,2006,2.53655172319853,TX.VAL.FUEL.ZS.UN,Fuel exports (% of merchandise exports)
CHE,2007,2.10764465051033,TX.VAL.FUEL.ZS.UN,Fuel exports (% of merchandise exports)
CHE,2008,2.55296088355365,TX.VAL.FUEL.ZS.UN,Fuel exports (% of merchandise exports)
CHE,2009,2.39168704251515,TX.VAL.FUEL.ZS.UN,Fuel exports (% of merchandise exports)
CHE,2010,2.81909988892528,TX.VAL.FUEL.ZS.UN,Fuel exports (% of merchandise exports)
CHE,2011,3.11448555253805,TX.VAL.FUEL.ZS.UN,Fuel exports (% of merchandise exports)
CHE,2012,2.34454491424553,TX.VAL.FUEL.ZS.UN,Fuel exports (% of merchandise exports)
CHE,2013,1.01914238115344,TX.VAL.FUEL.ZS.UN,Fuel exports (% of merchandise exports)
CHE,2014,1.11392904766745,TX.VAL.FUEL.ZS.UN,Fuel exports (% of merchandise exports)
CHE,2015,0.949399913937568,TX.VAL.FUEL.ZS.UN,Fuel exports (% of merchandise exports)
CHE,2016,0.61728947027059,TX.VAL.FUEL.ZS.UN,Fuel exports (% of merchandise exports)
CHE,2017,0.691126392932899,TX.VAL.FUEL.ZS.UN,Fuel exports (% of merchandise exports)
CHE,2018,0.936365801100422,TX.VAL.FUEL.ZS.UN,Fuel exports (% of merchandise exports)
CHE,2019,0.812850763704472,TX.VAL.FUEL.ZS.UN,Fuel exports (% of merchandise exports)
CHE,2020,0.610244776322465,TX.VAL.FUEL.ZS.UN,Fuel exports (% of merchandise exports)
CHE,2021,1.12619429120116,TX.VAL.FUEL.ZS.UN,Fuel exports (% of merchandise exports)
CHE,2022,2.46227430117859,TX.VAL.FUEL.ZS.UN,Fuel exports (% of merchandise exports)
CHE,2023,1.46216131906984,TX.VAL.FUEL.ZS.UN,Fuel exports (% of merchandise exports)
CHE,2024,1.20770479250597,TX.VAL.FUEL.ZS.UN,Fuel exports (% of merchandise exports)
CHE,2025,,TX.VAL.FUEL.ZS.UN,Fuel exports (% of merchandise exports)
CHN,1960,,TX.VAL.FUEL.ZS.UN,Fuel exports (% of merchandise exports)
CHN,1961,,TX.VAL.FUEL.ZS.UN,Fuel exports (% of merchandise exports)
CHN,1962,,TX.VAL.FUEL.ZS.UN,Fuel exports (% of merchandise exports)
CHN,1963,,TX.VAL.FUEL.ZS.UN,Fuel exports (% of merchandise exports)
CHN,1964,,TX.VAL.FUEL.ZS.UN,Fuel exports (% of merchandise exports)
CHN,1965,,TX.VAL.FUEL.ZS.UN,Fuel exports (% of merchandise exports)
CHN,1966,,TX.VAL.FUEL.ZS.UN,Fuel exports (% of merchandise exports)
CHN,1967,,TX.VAL.FUEL.ZS.UN,Fuel exports (% of merchandise exports)
CHN,1968,,TX.VAL.FUEL.ZS.UN,Fuel exports (% of merchandise exports)
CHN,1969,,TX.VAL.FUEL.ZS.UN,Fuel exports (% of merchandise exports)
CHN,1970,,TX.VAL.FUEL.ZS.UN,Fuel exports (% of merchandise exports)
CHN,1971,,TX.VAL.FUEL.ZS.UN,Fuel exports (% of merchandise exports)
CHN,1972,,TX.VAL.FUEL.ZS.UN,Fuel exports (% of merchandise exports)
CHN,1973,,TX.VAL.FUEL.ZS.UN,Fuel exports (% of merchandise exports)
CHN,1974,,TX.VAL.FUEL.ZS.UN,Fuel exports (% of merchandise exports)
CHN,1975,,TX.VAL.FUEL.ZS.UN,Fuel exports (% of merchandise exports)
CHN,1976,,TX.VAL.FUEL.ZS.UN,Fuel exports (% of merchandise exports)
CHN,1977,,TX.VAL.FUEL.ZS.UN,Fuel exports (% of merchandise exports)
CHN,1978,,TX.VAL.FUEL.ZS.UN,Fuel exports (% of merchandise exports)
CHN,1979,,TX.VAL.FUEL.ZS.UN,Fuel exports (% of merchandise exports)
CHN,1980,,TX.VAL.FUEL.ZS.UN,Fuel exports (% of merchandise exports)
CHN,1981,,TX.VAL.FUEL.ZS.UN,Fuel exports (% of merchandise exports)
CHN,1982,,TX.VAL.FUEL.ZS.UN,Fuel exports (% of merchandise exports)
CHN,1983,,TX.VAL.FUEL.ZS.UN,Fuel exports (% of merchandise exports)
CHN,1984,23.0209765667404,TX.VAL.FUEL.ZS.UN,Fuel exports (% of merchandise exports)
CHN,1985,25.7589527332764,TX.VAL.FUEL.ZS.UN,Fuel exports (% of merchandise exports)
CHN,1986,11.6427404345573,TX.VAL.FUEL.ZS.UN,Fuel exports (% of merchandise exports)
CHN,1987,11.4550504352848,TX.VAL.FUEL.ZS.UN,Fuel exports (% of merchandise exports)
CHN,1988,,TX.VAL.FUEL.ZS.UN,Fuel exports (% of merchandise exports)
CHN,1989,,TX.VAL.FUEL.ZS.UN,Fuel exports (% of merchandise exports)
CHN,1990,,TX.VAL.FUEL.ZS.UN,Fuel exports (% of merchandise exports)
CHN,1991,,TX.VAL.FUEL.ZS.UN,Fuel exports (% of merchandise exports)
CHN,1992,5.52424102009769,TX.VAL.FUEL.ZS.UN,Fuel exports (% of merchandise exports)
CHN,1993,4.4783689356894,TX.VAL.FUEL.ZS.UN,Fuel exports (% of merchandise exports)
CHN,1994,3.36262340846476,TX.VAL.FUEL.ZS.UN,Fuel exports (% of merchandise exports)
CHN,1995,3.58384721631842,TX.VAL.FUEL.ZS.UN,Fuel exports (% of merchandise exports)
CHN,1996,3.92677839358166,TX.VAL.FUEL.ZS.UN,Fuel exports (% of merchandise exports)
CHN,1997,3.82213885487598,TX.VAL.FUEL.ZS.UN,Fuel exports (% of merchandise exports)
CHN,1998,2.81568382698343,TX.VAL.FUEL.ZS.UN,Fuel exports (% of merchandise exports)
CHN,1999,2.38996498851833,TX.VAL.FUEL.ZS.UN,Fuel exports (% of merchandise exports)
CHN,2000,3.15222106435306,TX.VAL.FUEL.ZS.UN,Fuel exports (% of merchandise exports)
CHN,2001,3.15850304161569,TX.VAL.FUEL.ZS.UN,Fuel exports (% of merchandise exports)
CHN,2002,2.59070421728136,TX.VAL.FUEL.ZS.UN,Fuel exports (% of merchandise exports)
CHN,2003,2.5361753489702,TX.VAL.FUEL.ZS.UN,Fuel exports (% of merchandise exports)
CHN,2004,2.44053050133123,TX.VAL.FUEL.ZS.UN,Fuel exports (% of merchandise exports)
CHN,2005,2.31272376664692,TX.VAL.FUEL.ZS.UN,Fuel exports (% of merchandise exports)
CHN,2006,1.83393570516165,TX.VAL.FUEL.ZS.UN,Fuel exports (% of merchandise exports)
CHN,2007,1.71119843888368,TX.VAL.FUEL.ZS.UN,Fuel exports (% of merchandise exports)
CHN,2008,2.2208063178118,TX.VAL.FUEL.ZS.UN,Fuel exports (% of merchandise exports)
CHN,2009,1.69623692345059,TX.VAL.FUEL.ZS.UN,Fuel exports (% of merchandise exports)
CHN,2010,1.69056311409029,TX.VAL.FUEL.ZS.UN,Fuel exports (% of merchandise exports)
CHN,2011,1.70007725545848,TX.VAL.FUEL.ZS.UN,Fuel exports (% of merchandise exports)
CHN,2012,1.51374985096957,TX.VAL.FUEL.ZS.UN,Fuel exports (% of merchandise exports)
CHN,2013,1.5294698347956,TX.VAL.FUEL.ZS.UN,Fuel exports (% of merchandise exports)
CHN,2014,1.47061074195033,TX.VAL.FUEL.ZS.UN,Fuel exports (% of merchandise exports)
CHN,2015,1.2272664163092,TX.VAL.FUEL.ZS.UN,Fuel exports (% of merchandise exports)
CHN,2016,1.28100094525523,TX.VAL.FUEL.ZS.UN,Fuel exports (% of merchandise exports)
CHN,2017,1.5635573554021,TX.VAL.FUEL.ZS.UN,Fuel exports (% of merchandise exports)
CHN,2018,1.86764407076313,TX.VAL.FUEL.ZS.UN,Fuel exports (% of merchandise exports)
CHN,2019,1.87465304454538,TX.VAL.FUEL.ZS.UN,Fuel exports (% of merchandise exports)
CHN,2020,1.2143685449396,TX.VAL.FUEL.ZS.UN,Fuel exports (% of merchandise exports)
CHN,2021,1.29170537075172,TX.VAL.FUEL.ZS.UN,Fuel exports (% of merchandise exports)
CHN,2022,1.79009011301844,TX.VAL.FUEL.ZS.UN,Fuel exports (% of merchandise exports)
CHN,2023,1.8075643209073,TX.VAL.FUEL.ZS.UN,Fuel exports (% of merchandise exports)
CHN,2024,1.49786393169736,TX.VAL.FUEL.ZS.UN,Fuel exports (% of merchandise exports)
CHN,2025,,TX.VAL.FUEL.ZS.UN,Fuel exports (% of merchandise exports)
DEU,1960,,TX.VAL.FUEL.ZS.UN,Fuel exports (% of merchandise exports)
DEU,1961,,TX.VAL.FUEL.ZS.UN,Fuel exports (% of merchandise exports)
DEU,1962,5.40497904651608,TX.VAL.FUEL.ZS.UN,Fuel exports (% of merchandise exports)
DEU,1963,5.38039771822184,TX.VAL.FUEL.ZS.UN,Fuel exports (% of merchandise exports)
DEU,1964,4.56618052326641,TX.VAL.FUEL.ZS.UN,Fuel exports (% of merchandise exports)
DEU,1965,4.81458165811516,TX.VAL.FUEL.ZS.UN,Fuel exports (% of merchandise exports)
DEU,1966,4.15434712184819,TX.VAL.FUEL.ZS.UN,Fuel exports (% of merchandise exports)
DEU,1967,3.03455301000604,TX.VAL.FUEL.ZS.UN,Fuel exports (% of merchandise exports)
DEU,1968,4.90494594020753,TX.VAL.FUEL.ZS.UN,Fuel exports (% of merchandise exports)
DEU,1969,4.14728333108056,TX.VAL.FUEL.ZS.UN,Fuel exports (% of merchandise exports)
DEU,1970,4.44765808185537,TX.VAL.FUEL.ZS.UN,Fuel exports (% of merchandise exports)
DEU,1971,4.91486480698876,TX.VAL.FUEL.ZS.UN,Fuel exports (% of merchandise exports)
DEU,1972,2.39671992200925,TX.VAL.FUEL.ZS.UN,Fuel exports (% of merchandise exports)
DEU,1973,2.32432577165144,TX.VAL.FUEL.ZS.UN,Fuel exports (% of merchandise exports)
DEU,1974,4.14549373063261,TX.VAL.FUEL.ZS.UN,Fuel exports (% of merchandise exports)
DEU,1975,3.71189676946344,TX.VAL.FUEL.ZS.UN,Fuel exports (% of merchandise exports)
DEU,1976,3.4472687767693,TX.VAL.FUEL.ZS.UN,Fuel exports (% of merchandise exports)
DEU,1977,3.14153178216252,TX.VAL.FUEL.ZS.UN,Fuel exports (% of merchandise exports)
DEU,1978,3.17310031062018,TX.VAL.FUEL.ZS.UN,Fuel exports (% of merchandise exports)
DEU,1979,3.31618323873458,TX.VAL.FUEL.ZS.UN,Fuel exports (% of merchandise exports)
DEU,1980,3.7162561347833,TX.VAL.FUEL.ZS.UN,Fuel exports (% of merchandise exports)
DEU,1981,3.96671106023062,TX.VAL.FUEL.ZS.UN,Fuel exports (% of merchandise exports)
DEU,1982,3.67268683339359,TX.VAL.FUEL.ZS.UN,Fuel exports (% of merchandise exports)
DEU,1983,3.31826581291807,TX.VAL.FUEL.ZS.UN,Fuel exports (% of merchandise exports)
DEU,1984,3.22610985568828,TX.VAL.FUEL.ZS.UN,Fuel exports (% of merchandise exports)
DEU,1985,2.74404117980175,TX.VAL.FUEL.ZS.UN,Fuel exports (% of merchandise exports)
DEU,1986,1.59037010019311,TX.VAL.FUEL.ZS.UN,Fuel exports (% of merchandise exports)
DEU,1987,1.3171086087133,TX.VAL.FUEL.ZS.UN,Fuel exports (% of merchandise exports)
DEU,1988,1.21944872523885,TX.VAL.FUEL.ZS.UN,Fuel exports (% of merchandise exports)
DEU,1989,1.23031731861715,TX.VAL.FUEL.ZS.UN,Fuel exports (% of merchandise exports)
DEU,1990,1.27613059628131,TX.VAL.FUEL.ZS.UN,Fuel exports (% of merchandise exports)
DEU,1991,1.25261429856783,TX.VAL.FUEL.ZS.UN,Fuel exports (% of merchandise exports)
DEU,1992,1.22839085722654,TX.VAL.FUEL.ZS.UN,Fuel exports (% of merchandise exports)
DEU,1993,1.1833131208212,TX.VAL.FUEL.ZS.UN,Fuel exports (% of merchandise exports)
DEU,1994,1.12190298003613,TX.VAL.FUEL.ZS.UN,Fuel exports (% of merchandise exports)
DEU,1995,0.955770515368349,TX.VAL.FUEL.ZS.UN,Fuel exports (% of merchandise exports)
DEU,1996,1.26915581573352,TX.VAL.FUEL.ZS.UN,Fuel exports (% of merchandise exports)
DEU,1997,1.17031174424987,TX.VAL.FUEL.ZS.UN,Fuel exports (% of merchandise exports)
DEU,1998,1.03291080248421,TX.VAL.FUEL.ZS.UN,Fuel exports (% of merchandise exports)
DEU,1999,1.04056973044895,TX.VAL.FUEL.ZS.UN,Fuel exports (% of merchandise exports)
DEU,2000,1.41134713629722,TX.VAL.FUEL.ZS.UN,Fuel exports (% of merchandise exports)
DEU,2001,1.44738768953611,TX.VAL.FUEL.ZS.UN,Fuel exports (% of merchandise exports)
DEU,2002,1.42402064167184,TX.VAL.FUEL.ZS.UN,Fuel exports (% of merchandise exports)
DEU,2003,1.51275631349144,TX.VAL.FUEL.ZS.UN,Fuel exports (% of merchandise exports)
DEU,2004,1.86646970395014,TX.VAL.FUEL.ZS.UN,Fuel exports (% of merchandise exports)
DEU,2005,2.15737726367222,TX.VAL.FUEL.ZS.UN,Fuel exports (% of merchandise exports)
DEU,2006,2.52514172512018,TX.VAL.FUEL.ZS.UN,Fuel exports (% of merchandise exports)
DEU,2007,2.28098048790857,TX.VAL.FUEL.ZS.UN,Fuel exports (% of merchandise exports)
DEU,2008,2.61473020571424,TX.VAL.FUEL.ZS.UN,Fuel exports (% of merchandise exports)
DEU,2009,2.02575854491354,TX.VAL.FUEL.ZS.UN,Fuel exports (% of merchandise exports)
DEU,2010,1.96777437205077,TX.VAL.FUEL.ZS.UN,Fuel exports (% of merchandise exports)
DEU,2011,2.29646861136678,TX.VAL.FUEL.ZS.UN,Fuel exports (% of merchandise exports)
DEU,2012,2.43490930670804,TX.VAL.FUEL.ZS.UN,Fuel exports (% of merchandise exports)
DEU,2013,2.41594718104658,TX.VAL.FUEL.ZS.UN,Fuel exports (% of merchandise exports)
DEU,2014,2.25199429341006,TX.VAL.FUEL.ZS.UN,Fuel exports (% of merchandise exports)
DEU,2015,2.13441977383123,TX.VAL.FUEL.ZS.UN,Fuel exports (% of merchandise exports)
DEU,2016,1.64382508639625,TX.VAL.FUEL.ZS.UN,Fuel exports (% of merchandise exports)
DEU,2017,1.79687015135703,TX.VAL.FUEL.ZS.UN,Fuel exports (% of merchandise exports)
DEU,2018,2.06424587714665,TX.VAL.FUEL.ZS.UN,Fuel exports (% of merchandise exports)
DEU,2019,2.21694997936172,TX.VAL.FUEL.ZS.UN,Fuel exports (% of merchandise exports)
DEU,2020,1.81843784726771,TX.VAL.FUEL.ZS.UN,Fuel exports (% of merchandise exports)
DEU,2021,2.60156267352484,TX.VAL.FUEL.ZS.UN,Fuel exports (% of merchandise exports)
DEU,2022,3.55065871383029,TX.VAL.FUEL.ZS.UN,Fuel exports (% of merchandise exports)
DEU,2023,2.0446709964022,TX.VAL.FUEL.ZS.UN,Fuel exports (% of merchandise exports)
DEU,2024,2.07454936630529,TX.VAL.FUEL.ZS.UN,Fuel exports (% of merchandise exports)
DEU,2025,,TX.VAL.FUEL.ZS.UN,Fuel exports (% of merchandise exports)
ESP,1960,,TX.VAL.FUEL.ZS.UN,Fuel exports (% of merchandise exports)
ESP,1961,,TX.VAL.FUEL.ZS.UN,Fuel exports (% of merchandise exports)
ESP,1962,6.06607275317137,TX.VAL.FUEL.ZS.UN,Fuel exports (% of merchandise exports)
ESP,1963,5.85725607673464,TX.VAL.FUEL.ZS.UN,Fuel exports (% of merchandise exports)
ESP,1964,4.97803666889297,TX.VAL.FUEL.ZS.UN,Fuel exports (% of merchandise exports)
ESP,1965,3.93389571123952,TX.VAL.FUEL.ZS.UN,Fuel exports (% of merchandise exports)
ESP,1966,4.47152783887712,TX.VAL.FUEL.ZS.UN,Fuel exports (% of merchandise exports)
ESP,1967,5.82291368437199,TX.VAL.FUEL.ZS.UN,Fuel exports (% of merchandise exports)
ESP,1968,8.64529205121483,TX.VAL.FUEL.ZS.UN,Fuel exports (% of merchandise exports)
ESP,1969,6.44096815941029,TX.VAL.FUEL.ZS.UN,Fuel exports (% of merchandise exports)
ESP,1970,5.49026560455874,TX.VAL.FUEL.ZS.UN,Fuel exports (% of merchandise exports)
ESP,1971,4.28003579140858,TX.VAL.FUEL.ZS.UN,Fuel exports (% of merchandise exports)
ESP,1972,3.61599978582057,TX.VAL.FUEL.ZS.UN,Fuel exports (% of merchandise exports)
ESP,1973,4.68999724137904,TX.VAL.FUEL.ZS.UN,Fuel exports (% of merchandise exports)
ESP,1974,6.7684507245047,TX.VAL.FUEL.ZS.UN,Fuel exports (% of merchandise exports)
ESP,1975,3.28673536029861,TX.VAL.FUEL.ZS.UN,Fuel exports (% of merchandise exports)
ESP,1976,3.72730214432925,TX.VAL.FUEL.ZS.UN,Fuel exports (% of merchandise exports)
ESP,1977,3.70401846256716,TX.VAL.FUEL.ZS.UN,Fuel exports (% of merchandise exports)
ESP,1978,2.51530808912222,TX.VAL.FUEL.ZS.UN,Fuel exports (% of merchandise exports)
ESP,1979,1.90430467285081,TX.VAL.FUEL.ZS.UN,Fuel exports (% of merchandise exports)
ESP,1980,3.65595952935471,TX.VAL.FUEL.ZS.UN,Fuel exports (% of merchandise exports)
ESP,1981,4.95399589655248,TX.VAL.FUEL.ZS.UN,Fuel exports (% of merchandise exports)
ESP,1982,6.99290102708372,TX.VAL.FUEL.ZS.UN,Fuel exports (% of merchandise exports)
ESP,1983,8.79560896143128,TX.VAL.FUEL.ZS.UN,Fuel exports (% of merchandise exports)
ESP,1984,8.70582058862957,TX.VAL.FUEL.ZS.UN,Fuel exports (% of merchandise exports)
ESP,1985,8.83618939161341,TX.VAL.FUEL.ZS.UN,Fuel exports (% of merchandise exports)
ESP,1986,6.17292254769386,TX.VAL.FUEL.ZS.UN,Fuel exports (% of merchandise exports)
ESP,1987,5.86793845363076,TX.VAL.FUEL.ZS.UN,Fuel exports (% of merchandise exports)
ESP,1988,4.6735481666833,TX.VAL.FUEL.ZS.UN,Fuel exports (% of merchandise exports)
ESP,1989,5.28371518483247,TX.VAL.FUEL.ZS.UN,Fuel exports (% of merchandise exports)
ESP,1990,4.72842787341886,TX.VAL.FUEL.ZS.UN,Fuel exports (% of merchandise exports)
ESP,1991,4.35149692556268,TX.VAL.FUEL.ZS.UN,Fuel exports (% of merchandise exports)
ESP,1992,3.00824044694494,TX.VAL.FUEL.ZS.UN,Fuel exports (% of merchandise exports)
ESP,1993,2.86373323281972,TX.VAL.FUEL.ZS.UN,Fuel exports (% of merchandise exports)
ESP,1994,2.16843886720348,TX.VAL.FUEL.ZS.UN,Fuel exports (% of merchandise exports)
ESP,1995,1.74529195796685,TX.VAL.FUEL.ZS.UN,Fuel exports (% of merchandise exports)
ESP,1996,2.47270283652583,TX.VAL.FUEL.ZS.UN,Fuel exports (% of merchandise exports)
ESP,1997,2.50584213038411,TX.VAL.FUEL.ZS.UN,Fuel exports (% of merchandise exports)
ESP,1998,2.06351957889155,TX.VAL.FUEL.ZS.UN,Fuel exports (% of merchandise exports)
ESP,1999,2.19212737841003,TX.VAL.FUEL.ZS.UN,Fuel exports (% of merchandise exports)
ESP,2000,3.68059055780505,TX.VAL.FUEL.ZS.UN,Fuel exports (% of merchandise exports)
ESP,2001,2.89993091324509,TX.VAL.FUEL.ZS.UN,Fuel exports (% of merchandise exports)
ESP,2002,2.60672035617192,TX.VAL.FUEL.ZS.UN,Fuel exports (% of merchandise exports)
ESP,2003,3.05533457844303,TX.VAL.FUEL.ZS.UN,Fuel exports (% of merchandise exports)
ESP,2004,3.78571549652604,TX.VAL.FUEL.ZS.UN,Fuel exports (% of merchandise exports)
ESP,2005,4.34620832186207,TX.VAL.FUEL.ZS.UN,Fuel exports (% of merchandise exports)
ESP,2006,4.60264900576493,TX.VAL.FUEL.ZS.UN,Fuel exports (% of merchandise exports)
ESP,2007,4.8114865843448,TX.VAL.FUEL.ZS.UN,Fuel exports (% of merchandise exports)
ESP,2008,6.61111921226571,TX.VAL.FUEL.ZS.UN,Fuel exports (% of merchandise exports)
ESP,2009,4.60706504658886,TX.VAL.FUEL.ZS.UN,Fuel exports (% of merchandise exports)
ESP,2010,5.21853657306203,TX.VAL.FUEL.ZS.UN,Fuel exports (% of merchandise exports)
ESP,2011,6.34959376901464,TX.VAL.FUEL.ZS.UN,Fuel exports (% of merchandise exports)
ESP,2012,7.66160598985677,TX.VAL.FUEL.ZS.UN,Fuel exports (% of merchandise exports)
ESP,2013,7.07385916029595,TX.VAL.FUEL.ZS.UN,Fuel exports (% of merchandise exports)
ESP,2014,7.49300278485712,TX.VAL.FUEL.ZS.UN,Fuel exports (% of merchandise exports)
ESP,2015,5.17263082839127,TX.VAL.FUEL.ZS.UN,Fuel exports (% of merchandise exports)
ESP,2016,4.06976370711053,TX.VAL.FUEL.ZS.UN,Fuel exports (% of merchandise exports)
ESP,2017,5.82886221239074,TX.VAL.FUEL.ZS.UN,Fuel exports (% of merchandise exports)
ESP,2018,6.55643130447885,TX.VAL.FUEL.ZS.UN,Fuel exports (% of merchandise exports)
ESP,2019,6.17053042090891,TX.VAL.FUEL.ZS.UN,Fuel exports (% of merchandise exports)
ESP,2020,4.04918305116398,TX.VAL.FUEL.ZS.UN,Fuel exports (% of merchandise exports)
ESP,2021,6.00550281136412,TX.VAL.FUEL.ZS.UN,Fuel exports (% of merchandise exports)
ESP,2022,8.748152923734,TX.VAL.FUEL.ZS.UN,Fuel exports (% of merchandise exports)
ESP,2023,6.80944454760639,TX.VAL.FUEL.ZS.UN,Fuel exports (% of merchandise exports)
ESP,2024,5.79530570621524,TX.VAL.FUEL.ZS.UN,Fuel exports (% of merchandise exports)
ESP,2025,,TX.VAL.FUEL.ZS.UN,Fuel exports (% of merchandise exports)
FRA,1960,,TX.VAL.FUEL.ZS.UN,Fuel exports (% of merchandise exports)
FRA,1961,,TX.VAL.FUEL.ZS.UN,Fuel exports (% of merchandise exports)
FRA,1962,3.77615286525763,TX.VAL.FUEL.ZS.UN,Fuel exports (% of merchandise exports)
FRA,1963,3.66909378755823,TX.VAL.FUEL.ZS.UN,Fuel exports (% of merchandise exports)
FRA,1964,3.42511317788559,TX.VAL.FUEL.ZS.UN,Fuel exports (% of merchandise exports)
FRA,1965,3.24069972936996,TX.VAL.FUEL.ZS.UN,Fuel exports (% of merchandise exports)
FRA,1966,3.40526763994616,TX.VAL.FUEL.ZS.UN,Fuel exports (% of merchandise exports)
FRA,1967,3.05383950696064,TX.VAL.FUEL.ZS.UN,Fuel exports (% of merchandise exports)
FRA,1968,2.56767580420559,TX.VAL.FUEL.ZS.UN,Fuel exports (% of merchandise exports)
FRA,1969,2.32957153315943,TX.VAL.FUEL.ZS.UN,Fuel exports (% of merchandise exports)
FRA,1970,2.12050043393237,TX.VAL.FUEL.ZS.UN,Fuel exports (% of merchandise exports)
FRA,1971,2.22794598357106,TX.VAL.FUEL.ZS.UN,Fuel exports (% of merchandise exports)
FRA,1972,2.25698133257653,TX.VAL.FUEL.ZS.UN,Fuel exports (% of merchandise exports)
FRA,1973,2.14001985719497,TX.VAL.FUEL.ZS.UN,Fuel exports (% of merchandise exports)
FRA,1974,2.68767027039731,TX.VAL.FUEL.ZS.UN,Fuel exports (% of merchandise exports)
FRA,1975,2.73288875487048,TX.VAL.FUEL.ZS.UN,Fuel exports (% of merchandise exports)
FRA,1976,2.91104150248726,TX.VAL.FUEL.ZS.UN,Fuel exports (% of merchandise exports)
FRA,1977,2.98686501439632,TX.VAL.FUEL.ZS.UN,Fuel exports (% of merchandise exports)
FRA,1978,2.67585430329497,TX.VAL.FUEL.ZS.UN,Fuel exports (% of merchandise exports)
FRA,1979,3.56317603597837,TX.VAL.FUEL.ZS.UN,Fuel exports (% of merchandise exports)
FRA,1980,4.04568783903678,TX.VAL.FUEL.ZS.UN,Fuel exports (% of merchandise exports)
FRA,1981,4.66587661149732,TX.VAL.FUEL.ZS.UN,Fuel exports (% of merchandise exports)
FRA,1982,3.96369032223558,TX.VAL.FUEL.ZS.UN,Fuel exports (% of merchandise exports)
FRA,1983,3.79758359769851,TX.VAL.FUEL.ZS.UN,Fuel exports (% of merchandise exports)
FRA,1984,3.64483110193501,TX.VAL.FUEL.ZS.UN,Fuel exports (% of merchandise exports)
FRA,1985,3.84852701091855,TX.VAL.FUEL.ZS.UN,Fuel exports (% of merchandise exports)
FRA,1986,2.67893207320131,TX.VAL.FUEL.ZS.UN,Fuel exports (% of merchandise exports)
FRA,1987,2.21232867261153,TX.VAL.FUEL.ZS.UN,Fuel exports (% of merchandise exports)
FRA,1988,2.03491968669167,TX.VAL.FUEL.ZS.UN,Fuel exports (% of merchandise exports)
FRA,1989,2.17989698720131,TX.VAL.FUEL.ZS.UN,Fuel exports (% of merchandise exports)
FRA,1990,2.3399395500774,TX.VAL.FUEL.ZS.UN,Fuel exports (% of merchandise exports)
FRA,1991,2.52711378850424,TX.VAL.FUEL.ZS.UN,Fuel exports (% of merchandise exports)
FRA,1992,2.31694444846694,TX.VAL.FUEL.ZS.UN,Fuel exports (% of merchandise exports)
FRA,1993,2.6946055689062,TX.VAL.FUEL.ZS.UN,Fuel exports (% of merchandise exports)
FRA,1994,2.41465931986656,TX.VAL.FUEL.ZS.UN,Fuel exports (% of merchandise exports)
FRA,1995,2.35406225947074,TX.VAL.FUEL.ZS.UN,Fuel exports (% of merchandise exports)
FRA,1996,2.55269678693745,TX.VAL.FUEL.ZS.UN,Fuel exports (% of merchandise exports)
FRA,1997,2.47582545615126,TX.VAL.FUEL.ZS.UN,Fuel exports (% of merchandise exports)
FRA,1998,2.09088137588917,TX.VAL.FUEL.ZS.UN,Fuel exports (% of merchandise exports)
FRA,1999,2.14940327736275,TX.VAL.FUEL.ZS.UN,Fuel exports (% of merchandise exports)
FRA,2000,2.77063410483004,TX.VAL.FUEL.ZS.UN,Fuel exports (% of merchandise exports)
FRA,2001,2.53812299131057,TX.VAL.FUEL.ZS.UN,Fuel exports (% of merchandise exports)
FRA,2002,2.41044026064874,TX.VAL.FUEL.ZS.UN,Fuel exports (% of merchandise exports)
FRA,2003,2.62366263490054,TX.VAL.FUEL.ZS.UN,Fuel exports (% of merchandise exports)
FRA,2004,2.8665533683138,TX.VAL.FUEL.ZS.UN,Fuel exports (% of merchandise exports)
FRA,2005,4.1253866202006,TX.VAL.FUEL.ZS.UN,Fuel exports (% of merchandise exports)
FRA,2006,4.32619285530699,TX.VAL.FUEL.ZS.UN,Fuel exports (% of merchandise exports)
FRA,2007,3.84287489236502,TX.VAL.FUEL.ZS.UN,Fuel exports (% of merchandise exports)
FRA,2008,5.06960349418849,TX.VAL.FUEL.ZS.UN,Fuel exports (% of merchandise exports)
FRA,2009,3.53134251252507,TX.VAL.FUEL.ZS.UN,Fuel exports (% of merchandise exports)
FRA,2010,3.65811274413341,TX.VAL.FUEL.ZS.UN,Fuel exports (% of merchandise exports)
FRA,2011,4.54318211381377,TX.VAL.FUEL.ZS.UN,Fuel exports (% of merchandise exports)
FRA,2012,4.44640256167696,TX.VAL.FUEL.ZS.UN,Fuel exports (% of merchandise exports)
FRA,2013,3.91482105973503,TX.VAL.FUEL.ZS.UN,Fuel exports (% of merchandise exports)
FRA,2014,3.879573777375,TX.VAL.FUEL.ZS.UN,Fuel exports (% of merchandise exports)
FRA,2015,2.95528102932916,TX.VAL.FUEL.ZS.UN,Fuel exports (% of merchandise exports)
FRA,2016,2.30761310498294,TX.VAL.FUEL.ZS.UN,Fuel exports (% of merchandise exports)
FRA,2017,2.80075972124448,TX.VAL.FUEL.ZS.UN,Fuel exports (% of merchandise exports)
FRA,2018,3.29246555293983,TX.VAL.FUEL.ZS.UN,Fuel exports (% of merchandise exports)
FRA,2019,2.77533644087224,TX.VAL.FUEL.ZS.UN,Fuel exports (% of merchandise exports)
FRA,2020,2.17631318472775,TX.VAL.FUEL.ZS.UN,Fuel exports (% of merchandise exports)
FRA,2021,3.67766725739694,TX.VAL.FUEL.ZS.UN,Fuel exports (% of merchandise exports)
FRA,2022,5.90288840625744,TX.VAL.FUEL.ZS.UN,Fuel exports (% of merchandise exports)
FRA,2023,5.1259997747409,TX.VAL.FUEL.ZS.UN,Fuel exports (% of merchandise exports)
FRA,2024,4.40931574185064,TX.VAL.FUEL.ZS.UN,Fuel exports (% of merchandise exports)
FRA,2025,,TX.VAL.FUEL.ZS.UN,Fuel exports (% of merchandise exports)
GBR,1960,,TX.VAL.FUEL.ZS.UN,Fuel exports (% of merchandise exports)
GBR,1961,,TX.VAL.FUEL.ZS.UN,Fuel exports (% of merchandise exports)
GBR,1962,3.85597309902688,TX.VAL.FUEL.ZS.UN,Fuel exports (% of merchandise exports)
GBR,1963,4.03564272275683,TX.VAL.FUEL.ZS.UN,Fuel exports (% of merchandise exports)
GBR,1964,3.26158100215151,TX.VAL.FUEL.ZS.UN,Fuel exports (% of merchandise exports)
GBR,1965,2.82436769204623,TX.VAL.FUEL.ZS.UN,Fuel exports (% of merchandise exports)
GBR,1966,2.6610764183848,TX.VAL.FUEL.ZS.UN,Fuel exports (% of merchandise exports)
GBR,1967,2.55815536972364,TX.VAL.FUEL.ZS.UN,Fuel exports (% of merchandise exports)
GBR,1968,2.6950655927511,TX.VAL.FUEL.ZS.UN,Fuel exports (% of merchandise exports)
GBR,1969,2.4353907772603,TX.VAL.FUEL.ZS.UN,Fuel exports (% of merchandise exports)
GBR,1970,2.56564225965668,TX.VAL.FUEL.ZS.UN,Fuel exports (% of merchandise exports)
GBR,1971,2.57199234842408,TX.VAL.FUEL.ZS.UN,Fuel exports (% of merchandise exports)
GBR,1972,2.44930121795821,TX.VAL.FUEL.ZS.UN,Fuel exports (% of merchandise exports)
GBR,1973,2.97072169786232,TX.VAL.FUEL.ZS.UN,Fuel exports (% of merchandise exports)
GBR,1974,4.65184213392414,TX.VAL.FUEL.ZS.UN,Fuel exports (% of merchandise exports)
GBR,1975,4.11818367925688,TX.VAL.FUEL.ZS.UN,Fuel exports (% of merchandise exports)
GBR,1976,4.89268220824875,TX.VAL.FUEL.ZS.UN,Fuel exports (% of merchandise exports)
GBR,1977,6.32147042537969,TX.VAL.FUEL.ZS.UN,Fuel exports (% of merchandise exports)
GBR,1978,6.28634255209899,TX.VAL.FUEL.ZS.UN,Fuel exports (% of merchandise exports)
GBR,1979,10.1066826519574,TX.VAL.FUEL.ZS.UN,Fuel exports (% of merchandise exports)
GBR,1980,13.0296287917053,TX.VAL.FUEL.ZS.UN,Fuel exports (% of merchandise exports)
GBR,1981,18.9591957031817,TX.VAL.FUEL.ZS.UN,Fuel exports (% of merchandise exports)
GBR,1982,20.2878266684755,TX.VAL.FUEL.ZS.UN,Fuel exports (% of merchandise exports)
GBR,1983,21.5912520257499,TX.VAL.FUEL.ZS.UN,Fuel exports (% of merchandise exports)
GBR,1984,21.7155541725706,TX.VAL.FUEL.ZS.UN,Fuel exports (% of merchandise exports)
GBR,1985,21.4347865507821,TX.VAL.FUEL.ZS.UN,Fuel exports (% of merchandise exports)
GBR,1986,11.8735333261188,TX.VAL.FUEL.ZS.UN,Fuel exports (% of merchandise exports)
GBR,1987,10.9552626905996,TX.VAL.FUEL.ZS.UN,Fuel exports (% of merchandise exports)
GBR,1988,7.1285341638942,TX.VAL.FUEL.ZS.UN,Fuel exports (% of merchandise exports)
GBR,1989,6.58780836259733,TX.VAL.FUEL.ZS.UN,Fuel exports (% of merchandise exports)
GBR,1990,7.59199949902804,TX.VAL.FUEL.ZS.UN,Fuel exports (% of merchandise exports)
GBR,1991,7.23366919113139,TX.VAL.FUEL.ZS.UN,Fuel exports (% of merchandise exports)
GBR,1992,6.42108908908923,TX.VAL.FUEL.ZS.UN,Fuel exports (% of merchandise exports)
GBR,1993,7.0752395344982,TX.VAL.FUEL.ZS.UN,Fuel exports (% of merchandise exports)
GBR,1994,6.69346243627761,TX.VAL.FUEL.ZS.UN,Fuel exports (% of merchandise exports)
GBR,1995,6.19592254258388,TX.VAL.FUEL.ZS.UN,Fuel exports (% of merchandise exports)
GBR,1996,6.72122587769505,TX.VAL.FUEL.ZS.UN,Fuel exports (% of merchandise exports)
GBR,1997,6.02927111333643,TX.VAL.FUEL.ZS.UN,Fuel exports (% of merchandise exports)
GBR,1998,4.14103276192785,TX.VAL.FUEL.ZS.UN,Fuel exports (% of merchandise exports)
GBR,1999,5.54940163815323,TX.VAL.FUEL.ZS.UN,Fuel exports (% of merchandise exports)
GBR,2000,8.31363399667227,TX.VAL.FUEL.ZS.UN,Fuel exports (% of merchandise exports)
GBR,2001,8.02728595472992,TX.VAL.FUEL.ZS.UN,Fuel exports (% of merchandise exports)
GBR,2002,8.09048122385878,TX.VAL.FUEL.ZS.UN,Fuel exports (% of merchandise exports)
GBR,2003,8.18486315684614,TX.VAL.FUEL.ZS.UN,Fuel exports (% of merchandise exports)
GBR,2004,8.74180115519692,TX.VAL.FUEL.ZS.UN,Fuel exports (% of merchandise exports)
GBR,2005,9.34667587729113,TX.VAL.FUEL.ZS.UN,Fuel exports (% of merchandise exports)
GBR,2006,9.51966616894902,TX.VAL.FUEL.ZS.UN,Fuel exports (% of merchandise exports)
GBR,2007,10.283154066959,TX.VAL.FUEL.ZS.UN,Fuel exports (% of merchandise exports)
GBR,2008,12.907975568673,TX.VAL.FUEL.ZS.UN,Fuel exports (% of merchandise exports)
GBR,2009,11.0096977437667,TX.VAL.FUEL.ZS.UN,Fuel exports (% of merchandise exports)
GBR,2010,12.3740599458975,TX.VAL.FUEL.ZS.UN,Fuel exports (% of merchandise exports)
GBR,2011,12.6153872741119,TX.VAL.FUEL.ZS.UN,Fuel exports (% of merchandise exports)
GBR,2012,13.8690044776246,TX.VAL.FUEL.ZS.UN,Fuel exports (% of merchandise exports)
GBR,2013,11.4223263327095,TX.VAL.FUEL.ZS.UN,Fuel exports (% of merchandise exports)
GBR,2014,10.8953001970876,TX.VAL.FUEL.ZS.UN,Fuel exports (% of merchandise exports)
GBR,2015,7.02213106641059,TX.VAL.FUEL.ZS.UN,Fuel exports (% of merchandise exports)
GBR,2016,6.25609635660007,TX.VAL.FUEL.ZS.UN,Fuel exports (% of merchandise exports)
GBR,2017,7.96909103032825,TX.VAL.FUEL.ZS.UN,Fuel exports (% of merchandise exports)
GBR,2018,9.45873392804059,TX.VAL.FUEL.ZS.UN,Fuel exports (% of merchandise exports)
GBR,2019,8.59897730540144,TX.VAL.FUEL.ZS.UN,Fuel exports (% of merchandise exports)
GBR,2020,7.06424366401815,TX.VAL.FUEL.ZS.UN,Fuel exports (% of merchandise exports)
GBR,2021,8.32935578799489,TX.VAL.FUEL.ZS.UN,Fuel exports (% of merchandise exports)
GBR,2022,12.3109041508633,TX.VAL.FUEL.ZS.UN,Fuel exports (% of merchandise exports)
GBR,2023,8.96373321933615,TX.VAL.FUEL.ZS.UN,Fuel exports (% of merchandise exports)
GBR,2024,8.57390412775903,TX.VAL.FUEL.ZS.UN,Fuel exports (% of merchandise exports)
GBR,2025,7.10156229531189,TX.VAL.FUEL.ZS.UN,Fuel exports (% of merchandise exports)
HKG,1960,,TX.VAL.FUEL.ZS.UN,Fuel exports (% of merchandise exports)
HKG,1961,,TX.VAL.FUEL.ZS.UN,Fuel exports (% of merchandise exports)
HKG,1962,0.000181773336615798,TX.VAL.FUEL.ZS.UN,Fuel exports (% of merchandise exports)
HKG,1963,0.000294887321481152,TX.VAL.FUEL.ZS.UN,Fuel exports (% of merchandise exports)
HKG,1964,0.000155776552852953,TX.VAL.FUEL.ZS.UN,Fuel exports (% of merchandise exports)
HKG,1965,0.000631249299862338,TX.VAL.FUEL.ZS.UN,Fuel exports (% of merchandise exports)
HKG,1966,0.000209331469127065,TX.VAL.FUEL.ZS.UN,Fuel exports (% of merchandise exports)
HKG,1967,0.000422745210311383,TX.VAL.FUEL.ZS.UN,Fuel exports (% of merchandise exports)
HKG,1968,3.68883836952435e-05,TX.VAL.FUEL.ZS.UN,Fuel exports (% of merchandise exports)
HKG,1969,0.0,TX.VAL.FUEL.ZS.UN,Fuel exports (% of merchandise exports)
HKG,1970,0.0,TX.VAL.FUEL.ZS.UN,Fuel exports (% of merchandise exports)
HKG,1971,0.0,TX.VAL.FUEL.ZS.UN,Fuel exports (% of merchandise exports)
HKG,1972,0.0,TX.VAL.FUEL.ZS.UN,Fuel exports (% of merchandise exports)
HKG,1973,0.0,TX.VAL.FUEL.ZS.UN,Fuel exports (% of merchandise exports)
HKG,1974,0.0,TX.VAL.FUEL.ZS.UN,Fuel exports (% of merchandise exports)
HKG,1975,0.000107591514315116,TX.VAL.FUEL.ZS.UN,Fuel exports (% of merchandise exports)
HKG,1976,0.0,TX.VAL.FUEL.ZS.UN,Fuel exports (% of merchandise exports)
HKG,1977,1.49052908450665e-05,TX.VAL.FUEL.ZS.UN,Fuel exports (% of merchandise exports)
HKG,1978,0.000194889768614927,TX.VAL.FUEL.ZS.UN,Fuel exports (% of merchandise exports)
HKG,1979,0.0898972275729914,TX.VAL.FUEL.ZS.UN,Fuel exports (% of merchandise exports)
HKG,1980,0.129872142195884,TX.VAL.FUEL.ZS.UN,Fuel exports (% of merchandise exports)
HKG,1981,0.123396671819135,TX.VAL.FUEL.ZS.UN,Fuel exports (% of merchandise exports)
HKG,1982,0.128334638424736,TX.VAL.FUEL.ZS.UN,Fuel exports (% of merchandise exports)
HKG,1983,0.153244701893743,TX.VAL.FUEL.ZS.UN,Fuel exports (% of merchandise exports)
HKG,1984,0.226443819082084,TX.VAL.FUEL.ZS.UN,Fuel exports (% of merchandise exports)
HKG,1985,0.34136785000864,TX.VAL.FUEL.ZS.UN,Fuel exports (% of merchandise exports)
HKG,1986,0.300701013238288,TX.VAL.FUEL.ZS.UN,Fuel exports (% of merchandise exports)
HKG,1987,0.25713374570655,TX.VAL.FUEL.ZS.UN,Fuel exports (% of merchandise exports)
HKG,1988,,TX.VAL.FUEL.ZS.UN,Fuel exports (% of merchandise exports)
HKG,1989,,TX.VAL.FUEL.ZS.UN,Fuel exports (% of merchandise exports)
HKG,1990,,TX.VAL.FUEL.ZS.UN,Fuel exports (% of merchandise exports)
HKG,1991,,TX.VAL.FUEL.ZS.UN,Fuel exports (% of merchandise exports)
HKG,1992,0.892923907079889,TX.VAL.FUEL.ZS.UN,Fuel exports (% of merchandise exports)
HKG,1993,0.870348086757599,TX.VAL.FUEL.ZS.UN,Fuel exports (% of merchandise exports)
HKG,1994,0.375656190659725,TX.VAL.FUEL.ZS.UN,Fuel exports (% of merchandise exports)
HKG,1995,0.315467447937326,TX.VAL.FUEL.ZS.UN,Fuel exports (% of merchandise exports)
HKG,1996,0.154325913154053,TX.VAL.FUEL.ZS.UN,Fuel exports (% of merchandise exports)
HKG,1997,0.413002737273904,TX.VAL.FUEL.ZS.UN,Fuel exports (% of merchandise exports)
HKG,1998,0.321966232668042,TX.VAL.FUEL.ZS.UN,Fuel exports (% of merchandise exports)
HKG,1999,0.34198868361486,TX.VAL.FUEL.ZS.UN,Fuel exports (% of merchandise exports)
HKG,2000,0.461977335829639,TX.VAL.FUEL.ZS.UN,Fuel exports (% of merchandise exports)
HKG,2001,0.583712895671654,TX.VAL.FUEL.ZS.UN,Fuel exports (% of merchandise exports)
HKG,2002,0.727912959261127,TX.VAL.FUEL.ZS.UN,Fuel exports (% of merchandise exports)
HKG,2003,0.896646250430637,TX.VAL.FUEL.ZS.UN,Fuel exports (% of merchandise exports)
HKG,2004,0.992647981806573,TX.VAL.FUEL.ZS.UN,Fuel exports (% of merchandise exports)
HKG,2005,1.33685218489817,TX.VAL.FUEL.ZS.UN,Fuel exports (% of merchandise exports)
HKG,2006,1.2664099639829,TX.VAL.FUEL.ZS.UN,Fuel exports (% of merchandise exports)
HKG,2007,1.51790817690035,TX.VAL.FUEL.ZS.UN,Fuel exports (% of merchandise exports)
HKG,2008,1.89987009504121,TX.VAL.FUEL.ZS.UN,Fuel exports (% of merchandise exports)
HKG,2009,1.9405981440719,TX.VAL.FUEL.ZS.UN,Fuel exports (% of merchandise exports)
HKG,2010,1.97471247684696,TX.VAL.FUEL.ZS.UN,Fuel exports (% of merchandise exports)
HKG,2011,2.04710597899413,TX.VAL.FUEL.ZS.UN,Fuel exports (% of merchandise exports)
HKG,2012,1.08377769821115,TX.VAL.FUEL.ZS.UN,Fuel exports (% of merchandise exports)
HKG,2013,1.08391438680499,TX.VAL.FUEL.ZS.UN,Fuel exports (% of merchandise exports)
HKG,2014,1.44114492800792,TX.VAL.FUEL.ZS.UN,Fuel exports (% of merchandise exports)
HKG,2015,1.80642355129519,TX.VAL.FUEL.ZS.UN,Fuel exports (% of merchandise exports)
HKG,2016,0.882539406722337,TX.VAL.FUEL.ZS.UN,Fuel exports (% of merchandise exports)
HKG,2017,0.106953953113915,TX.VAL.FUEL.ZS.UN,Fuel exports (% of merchandise exports)
HKG,2018,0.119866004746752,TX.VAL.FUEL.ZS.UN,Fuel exports (% of merchandise exports)
HKG,2019,0.116930486380584,TX.VAL.FUEL.ZS.UN,Fuel exports (% of merchandise exports)
HKG,2020,0.0860309283828553,TX.VAL.FUEL.ZS.UN,Fuel exports (% of merchandise exports)
HKG,2021,0.0950705144024559,TX.VAL.FUEL.ZS.UN,Fuel exports (% of merchandise exports)
HKG,2022,0.124056862630244,TX.VAL.FUEL.ZS.UN,Fuel exports (% of merchandise exports)
HKG,2023,0.134003723009074,TX.VAL.FUEL.ZS.UN,Fuel exports (% of merchandise exports)
HKG,2024,0.111838199290455,TX.VAL.FUEL.ZS.UN,Fuel exports (% of merchandise exports)
HKG,2025,,TX.VAL.FUEL.ZS.UN,Fuel exports (% of merchandise exports)
JPN,1960,,TX.VAL.FUEL.ZS.UN,Fuel exports (% of merchandise exports)
JPN,1961,,TX.VAL.FUEL.ZS.UN,Fuel exports (% of merchandise exports)
JPN,1962,0.396572157992249,TX.VAL.FUEL.ZS.UN,Fuel exports (% of merchandise exports)
JPN,1963,0.312482701509717,TX.VAL.FUEL.ZS.UN,Fuel exports (% of merchandise exports)
JPN,1964,0.353070484835987,TX.VAL.FUEL.ZS.UN,Fuel exports (% of merchandise exports)
JPN,1965,0.355348187541752,TX.VAL.FUEL.ZS.UN,Fuel exports (% of merchandise exports)
JPN,1966,0.32427602561072,TX.VAL.FUEL.ZS.UN,Fuel exports (% of merchandise exports)
JPN,1967,0.316350438231211,TX.VAL.FUEL.ZS.UN,Fuel exports (% of merchandise exports)
JPN,1968,0.241101834105332,TX.VAL.FUEL.ZS.UN,Fuel exports (% of merchandise exports)
JPN,1969,0.312492590957152,TX.VAL.FUEL.ZS.UN,Fuel exports (% of merchandise exports)
JPN,1970,0.246213929680959,TX.VAL.FUEL.ZS.UN,Fuel exports (% of merchandise exports)
JPN,1971,0.260515194820606,TX.VAL.FUEL.ZS.UN,Fuel exports (% of merchandise exports)
JPN,1972,0.258559567804378,TX.VAL.FUEL.ZS.UN,Fuel exports (% of merchandise exports)
JPN,1973,0.250187315635568,TX.VAL.FUEL.ZS.UN,Fuel exports (% of merchandise exports)
JPN,1974,0.45229530190131,TX.VAL.FUEL.ZS.UN,Fuel exports (% of merchandise exports)
JPN,1975,0.394105160684423,TX.VAL.FUEL.ZS.UN,Fuel exports (% of merchandise exports)
JPN,1976,0.17481098634799,TX.VAL.FUEL.ZS.UN,Fuel exports (% of merchandise exports)
JPN,1977,0.193417096264207,TX.VAL.FUEL.ZS.UN,Fuel exports (% of merchandise exports)
JPN,1978,0.267444719534234,TX.VAL.FUEL.ZS.UN,Fuel exports (% of merchandise exports)
JPN,1979,0.345906784991299,TX.VAL.FUEL.ZS.UN,Fuel exports (% of merchandise exports)
JPN,1980,0.388810685831081,TX.VAL.FUEL.ZS.UN,Fuel exports (% of merchandise exports)
JPN,1981,0.364514475745628,TX.VAL.FUEL.ZS.UN,Fuel exports (% of merchandise exports)
JPN,1982,0.296764249031272,TX.VAL.FUEL.ZS.UN,Fuel exports (% of merchandise exports)
JPN,1983,0.29445446778074,TX.VAL.FUEL.ZS.UN,Fuel exports (% of merchandise exports)
JPN,1984,0.296955004943023,TX.VAL.FUEL.ZS.UN,Fuel exports (% of merchandise exports)
JPN,1985,0.306495770781985,TX.VAL.FUEL.ZS.UN,Fuel exports (% of merchandise exports)
JPN,1986,0.281277448714273,TX.VAL.FUEL.ZS.UN,Fuel exports (% of merchandise exports)
JPN,1987,0.341508276430957,TX.VAL.FUEL.ZS.UN,Fuel exports (% of merchandise exports)
JPN,1988,0.217675969595964,TX.VAL.FUEL.ZS.UN,Fuel exports (% of merchandise exports)
JPN,1989,0.350659281606807,TX.VAL.FUEL.ZS.UN,Fuel exports (% of merchandise exports)
JPN,1990,0.439040701042179,TX.VAL.FUEL.ZS.UN,Fuel exports (% of merchandise exports)
JPN,1991,0.412574231240896,TX.VAL.FUEL.ZS.UN,Fuel exports (% of merchandise exports)
JPN,1992,0.469528600301781,TX.VAL.FUEL.ZS.UN,Fuel exports (% of merchandise exports)
JPN,1993,0.54683720055062,TX.VAL.FUEL.ZS.UN,Fuel exports (% of merchandise exports)
JPN,1994,0.58221079333948,TX.VAL.FUEL.ZS.UN,Fuel exports (% of merchandise exports)
JPN,1995,0.562941676915821,TX.VAL.FUEL.ZS.UN,Fuel exports (% of merchandise exports)
JPN,1996,0.474366187977455,TX.VAL.FUEL.ZS.UN,Fuel exports (% of merchandise exports)
JPN,1997,0.453849667485478,TX.VAL.FUEL.ZS.UN,Fuel exports (% of merchandise exports)
JPN,1998,0.318688278151706,TX.VAL.FUEL.ZS.UN,Fuel exports (% of merchandise exports)
JPN,1999,0.293460615995519,TX.VAL.FUEL.ZS.UN,Fuel exports (% of merchandise exports)
JPN,2000,0.31713063235683,TX.VAL.FUEL.ZS.UN,Fuel exports (% of merchandise exports)
JPN,2001,0.37414264059477,TX.VAL.FUEL.ZS.UN,Fuel exports (% of merchandise exports)
JPN,2002,0.336838530943305,TX.VAL.FUEL.ZS.UN,Fuel exports (% of merchandise exports)
JPN,2003,0.330277857113262,TX.VAL.FUEL.ZS.UN,Fuel exports (% of merchandise exports)
JPN,2004,0.40443333428467,TX.VAL.FUEL.ZS.UN,Fuel exports (% of merchandise exports)
JPN,2005,0.748696218083002,TX.VAL.FUEL.ZS.UN,Fuel exports (% of merchandise exports)
JPN,2006,0.911800481133708,TX.VAL.FUEL.ZS.UN,Fuel exports (% of merchandise exports)
JPN,2007,1.29910132558477,TX.VAL.FUEL.ZS.UN,Fuel exports (% of merchandise exports)
JPN,2008,2.40280339631499,TX.VAL.FUEL.ZS.UN,Fuel exports (% of merchandise exports)
JPN,2009,1.81331656588565,TX.VAL.FUEL.ZS.UN,Fuel exports (% of merchandise exports)
JPN,2010,1.69502618164654,TX.VAL.FUEL.ZS.UN,Fuel exports (% of merchandise exports)
JPN,2011,1.97930812274285,TX.VAL.FUEL.ZS.UN,Fuel exports (% of merchandise exports)
JPN,2012,1.68214490249087,TX.VAL.FUEL.ZS.UN,Fuel exports (% of merchandise exports)
JPN,2013,2.33284299920258,TX.VAL.FUEL.ZS.UN,Fuel exports (% of merchandise exports)
JPN,2014,2.29264163422113,TX.VAL.FUEL.ZS.UN,Fuel exports (% of merchandise exports)
JPN,2015,1.82112089122004,TX.VAL.FUEL.ZS.UN,Fuel exports (% of merchandise exports)
JPN,2016,1.45314833400369,TX.VAL.FUEL.ZS.UN,Fuel exports (% of merchandise exports)
JPN,2017,1.62989701847048,TX.VAL.FUEL.ZS.UN,Fuel exports (% of merchandise exports)
JPN,2018,1.81010139690813,TX.VAL.FUEL.ZS.UN,Fuel exports (% of merchandise exports)
JPN,2019,1.98546863293334,TX.VAL.FUEL.ZS.UN,Fuel exports (% of merchandise exports)
JPN,2020,1.18928797948461,TX.VAL.FUEL.ZS.UN,Fuel exports (% of merchandise exports)
JPN,2021,1.35105888659274,TX.VAL.FUEL.ZS.UN,Fuel exports (% of merchandise exports)
JPN,2022,2.4439279415333,TX.VAL.FUEL.ZS.UN,Fuel exports (% of merchandise exports)
JPN,2023,1.77262134601493,TX.VAL.FUEL.ZS.UN,Fuel exports (% of merchandise exports)
JPN,2024,1.39430977776367,TX.VAL.FUEL.ZS.UN,Fuel exports (% of merchandise exports)
JPN,2025,1.18502310670015,TX.VAL.FUEL.ZS.UN,Fuel exports (% of merchandise exports)
KOR,1960,,TX.VAL.FUEL.ZS.UN,Fuel exports (% of merchandise exports)
KOR,1961,,TX.VAL.FUEL.ZS.UN,Fuel exports (% of merchandise exports)
KOR,1962,4.85442051572683,TX.VAL.FUEL.ZS.UN,Fuel exports (% of merchandise exports)
KOR,1963,2.9758339356386,TX.VAL.FUEL.ZS.UN,Fuel exports (% of merchandise exports)
KOR,1964,2.09727236588453,TX.VAL.FUEL.ZS.UN,Fuel exports (% of merchandise exports)
KOR,1965,1.08437219872119,TX.VAL.FUEL.ZS.UN,Fuel exports (% of merchandise exports)
KOR,1966,0.603301748029889,TX.VAL.FUEL.ZS.UN,Fuel exports (% of merchandise exports)
KOR,1967,0.553410298121721,TX.VAL.FUEL.ZS.UN,Fuel exports (% of merchandise exports)
KOR,1968,0.504549856536672,TX.VAL.FUEL.ZS.UN,Fuel exports (% of merchandise exports)
KOR,1969,0.7840817403135,TX.VAL.FUEL.ZS.UN,Fuel exports (% of merchandise exports)
KOR,1970,1.05599890682207,TX.VAL.FUEL.ZS.UN,Fuel exports (% of merchandise exports)
KOR,1971,1.06389204839777,TX.VAL.FUEL.ZS.UN,Fuel exports (% of merchandise exports)
KOR,1972,1.12474939574038,TX.VAL.FUEL.ZS.UN,Fuel exports (% of merchandise exports)
KOR,1973,1.1018862606188,TX.VAL.FUEL.ZS.UN,Fuel exports (% of merchandise exports)
KOR,1974,2.41952805007278,TX.VAL.FUEL.ZS.UN,Fuel exports (% of merchandise exports)
KOR,1975,2.05420901688785,TX.VAL.FUEL.ZS.UN,Fuel exports (% of merchandise exports)
KOR,1976,1.87975835365172,TX.VAL.FUEL.ZS.UN,Fuel exports (% of merchandise exports)
KOR,1977,1.16950918201952,TX.VAL.FUEL.ZS.UN,Fuel exports (% of merchandise exports)
KOR,1978,0.320978157583273,TX.VAL.FUEL.ZS.UN,Fuel exports (% of merchandise exports)
KOR,1979,0.120891021999267,TX.VAL.FUEL.ZS.UN,Fuel exports (% of merchandise exports)
KOR,1980,0.190582478139829,TX.VAL.FUEL.ZS.UN,Fuel exports (% of merchandise exports)
KOR,1981,0.749168453455419,TX.VAL.FUEL.ZS.UN,Fuel exports (% of merchandise exports)
KOR,1982,1.30655381778464,TX.VAL.FUEL.ZS.UN,Fuel exports (% of merchandise exports)
KOR,1983,2.1941734432107,TX.VAL.FUEL.ZS.UN,Fuel exports (% of merchandise exports)
KOR,1984,2.7510750154574,TX.VAL.FUEL.ZS.UN,Fuel exports (% of merchandise exports)
KOR,1985,3.06779920057902,TX.VAL.FUEL.ZS.UN,Fuel exports (% of merchandise exports)
KOR,1986,1.78079030149807,TX.VAL.FUEL.ZS.UN,Fuel exports (% of merchandise exports)
KOR,1987,1.52586370117555,TX.VAL.FUEL.ZS.UN,Fuel exports (% of merchandise exports)
KOR,1988,0.964805941168216,TX.VAL.FUEL.ZS.UN,Fuel exports (% of merchandise exports)
KOR,1989,1.10112394136407,TX.VAL.FUEL.ZS.UN,Fuel exports (% of merchandise exports)
KOR,1990,1.07211640519506,TX.VAL.FUEL.ZS.UN,Fuel exports (% of merchandise exports)
KOR,1991,2.09911911734718,TX.VAL.FUEL.ZS.UN,Fuel exports (% of merchandise exports)
KOR,1992,2.27365441355294,TX.VAL.FUEL.ZS.UN,Fuel exports (% of merchandise exports)
KOR,1993,2.25183939814307,TX.VAL.FUEL.ZS.UN,Fuel exports (% of merchandise exports)
KOR,1994,1.81838316210008,TX.VAL.FUEL.ZS.UN,Fuel exports (% of merchandise exports)
KOR,1995,1.9766194905828,TX.VAL.FUEL.ZS.UN,Fuel exports (% of merchandise exports)
KOR,1996,2.98076101150615,TX.VAL.FUEL.ZS.UN,Fuel exports (% of merchandise exports)
KOR,1997,3.92875987409866,TX.VAL.FUEL.ZS.UN,Fuel exports (% of merchandise exports)
KOR,1998,3.47342864967623,TX.VAL.FUEL.ZS.UN,Fuel exports (% of merchandise exports)
KOR,1999,4.04415508340684,TX.VAL.FUEL.ZS.UN,Fuel exports (% of merchandise exports)
KOR,2000,5.44240824095879,TX.VAL.FUEL.ZS.UN,Fuel exports (% of merchandise exports)
KOR,2001,5.32448416449694,TX.VAL.FUEL.ZS.UN,Fuel exports (% of merchandise exports)
KOR,2002,4.03256692073535,TX.VAL.FUEL.ZS.UN,Fuel exports (% of merchandise exports)
KOR,2003,3.56106107839375,TX.VAL.FUEL.ZS.UN,Fuel exports (% of merchandise exports)
KOR,2004,4.14877491088135,TX.VAL.FUEL.ZS.UN,Fuel exports (% of merchandise exports)
KOR,2005,5.52335288427246,TX.VAL.FUEL.ZS.UN,Fuel exports (% of merchandise exports)
KOR,2006,6.42800081719723,TX.VAL.FUEL.ZS.UN,Fuel exports (% of merchandise exports)
KOR,2007,6.63053786115898,TX.VAL.FUEL.ZS.UN,Fuel exports (% of merchandise exports)
KOR,2008,9.11241113109065,TX.VAL.FUEL.ZS.UN,Fuel exports (% of merchandise exports)
KOR,2009,6.54303370361556,TX.VAL.FUEL.ZS.UN,Fuel exports (% of merchandise exports)
KOR,2010,6.98564233302644,TX.VAL.FUEL.ZS.UN,Fuel exports (% of merchandise exports)
KOR,2011,9.56161116916152,TX.VAL.FUEL.ZS.UN,Fuel exports (% of merchandise exports)
KOR,2012,10.4940639270131,TX.VAL.FUEL.ZS.UN,Fuel exports (% of merchandise exports)
KOR,2013,9.66955779780818,TX.VAL.FUEL.ZS.UN,Fuel exports (% of merchandise exports)
KOR,2014,9.19087254809735,TX.VAL.FUEL.ZS.UN,Fuel exports (% of merchandise exports)
KOR,2015,6.28827621295043,TX.VAL.FUEL.ZS.UN,Fuel exports (% of merchandise exports)
KOR,2016,5.5492872250197,TX.VAL.FUEL.ZS.UN,Fuel exports (% of merchandise exports)
KOR,2017,6.34576276711752,TX.VAL.FUEL.ZS.UN,Fuel exports (% of merchandise exports)
KOR,2018,7.93460902634461,TX.VAL.FUEL.ZS.UN,Fuel exports (% of merchandise exports)
KOR,2019,7.7796164250441,TX.VAL.FUEL.ZS.UN,Fuel exports (% of merchandise exports)
KOR,2020,4.96538608506398,TX.VAL.FUEL.ZS.UN,Fuel exports (% of merchandise exports)
KOR,2021,6.20942713728516,TX.VAL.FUEL.ZS.UN,Fuel exports (% of merchandise exports)
KOR,2022,9.47277423929597,TX.VAL.FUEL.ZS.UN,Fuel exports (% of merchandise exports)
KOR,2023,8.55361920375165,TX.VAL.FUEL.ZS.UN,Fuel exports (% of merchandise exports)
KOR,2024,7.70232630112563,TX.VAL.FUEL.ZS.UN,Fuel exports (% of merchandise exports)
KOR,2025,,TX.VAL.FUEL.ZS.UN,Fuel exports (% of merchandise exports)
MEX,1960,,TX.VAL.FUEL.ZS.UN,Fuel exports (% of merchandise exports)
MEX,1961,,TX.VAL.FUEL.ZS.UN,Fuel exports (% of merchandise exports)
MEX,1962,4.60922628422934,TX.VAL.FUEL.ZS.UN,Fuel exports (% of merchandise exports)
MEX,1963,4.02615154640904,TX.VAL.FUEL.ZS.UN,Fuel exports (% of merchandise exports)
MEX,1964,4.22015395129419,TX.VAL.FUEL.ZS.UN,Fuel exports (% of merchandise exports)
MEX,1965,3.98516076398447,TX.VAL.FUEL.ZS.UN,Fuel exports (% of merchandise exports)
MEX,1966,3.78757111032023,TX.VAL.FUEL.ZS.UN,Fuel exports (% of merchandise exports)
MEX,1967,3.84978375173073,TX.VAL.FUEL.ZS.UN,Fuel exports (% of merchandise exports)
MEX,1968,3.06111202838496,TX.VAL.FUEL.ZS.UN,Fuel exports (% of merchandise exports)
MEX,1969,3.19422987052118,TX.VAL.FUEL.ZS.UN,Fuel exports (% of merchandise exports)
MEX,1970,3.18312815976673,TX.VAL.FUEL.ZS.UN,Fuel exports (% of merchandise exports)
MEX,1971,2.37285099895951,TX.VAL.FUEL.ZS.UN,Fuel exports (% of merchandise exports)
MEX,1972,1.17848645107424,TX.VAL.FUEL.ZS.UN,Fuel exports (% of merchandise exports)
MEX,1973,0.94729657227438,TX.VAL.FUEL.ZS.UN,Fuel exports (% of merchandise exports)
MEX,1974,4.20925212683019,TX.VAL.FUEL.ZS.UN,Fuel exports (% of merchandise exports)
MEX,1975,15.4645360032583,TX.VAL.FUEL.ZS.UN,Fuel exports (% of merchandise exports)
MEX,1976,15.9786359226874,TX.VAL.FUEL.ZS.UN,Fuel exports (% of merchandise exports)
MEX,1977,23.6577914010493,TX.VAL.FUEL.ZS.UN,Fuel exports (% of merchandise exports)
MEX,1978,28.6287299975656,TX.VAL.FUEL.ZS.UN,Fuel exports (% of merchandise exports)
MEX,1979,43.7733244680079,TX.VAL.FUEL.ZS.UN,Fuel exports (% of merchandise exports)
MEX,1980,66.8276712286799,TX.VAL.FUEL.ZS.UN,Fuel exports (% of merchandise exports)
MEX,1981,72.1018186687492,TX.VAL.FUEL.ZS.UN,Fuel exports (% of merchandise exports)
MEX,1982,77.2384496247017,TX.VAL.FUEL.ZS.UN,Fuel exports (% of merchandise exports)
MEX,1983,64.3702540053786,TX.VAL.FUEL.ZS.UN,Fuel exports (% of merchandise exports)
MEX,1984,61.7562887138108,TX.VAL.FUEL.ZS.UN,Fuel exports (% of merchandise exports)
MEX,1985,60.0866137311032,TX.VAL.FUEL.ZS.UN,Fuel exports (% of merchandise exports)
MEX,1986,32.4748555076834,TX.VAL.FUEL.ZS.UN,Fuel exports (% of merchandise exports)
MEX,1987,41.6665702427568,TX.VAL.FUEL.ZS.UN,Fuel exports (% of merchandise exports)
MEX,1988,,TX.VAL.FUEL.ZS.UN,Fuel exports (% of merchandise exports)
MEX,1989,33.7840151349,TX.VAL.FUEL.ZS.UN,Fuel exports (% of merchandise exports)
MEX,1990,37.458271809631,TX.VAL.FUEL.ZS.UN,Fuel exports (% of merchandise exports)
MEX,1991,30.0129083072199,TX.VAL.FUEL.ZS.UN,Fuel exports (% of merchandise exports)
MEX,1992,17.5795281683497,TX.VAL.FUEL.ZS.UN,Fuel exports (% of merchandise exports)
MEX,1993,14.0348755982002,TX.VAL.FUEL.ZS.UN,Fuel exports (% of merchandise exports)
MEX,1994,11.8490766642125,TX.VAL.FUEL.ZS.UN,Fuel exports (% of merchandise exports)
MEX,1995,10.2531586675514,TX.VAL.FUEL.ZS.UN,Fuel exports (% of merchandise exports)
MEX,1996,11.9579717263851,TX.VAL.FUEL.ZS.UN,Fuel exports (% of merchandise exports)
MEX,1997,10.0272314429789,TX.VAL.FUEL.ZS.UN,Fuel exports (% of merchandise exports)
MEX,1998,5.94667652263918,TX.VAL.FUEL.ZS.UN,Fuel exports (% of merchandise exports)
MEX,1999,7.13956980803485,TX.VAL.FUEL.ZS.UN,Fuel exports (% of merchandise exports)
MEX,2000,9.66529118455076,TX.VAL.FUEL.ZS.UN,Fuel exports (% of merchandise exports)
MEX,2001,7.97372448127892,TX.VAL.FUEL.ZS.UN,Fuel exports (% of merchandise exports)
MEX,2002,8.89924432899715,TX.VAL.FUEL.ZS.UN,Fuel exports (% of merchandise exports)
MEX,2003,11.2326729646685,TX.VAL.FUEL.ZS.UN,Fuel exports (% of merchandise exports)
MEX,2004,12.3851888996988,TX.VAL.FUEL.ZS.UN,Fuel exports (% of merchandise exports)
MEX,2005,14.8856175708843,TX.VAL.FUEL.ZS.UN,Fuel exports (% of merchandise exports)
MEX,2006,15.4567464150127,TX.VAL.FUEL.ZS.UN,Fuel exports (% of merchandise exports)
MEX,2007,15.6710828967322,TX.VAL.FUEL.ZS.UN,Fuel exports (% of merchandise exports)
MEX,2008,17.2231627311777,TX.VAL.FUEL.ZS.UN,Fuel exports (% of merchandise exports)
MEX,2009,13.2781279220113,TX.VAL.FUEL.ZS.UN,Fuel exports (% of merchandise exports)
MEX,2010,13.768244466265,TX.VAL.FUEL.ZS.UN,Fuel exports (% of merchandise exports)
MEX,2011,15.9452394736811,TX.VAL.FUEL.ZS.UN,Fuel exports (% of merchandise exports)
MEX,2012,14.0716102135622,TX.VAL.FUEL.ZS.UN,Fuel exports (% of merchandise exports)
MEX,2013,12.8121829522689,TX.VAL.FUEL.ZS.UN,Fuel exports (% of merchandise exports)
MEX,2014,10.4122287602677,TX.VAL.FUEL.ZS.UN,Fuel exports (% of merchandise exports)
MEX,2015,5.89078579129835,TX.VAL.FUEL.ZS.UN,Fuel exports (% of merchandise exports)
MEX,2016,4.82276713809655,TX.VAL.FUEL.ZS.UN,Fuel exports (% of merchandise exports)
MEX,2017,5.50774530391262,TX.VAL.FUEL.ZS.UN,Fuel exports (% of merchandise exports)
MEX,2018,6.5678211804808,TX.VAL.FUEL.ZS.UN,Fuel exports (% of merchandise exports)
MEX,2019,5.32160515060597,TX.VAL.FUEL.ZS.UN,Fuel exports (% of merchandise exports)
MEX,2020,3.84267437174223,TX.VAL.FUEL.ZS.UN,Fuel exports (% of merchandise exports)
MEX,2021,5.5701378045074,TX.VAL.FUEL.ZS.UN,Fuel exports (% of merchandise exports)
MEX,2022,6.4977788316006,TX.VAL.FUEL.ZS.UN,Fuel exports (% of merchandise exports)
MEX,2023,5.44687500653683,TX.VAL.FUEL.ZS.UN,Fuel exports (% of merchandise exports)
MEX,2024,4.49492353677104,TX.VAL.FUEL.ZS.UN,Fuel exports (% of merchandise exports)
MEX,2025,2.99248712882047,TX.VAL.FUEL.ZS.UN,Fuel exports (% of merchandise exports)
MYS,1960,,TX.VAL.FUEL.ZS.UN,Fuel exports (% of merchandise exports)
MYS,1961,,TX.VAL.FUEL.ZS.UN,Fuel exports (% of merchandise exports)
MYS,1962,,TX.VAL.FUEL.ZS.UN,Fuel exports (% of merchandise exports)
MYS,1963,,TX.VAL.FUEL.ZS.UN,Fuel exports (% of merchandise exports)
MYS,1964,4.8965043209974,TX.VAL.FUEL.ZS.UN,Fuel exports (% of merchandise exports)
MYS,1965,4.67246857109613,TX.VAL.FUEL.ZS.UN,Fuel exports (% of merchandise exports)
MYS,1966,5.1774979507783,TX.VAL.FUEL.ZS.UN,Fuel exports (% of merchandise exports)
MYS,1967,5.62654418503833,TX.VAL.FUEL.ZS.UN,Fuel exports (% of merchandise exports)
MYS,1968,8.79727684498436,TX.VAL.FUEL.ZS.UN,Fuel exports (% of merchandise exports)
MYS,1969,6.99215983037012,TX.VAL.FUEL.ZS.UN,Fuel exports (% of merchandise exports)
MYS,1970,7.3472731545388,TX.VAL.FUEL.ZS.UN,Fuel exports (% of merchandise exports)
MYS,1971,10.3356124068389,TX.VAL.FUEL.ZS.UN,Fuel exports (% of merchandise exports)
MYS,1972,6.86179290500308,TX.VAL.FUEL.ZS.UN,Fuel exports (% of merchandise exports)
MYS,1973,5.40469345129688,TX.VAL.FUEL.ZS.UN,Fuel exports (% of merchandise exports)
MYS,1974,8.48795317558003,TX.VAL.FUEL.ZS.UN,Fuel exports (% of merchandise exports)
MYS,1975,10.8813947798959,TX.VAL.FUEL.ZS.UN,Fuel exports (% of merchandise exports)
MYS,1976,14.4412350927965,TX.VAL.FUEL.ZS.UN,Fuel exports (% of merchandise exports)
MYS,1977,14.2803960934047,TX.VAL.FUEL.ZS.UN,Fuel exports (% of merchandise exports)
MYS,1978,14.0444598620772,TX.VAL.FUEL.ZS.UN,Fuel exports (% of merchandise exports)
MYS,1979,18.2430473593673,TX.VAL.FUEL.ZS.UN,Fuel exports (% of merchandise exports)
MYS,1980,24.7196137944046,TX.VAL.FUEL.ZS.UN,Fuel exports (% of merchandise exports)
MYS,1981,26.6227156763036,TX.VAL.FUEL.ZS.UN,Fuel exports (% of merchandise exports)
MYS,1982,28.6689905230763,TX.VAL.FUEL.ZS.UN,Fuel exports (% of merchandise exports)
MYS,1983,28.7064761598907,TX.VAL.FUEL.ZS.UN,Fuel exports (% of merchandise exports)
MYS,1984,29.9293086110814,TX.VAL.FUEL.ZS.UN,Fuel exports (% of merchandise exports)
MYS,1985,31.5379413291354,TX.VAL.FUEL.ZS.UN,Fuel exports (% of merchandise exports)
MYS,1986,22.8510979672511,TX.VAL.FUEL.ZS.UN,Fuel exports (% of merchandise exports)
MYS,1987,19.946254510236,TX.VAL.FUEL.ZS.UN,Fuel exports (% of merchandise exports)
MYS,1988,15.8004651707948,TX.VAL.FUEL.ZS.UN,Fuel exports (% of merchandise exports)
MYS,1989,16.2531767685105,TX.VAL.FUEL.ZS.UN,Fuel exports (% of merchandise exports)
MYS,1990,18.3246786659203,TX.VAL.FUEL.ZS.UN,Fuel exports (% of merchandise exports)
MYS,1991,15.5136567596019,TX.VAL.FUEL.ZS.UN,Fuel exports (% of merchandise exports)
MYS,1992,12.9456083975017,TX.VAL.FUEL.ZS.UN,Fuel exports (% of merchandise exports)
MYS,1993,10.2872071723321,TX.VAL.FUEL.ZS.UN,Fuel exports (% of merchandise exports)
MYS,1994,7.36711656369119,TX.VAL.FUEL.ZS.UN,Fuel exports (% of merchandise exports)
MYS,1995,6.99098624246929,TX.VAL.FUEL.ZS.UN,Fuel exports (% of merchandise exports)
MYS,1996,8.06254897399257,TX.VAL.FUEL.ZS.UN,Fuel exports (% of merchandise exports)
MYS,1997,8.12358325897909,TX.VAL.FUEL.ZS.UN,Fuel exports (% of merchandise exports)
MYS,1998,6.16330540050364,TX.VAL.FUEL.ZS.UN,Fuel exports (% of merchandise exports)
MYS,1999,6.79583089381515,TX.VAL.FUEL.ZS.UN,Fuel exports (% of merchandise exports)
MYS,2000,9.6183788648881,TX.VAL.FUEL.ZS.UN,Fuel exports (% of merchandise exports)
MYS,2001,9.71984242561603,TX.VAL.FUEL.ZS.UN,Fuel exports (% of merchandise exports)
MYS,2002,8.39065728551289,TX.VAL.FUEL.ZS.UN,Fuel exports (% of merchandise exports)
MYS,2003,10.0750778982487,TX.VAL.FUEL.ZS.UN,Fuel exports (% of merchandise exports)
MYS,2004,11.5989903056011,TX.VAL.FUEL.ZS.UN,Fuel exports (% of merchandise exports)
MYS,2005,13.4060044181637,TX.VAL.FUEL.ZS.UN,Fuel exports (% of merchandise exports)
MYS,2006,13.7316107502249,TX.VAL.FUEL.ZS.UN,Fuel exports (% of merchandise exports)
MYS,2007,14.3947328217767,TX.VAL.FUEL.ZS.UN,Fuel exports (% of merchandise exports)
MYS,2008,18.3497201239377,TX.VAL.FUEL.ZS.UN,Fuel exports (% of merchandise exports)
MYS,2009,14.7636800620585,TX.VAL.FUEL.ZS.UN,Fuel exports (% of merchandise exports)
MYS,2010,15.8464170995942,TX.VAL.FUEL.ZS.UN,Fuel exports (% of merchandise exports)
MYS,2011,17.7387093045849,TX.VAL.FUEL.ZS.UN,Fuel exports (% of merchandise exports)
MYS,2012,20.4071462425974,TX.VAL.FUEL.ZS.UN,Fuel exports (% of merchandise exports)
MYS,2013,22.272387421079,TX.VAL.FUEL.ZS.UN,Fuel exports (% of merchandise exports)
MYS,2014,22.0894873095308,TX.VAL.FUEL.ZS.UN,Fuel exports (% of merchandise exports)
MYS,2015,16.4637462888258,TX.VAL.FUEL.ZS.UN,Fuel exports (% of merchandise exports)
MYS,2016,14.0025952445656,TX.VAL.FUEL.ZS.UN,Fuel exports (% of merchandise exports)
MYS,2017,15.4036825994082,TX.VAL.FUEL.ZS.UN,Fuel exports (% of merchandise exports)
MYS,2018,15.6707664196549,TX.VAL.FUEL.ZS.UN,Fuel exports (% of merchandise exports)
MYS,2019,14.4392776477319,TX.VAL.FUEL.ZS.UN,Fuel exports (% of merchandise exports)
MYS,2020,11.3856806445869,TX.VAL.FUEL.ZS.UN,Fuel exports (% of merchandise exports)
MYS,2021,12.447410329578,TX.VAL.FUEL.ZS.UN,Fuel exports (% of merchandise exports)
MYS,2022,17.0810793062688,TX.VAL.FUEL.ZS.UN,Fuel exports (% of merchandise exports)
MYS,2023,16.512163379367,TX.VAL.FUEL.ZS.UN,Fuel exports (% of merchandise exports)
MYS,2024,14.4033158188559,TX.VAL.FUEL.ZS.UN,Fuel exports (% of merchandise exports)
MYS,2025,11.1592255377572,TX.VAL.FUEL.ZS.UN,Fuel exports (% of merchandise exports)
NLD,1960,,TX.VAL.FUEL.ZS.UN,Fuel exports (% of merchandise exports)
NLD,1961,,TX.VAL.FUEL.ZS.UN,Fuel exports (% of merchandise exports)
NLD,1962,23.5841099766735,TX.VAL.FUEL.ZS.UN,Fuel exports (% of merchandise exports)
NLD,1963,10.3051732119133,TX.VAL.FUEL.ZS.UN,Fuel exports (% of merchandise exports)
NLD,1964,9.21992142559277,TX.VAL.FUEL.ZS.UN,Fuel exports (% of merchandise exports)
NLD,1965,8.82634601813746,TX.VAL.FUEL.ZS.UN,Fuel exports (% of merchandise exports)
NLD,1966,7.08257624322852,TX.VAL.FUEL.ZS.UN,Fuel exports (% of merchandise exports)
NLD,1967,7.92123762123309,TX.VAL.FUEL.ZS.UN,Fuel exports (% of merchandise exports)
NLD,1968,7.742177667909,TX.VAL.FUEL.ZS.UN,Fuel exports (% of merchandise exports)
NLD,1969,8.31414485626937,TX.VAL.FUEL.ZS.UN,Fuel exports (% of merchandise exports)
NLD,1970,10.722002079172,TX.VAL.FUEL.ZS.UN,Fuel exports (% of merchandise exports)
NLD,1971,12.5076340123455,TX.VAL.FUEL.ZS.UN,Fuel exports (% of merchandise exports)
NLD,1972,12.0072212002272,TX.VAL.FUEL.ZS.UN,Fuel exports (% of merchandise exports)
NLD,1973,13.0396002826109,TX.VAL.FUEL.ZS.UN,Fuel exports (% of merchandise exports)
NLD,1974,16.0143913475846,TX.VAL.FUEL.ZS.UN,Fuel exports (% of merchandise exports)
NLD,1975,17.0713450675257,TX.VAL.FUEL.ZS.UN,Fuel exports (% of merchandise exports)
NLD,1976,17.6774471201255,TX.VAL.FUEL.ZS.UN,Fuel exports (% of merchandise exports)
NLD,1977,18.2017449034055,TX.VAL.FUEL.ZS.UN,Fuel exports (% of merchandise exports)
NLD,1978,15.9975406213462,TX.VAL.FUEL.ZS.UN,Fuel exports (% of merchandise exports)
NLD,1979,18.8187038727932,TX.VAL.FUEL.ZS.UN,Fuel exports (% of merchandise exports)
NLD,1980,21.8419370810591,TX.VAL.FUEL.ZS.UN,Fuel exports (% of merchandise exports)
NLD,1981,23.8603113959226,TX.VAL.FUEL.ZS.UN,Fuel exports (% of merchandise exports)
NLD,1982,23.8515382768409,TX.VAL.FUEL.ZS.UN,Fuel exports (% of merchandise exports)
NLD,1983,23.1625279475257,TX.VAL.FUEL.ZS.UN,Fuel exports (% of merchandise exports)
NLD,1984,22.585809943067,TX.VAL.FUEL.ZS.UN,Fuel exports (% of merchandise exports)
NLD,1985,22.6934599685621,TX.VAL.FUEL.ZS.UN,Fuel exports (% of merchandise exports)
NLD,1986,15.1616911805384,TX.VAL.FUEL.ZS.UN,Fuel exports (% of merchandise exports)
NLD,1987,10.8625501651873,TX.VAL.FUEL.ZS.UN,Fuel exports (% of merchandise exports)
NLD,1988,8.47563696037293,TX.VAL.FUEL.ZS.UN,Fuel exports (% of merchandise exports)
NLD,1989,9.04413798372211,TX.VAL.FUEL.ZS.UN,Fuel exports (% of merchandise exports)
NLD,1990,9.73935030216802,TX.VAL.FUEL.ZS.UN,Fuel exports (% of merchandise exports)
NLD,1991,9.88706909771208,TX.VAL.FUEL.ZS.UN,Fuel exports (% of merchandise exports)
NLD,1992,8.57961197928558,TX.VAL.FUEL.ZS.UN,Fuel exports (% of merchandise exports)
NLD,1993,8.93855874475238,TX.VAL.FUEL.ZS.UN,Fuel exports (% of merchandise exports)
NLD,1994,7.56605849425378,TX.VAL.FUEL.ZS.UN,Fuel exports (% of merchandise exports)
NLD,1995,7.0933971440154,TX.VAL.FUEL.ZS.UN,Fuel exports (% of merchandise exports)
NLD,1996,8.19872943253443,TX.VAL.FUEL.ZS.UN,Fuel exports (% of merchandise exports)
NLD,1997,7.22293748665819,TX.VAL.FUEL.ZS.UN,Fuel exports (% of merchandise exports)
NLD,1998,6.40444727500702,TX.VAL.FUEL.ZS.UN,Fuel exports (% of merchandise exports)
NLD,1999,6.67491743715364,TX.VAL.FUEL.ZS.UN,Fuel exports (% of merchandise exports)
NLD,2000,8.35783406616944,TX.VAL.FUEL.ZS.UN,Fuel exports (% of merchandise exports)
NLD,2001,6.19108728360142,TX.VAL.FUEL.ZS.UN,Fuel exports (% of merchandise exports)
NLD,2002,5.58955834121391,TX.VAL.FUEL.ZS.UN,Fuel exports (% of merchandise exports)
NLD,2003,5.65504410523909,TX.VAL.FUEL.ZS.UN,Fuel exports (% of merchandise exports)
NLD,2004,5.86902375832662,TX.VAL.FUEL.ZS.UN,Fuel exports (% of merchandise exports)
NLD,2005,7.50882922214862,TX.VAL.FUEL.ZS.UN,Fuel exports (% of merchandise exports)
NLD,2006,8.62717139534594,TX.VAL.FUEL.ZS.UN,Fuel exports (% of merchandise exports)
NLD,2007,8.87017479681396,TX.VAL.FUEL.ZS.UN,Fuel exports (% of merchandise exports)
NLD,2008,10.7064144762756,TX.VAL.FUEL.ZS.UN,Fuel exports (% of merchandise exports)
NLD,2009,8.24328756332864,TX.VAL.FUEL.ZS.UN,Fuel exports (% of merchandise exports)
NLD,2010,10.1638647320306,TX.VAL.FUEL.ZS.UN,Fuel exports (% of merchandise exports)
NLD,2011,12.7907635823148,TX.VAL.FUEL.ZS.UN,Fuel exports (% of merchandise exports)
NLD,2012,14.4575331430104,TX.VAL.FUEL.ZS.UN,Fuel exports (% of merchandise exports)
NLD,2013,14.4300357273789,TX.VAL.FUEL.ZS.UN,Fuel exports (% of merchandise exports)
NLD,2014,12.5669371261896,TX.VAL.FUEL.ZS.UN,Fuel exports (% of merchandise exports)
NLD,2015,10.2507452834652,TX.VAL.FUEL.ZS.UN,Fuel exports (% of merchandise exports)
NLD,2016,9.14899567222457,TX.VAL.FUEL.ZS.UN,Fuel exports (% of merchandise exports)
NLD,2017,10.2776722948672,TX.VAL.FUEL.ZS.UN,Fuel exports (% of merchandise exports)
NLD,2018,10.7424825487341,TX.VAL.FUEL.ZS.UN,Fuel exports (% of merchandise exports)
NLD,2019,10.6520866544886,TX.VAL.FUEL.ZS.UN,Fuel exports (% of merchandise exports)
NLD,2020,7.458285978711,TX.VAL.FUEL.ZS.UN,Fuel exports (% of merchandise exports)
NLD,2021,9.01362412065194,TX.VAL.FUEL.ZS.UN,Fuel exports (% of merchandise exports)
NLD,2022,13.6080383440618,TX.VAL.FUEL.ZS.UN,Fuel exports (% of merchandise exports)
NLD,2023,14.5347760829432,TX.VAL.FUEL.ZS.UN,Fuel exports (% of merchandise exports)
NLD,2024,12.6812336694305,TX.VAL.FUEL.ZS.UN,Fuel exports (% of merchandise exports)
NLD,2025,,TX.VAL.FUEL.ZS.UN,Fuel exports (% of merchandise exports)
NOR,1960,,TX.VAL.FUEL.ZS.UN,Fuel exports (% of merchandise exports)
NOR,1961,,TX.VAL.FUEL.ZS.UN,Fuel exports (% of merchandise exports)
NOR,1962,3.2610842097722,TX.VAL.FUEL.ZS.UN,Fuel exports (% of merchandise exports)
NOR,1963,4.80394151660208,TX.VAL.FUEL.ZS.UN,Fuel exports (% of merchandise exports)
NOR,1964,4.66065957666655,TX.VAL.FUEL.ZS.UN,Fuel exports (% of merchandise exports)
NOR,1965,2.08591204724708,TX.VAL.FUEL.ZS.UN,Fuel exports (% of merchandise exports)
NOR,1966,1.61080339393571,TX.VAL.FUEL.ZS.UN,Fuel exports (% of merchandise exports)
NOR,1967,1.64846820184707,TX.VAL.FUEL.ZS.UN,Fuel exports (% of merchandise exports)
NOR,1968,1.9656846979348,TX.VAL.FUEL.ZS.UN,Fuel exports (% of merchandise exports)
NOR,1969,1.4614567880156,TX.VAL.FUEL.ZS.UN,Fuel exports (% of merchandise exports)
NOR,1970,0.923390877619908,TX.VAL.FUEL.ZS.UN,Fuel exports (% of merchandise exports)
NOR,1971,1.1680863523886,TX.VAL.FUEL.ZS.UN,Fuel exports (% of merchandise exports)
NOR,1972,1.21629441169431,TX.VAL.FUEL.ZS.UN,Fuel exports (% of merchandise exports)
NOR,1973,1.25380554097322,TX.VAL.FUEL.ZS.UN,Fuel exports (% of merchandise exports)
NOR,1974,5.52166556012775,TX.VAL.FUEL.ZS.UN,Fuel exports (% of merchandise exports)
NOR,1975,13.7360820229963,TX.VAL.FUEL.ZS.UN,Fuel exports (% of merchandise exports)
NOR,1976,16.6961761438874,TX.VAL.FUEL.ZS.UN,Fuel exports (% of merchandise exports)
NOR,1977,16.7658231956035,TX.VAL.FUEL.ZS.UN,Fuel exports (% of merchandise exports)
NOR,1978,20.4766891624721,TX.VAL.FUEL.ZS.UN,Fuel exports (% of merchandise exports)
NOR,1979,36.0523724820883,TX.VAL.FUEL.ZS.UN,Fuel exports (% of merchandise exports)
NOR,1980,48.7422842908038,TX.VAL.FUEL.ZS.UN,Fuel exports (% of merchandise exports)
NOR,1981,50.7359810108382,TX.VAL.FUEL.ZS.UN,Fuel exports (% of merchandise exports)
NOR,1982,52.3499133346103,TX.VAL.FUEL.ZS.UN,Fuel exports (% of merchandise exports)
NOR,1983,52.751949738483,TX.VAL.FUEL.ZS.UN,Fuel exports (% of merchandise exports)
NOR,1984,54.5753600789346,TX.VAL.FUEL.ZS.UN,Fuel exports (% of merchandise exports)
NOR,1985,53.751681152741,TX.VAL.FUEL.ZS.UN,Fuel exports (% of merchandise exports)
NOR,1986,,TX.VAL.FUEL.ZS.UN,Fuel exports (% of merchandise exports)
NOR,1987,,TX.VAL.FUEL.ZS.UN,Fuel exports (% of merchandise exports)
NOR,1988,36.5491013201011,TX.VAL.FUEL.ZS.UN,Fuel exports (% of merchandise exports)
NOR,1989,42.5679672406371,TX.VAL.FUEL.ZS.UN,Fuel exports (% of merchandise exports)
NOR,1990,47.8019321297455,TX.VAL.FUEL.ZS.UN,Fuel exports (% of merchandise exports)
NOR,1991,48.7779927770665,TX.VAL.FUEL.ZS.UN,Fuel exports (% of merchandise exports)
NOR,1992,49.6759949621632,TX.VAL.FUEL.ZS.UN,Fuel exports (% of merchandise exports)
NOR,1993,51.2582316950657,TX.VAL.FUEL.ZS.UN,Fuel exports (% of merchandise exports)
NOR,1994,49.6081490566187,TX.VAL.FUEL.ZS.UN,Fuel exports (% of merchandise exports)
NOR,1995,47.2802190038024,TX.VAL.FUEL.ZS.UN,Fuel exports (% of merchandise exports)
NOR,1996,54.6572823807438,TX.VAL.FUEL.ZS.UN,Fuel exports (% of merchandise exports)
NOR,1997,53.7879689070806,TX.VAL.FUEL.ZS.UN,Fuel exports (% of merchandise exports)
NOR,1998,43.2753937911926,TX.VAL.FUEL.ZS.UN,Fuel exports (% of merchandise exports)
NOR,1999,49.946709786378,TX.VAL.FUEL.ZS.UN,Fuel exports (% of merchandise exports)
NOR,2000,63.8968667082269,TX.VAL.FUEL.ZS.UN,Fuel exports (% of merchandise exports)
NOR,2001,61.7533969227667,TX.VAL.FUEL.ZS.UN,Fuel exports (% of merchandise exports)
NOR,2002,60.6325152586474,TX.VAL.FUEL.ZS.UN,Fuel exports (% of merchandise exports)
NOR,2003,61.1728639129257,TX.VAL.FUEL.ZS.UN,Fuel exports (% of merchandise exports)
NOR,2004,63.6222202285939,TX.VAL.FUEL.ZS.UN,Fuel exports (% of merchandise exports)
NOR,2005,67.6843283288731,TX.VAL.FUEL.ZS.UN,Fuel exports (% of merchandise exports)
NOR,2006,67.8034646421845,TX.VAL.FUEL.ZS.UN,Fuel exports (% of merchandise exports)
NOR,2007,64.2968133456296,TX.VAL.FUEL.ZS.UN,Fuel exports (% of merchandise exports)
NOR,2008,68.6853998054327,TX.VAL.FUEL.ZS.UN,Fuel exports (% of merchandise exports)
NOR,2009,63.662873718534,TX.VAL.FUEL.ZS.UN,Fuel exports (% of merchandise exports)
NOR,2010,63.6983768325339,TX.VAL.FUEL.ZS.UN,Fuel exports (% of merchandise exports)
NOR,2011,68.0283731997345,TX.VAL.FUEL.ZS.UN,Fuel exports (% of merchandise exports)
NOR,2012,69.815656349232,TX.VAL.FUEL.ZS.UN,Fuel exports (% of merchandise exports)
NOR,2013,67.6247146158353,TX.VAL.FUEL.ZS.UN,Fuel exports (% of merchandise exports)
NOR,2014,64.878121273836,TX.VAL.FUEL.ZS.UN,Fuel exports (% of merchandise exports)
NOR,2015,57.6867194348074,TX.VAL.FUEL.ZS.UN,Fuel exports (% of merchandise exports)
NOR,2016,52.9734980784027,TX.VAL.FUEL.ZS.UN,Fuel exports (% of merchandise exports)
NOR,2017,57.1858991050078,TX.VAL.FUEL.ZS.UN,Fuel exports (% of merchandise exports)
NOR,2018,62.1231169933481,TX.VAL.FUEL.ZS.UN,Fuel exports (% of merchandise exports)
NOR,2019,55.9876673683571,TX.VAL.FUEL.ZS.UN,Fuel exports (% of merchandise exports)
NOR,2020,49.3175349328281,TX.VAL.FUEL.ZS.UN,Fuel exports (% of merchandise exports)
NOR,2021,68.9331407034111,TX.VAL.FUEL.ZS.UN,Fuel exports (% of merchandise exports)
NOR,2022,79.2652360834588,TX.VAL.FUEL.ZS.UN,Fuel exports (% of merchandise exports)
NOR,2023,68.3629762990575,TX.VAL.FUEL.ZS.UN,Fuel exports (% of merchandise exports)
NOR,2024,65.5240372734242,TX.VAL.FUEL.ZS.UN,Fuel exports (% of merchandise exports)
NOR,2025,62.3076651968246,TX.VAL.FUEL.ZS.UN,Fuel exports (% of merchandise exports)
SGP,1960,,TX.VAL.FUEL.ZS.UN,Fuel exports (% of merchandise exports)
SGP,1961,,TX.VAL.FUEL.ZS.UN,Fuel exports (% of merchandise exports)
SGP,1962,17.1034639163054,TX.VAL.FUEL.ZS.UN,Fuel exports (% of merchandise exports)
SGP,1963,16.8547532785868,TX.VAL.FUEL.ZS.UN,Fuel exports (% of merchandise exports)
SGP,1964,18.2319078071313,TX.VAL.FUEL.ZS.UN,Fuel exports (% of merchandise exports)
SGP,1965,19.9217188076236,TX.VAL.FUEL.ZS.UN,Fuel exports (% of merchandise exports)
SGP,1966,22.9878332265149,TX.VAL.FUEL.ZS.UN,Fuel exports (% of merchandise exports)
SGP,1967,25.7123704029742,TX.VAL.FUEL.ZS.UN,Fuel exports (% of merchandise exports)
SGP,1968,27.3280447419344,TX.VAL.FUEL.ZS.UN,Fuel exports (% of merchandise exports)
SGP,1969,24.4081985570524,TX.VAL.FUEL.ZS.UN,Fuel exports (% of merchandise exports)
SGP,1970,23.1770617482628,TX.VAL.FUEL.ZS.UN,Fuel exports (% of merchandise exports)
SGP,1971,25.7234291797146,TX.VAL.FUEL.ZS.UN,Fuel exports (% of merchandise exports)
SGP,1972,24.5849694944523,TX.VAL.FUEL.ZS.UN,Fuel exports (% of merchandise exports)
SGP,1973,19.8433341020995,TX.VAL.FUEL.ZS.UN,Fuel exports (% of merchandise exports)
SGP,1974,32.1000382862555,TX.VAL.FUEL.ZS.UN,Fuel exports (% of merchandise exports)
SGP,1975,33.6379236730538,TX.VAL.FUEL.ZS.UN,Fuel exports (% of merchandise exports)
SGP,1976,29.6929248052148,TX.VAL.FUEL.ZS.UN,Fuel exports (% of merchandise exports)
SGP,1977,30.1079612163884,TX.VAL.FUEL.ZS.UN,Fuel exports (% of merchandise exports)
SGP,1978,28.2882764222122,TX.VAL.FUEL.ZS.UN,Fuel exports (% of merchandise exports)
SGP,1979,23.9573052018945,TX.VAL.FUEL.ZS.UN,Fuel exports (% of merchandise exports)
SGP,1980,25.1977210928396,TX.VAL.FUEL.ZS.UN,Fuel exports (% of merchandise exports)
SGP,1981,27.3096118009677,TX.VAL.FUEL.ZS.UN,Fuel exports (% of merchandise exports)
SGP,1982,27.5368206043469,TX.VAL.FUEL.ZS.UN,Fuel exports (% of merchandise exports)
SGP,1983,28.0104137548052,TX.VAL.FUEL.ZS.UN,Fuel exports (% of merchandise exports)
SGP,1984,25.6167953773966,TX.VAL.FUEL.ZS.UN,Fuel exports (% of merchandise exports)
SGP,1985,26.980729007662,TX.VAL.FUEL.ZS.UN,Fuel exports (% of merchandise exports)
SGP,1986,20.4532577050029,TX.VAL.FUEL.ZS.UN,Fuel exports (% of merchandise exports)
SGP,1987,15.8205967018809,TX.VAL.FUEL.ZS.UN,Fuel exports (% of merchandise exports)
SGP,1988,,TX.VAL.FUEL.ZS.UN,Fuel exports (% of merchandise exports)
SGP,1989,15.4284105185218,TX.VAL.FUEL.ZS.UN,Fuel exports (% of merchandise exports)
SGP,1990,18.1466102298733,TX.VAL.FUEL.ZS.UN,Fuel exports (% of merchandise exports)
SGP,1991,17.0374918909665,TX.VAL.FUEL.ZS.UN,Fuel exports (% of merchandise exports)
SGP,1992,13.0740863692171,TX.VAL.FUEL.ZS.UN,Fuel exports (% of merchandise exports)
SGP,1993,12.2302512953749,TX.VAL.FUEL.ZS.UN,Fuel exports (% of merchandise exports)
SGP,1994,9.46664565037676,TX.VAL.FUEL.ZS.UN,Fuel exports (% of merchandise exports)
SGP,1995,6.84447285523953,TX.VAL.FUEL.ZS.UN,Fuel exports (% of merchandise exports)
SGP,1996,9.55449625376899,TX.VAL.FUEL.ZS.UN,Fuel exports (% of merchandise exports)
SGP,1997,8.80208798615066,TX.VAL.FUEL.ZS.UN,Fuel exports (% of merchandise exports)
SGP,1998,7.47074556895319,TX.VAL.FUEL.ZS.UN,Fuel exports (% of merchandise exports)
SGP,1999,7.93350282594033,TX.VAL.FUEL.ZS.UN,Fuel exports (% of merchandise exports)
SGP,2000,7.35946744148839,TX.VAL.FUEL.ZS.UN,Fuel exports (% of merchandise exports)
SGP,2001,7.57471078650487,TX.VAL.FUEL.ZS.UN,Fuel exports (% of merchandise exports)
SGP,2002,7.78467758368727,TX.VAL.FUEL.ZS.UN,Fuel exports (% of merchandise exports)
SGP,2003,8.48131703942424,TX.VAL.FUEL.ZS.UN,Fuel exports (% of merchandise exports)
SGP,2004,10.0011141121373,TX.VAL.FUEL.ZS.UN,Fuel exports (% of merchandise exports)
SGP,2005,12.1549708258777,TX.VAL.FUEL.ZS.UN,Fuel exports (% of merchandise exports)
SGP,2006,13.0404528247468,TX.VAL.FUEL.ZS.UN,Fuel exports (% of merchandise exports)
SGP,2007,13.704672783184,TX.VAL.FUEL.ZS.UN,Fuel exports (% of merchandise exports)
SGP,2008,18.3182362913508,TX.VAL.FUEL.ZS.UN,Fuel exports (% of merchandise exports)
SGP,2009,15.1717738189152,TX.VAL.FUEL.ZS.UN,Fuel exports (% of merchandise exports)
SGP,2010,16.058408945022,TX.VAL.FUEL.ZS.UN,Fuel exports (% of merchandise exports)
SGP,2011,19.4524947487215,TX.VAL.FUEL.ZS.UN,Fuel exports (% of merchandise exports)
SGP,2012,18.1822013277449,TX.VAL.FUEL.ZS.UN,Fuel exports (% of merchandise exports)
SGP,2013,16.9980670047224,TX.VAL.FUEL.ZS.UN,Fuel exports (% of merchandise exports)
SGP,2014,16.5313373923587,TX.VAL.FUEL.ZS.UN,Fuel exports (% of merchandise exports)
SGP,2015,12.1908650025812,TX.VAL.FUEL.ZS.UN,Fuel exports (% of merchandise exports)
SGP,2016,11.0718628236027,TX.VAL.FUEL.ZS.UN,Fuel exports (% of merchandise exports)
SGP,2017,12.8070800638533,TX.VAL.FUEL.ZS.UN,Fuel exports (% of merchandise exports)
SGP,2018,13.1200446541319,TX.VAL.FUEL.ZS.UN,Fuel exports (% of merchandise exports)
SGP,2019,12.2634428523157,TX.VAL.FUEL.ZS.UN,Fuel exports (% of merchandise exports)
SGP,2020,8.08880118903498,TX.VAL.FUEL.ZS.UN,Fuel exports (% of merchandise exports)
SGP,2021,10.0411260925957,TX.VAL.FUEL.ZS.UN,Fuel exports (% of merchandise exports)
SGP,2022,12.7477293277122,TX.VAL.FUEL.ZS.UN,Fuel exports (% of merchandise exports)
SGP,2023,12.3816136808707,TX.VAL.FUEL.ZS.UN,Fuel exports (% of merchandise exports)
SGP,2024,11.1356295723316,TX.VAL.FUEL.ZS.UN,Fuel exports (% of merchandise exports)
SGP,2025,,TX.VAL.FUEL.ZS.UN,Fuel exports (% of merchandise exports)
USA,1960,,TX.VAL.FUEL.ZS.UN,Fuel exports (% of merchandise exports)
USA,1961,,TX.VAL.FUEL.ZS.UN,Fuel exports (% of merchandise exports)
USA,1962,3.75183822542366,TX.VAL.FUEL.ZS.UN,Fuel exports (% of merchandise exports)
USA,1963,4.1250641516366,TX.VAL.FUEL.ZS.UN,Fuel exports (% of merchandise exports)
USA,1964,3.49418505430138,TX.VAL.FUEL.ZS.UN,Fuel exports (% of merchandise exports)
USA,1965,3.50513775253345,TX.VAL.FUEL.ZS.UN,Fuel exports (% of merchandise exports)
USA,1966,3.26933921698858,TX.VAL.FUEL.ZS.UN,Fuel exports (% of merchandise exports)
USA,1967,3.54566254677117,TX.VAL.FUEL.ZS.UN,Fuel exports (% of merchandise exports)
USA,1968,3.09216193431342,TX.VAL.FUEL.ZS.UN,Fuel exports (% of merchandise exports)
USA,1969,3.01682199217479,TX.VAL.FUEL.ZS.UN,Fuel exports (% of merchandise exports)
USA,1970,3.744205093446,TX.VAL.FUEL.ZS.UN,Fuel exports (% of merchandise exports)
USA,1971,3.44293412487328,TX.VAL.FUEL.ZS.UN,Fuel exports (% of merchandise exports)
USA,1972,3.16971262813456,TX.VAL.FUEL.ZS.UN,Fuel exports (% of merchandise exports)
USA,1973,2.37808136509323,TX.VAL.FUEL.ZS.UN,Fuel exports (% of merchandise exports)
USA,1974,3.54514319364962,TX.VAL.FUEL.ZS.UN,Fuel exports (% of merchandise exports)
USA,1975,4.212468496815,TX.VAL.FUEL.ZS.UN,Fuel exports (% of merchandise exports)
USA,1976,3.72914030865486,TX.VAL.FUEL.ZS.UN,Fuel exports (% of merchandise exports)
USA,1977,3.54412359294581,TX.VAL.FUEL.ZS.UN,Fuel exports (% of merchandise exports)
USA,1978,2.77012812225569,TX.VAL.FUEL.ZS.UN,Fuel exports (% of merchandise exports)
USA,1979,3.24108226102482,TX.VAL.FUEL.ZS.UN,Fuel exports (% of merchandise exports)
USA,1980,3.73592035444143,TX.VAL.FUEL.ZS.UN,Fuel exports (% of merchandise exports)
USA,1981,4.53751586869299,TX.VAL.FUEL.ZS.UN,Fuel exports (% of merchandise exports)
USA,1982,6.17334460360361,TX.VAL.FUEL.ZS.UN,Fuel exports (% of merchandise exports)
USA,1983,4.91038812628473,TX.VAL.FUEL.ZS.UN,Fuel exports (% of merchandise exports)
USA,1984,4.41973450336194,TX.VAL.FUEL.ZS.UN,Fuel exports (% of merchandise exports)
USA,1985,4.85418230686114,TX.VAL.FUEL.ZS.UN,Fuel exports (% of merchandise exports)
USA,1986,3.97392020545445,TX.VAL.FUEL.ZS.UN,Fuel exports (% of merchandise exports)
USA,1987,3.17126748849486,TX.VAL.FUEL.ZS.UN,Fuel exports (% of merchandise exports)
USA,1988,,TX.VAL.FUEL.ZS.UN,Fuel exports (% of merchandise exports)
USA,1989,2.8238903031564,TX.VAL.FUEL.ZS.UN,Fuel exports (% of merchandise exports)
USA,1990,3.25140191503474,TX.VAL.FUEL.ZS.UN,Fuel exports (% of merchandise exports)
USA,1991,3.012912024288,TX.VAL.FUEL.ZS.UN,Fuel exports (% of merchandise exports)
USA,1992,2.61777454492857,TX.VAL.FUEL.ZS.UN,Fuel exports (% of merchandise exports)
USA,1993,2.21655716454674,TX.VAL.FUEL.ZS.UN,Fuel exports (% of merchandise exports)
USA,1994,1.84602214970637,TX.VAL.FUEL.ZS.UN,Fuel exports (% of merchandise exports)
USA,1995,1.89191251927575,TX.VAL.FUEL.ZS.UN,Fuel exports (% of merchandise exports)
USA,1996,2.07124626296476,TX.VAL.FUEL.ZS.UN,Fuel exports (% of merchandise exports)
USA,1997,1.91675770574592,TX.VAL.FUEL.ZS.UN,Fuel exports (% of merchandise exports)
USA,1998,1.56887699110576,TX.VAL.FUEL.ZS.UN,Fuel exports (% of merchandise exports)
USA,1999,1.52518599921472,TX.VAL.FUEL.ZS.UN,Fuel exports (% of merchandise exports)
USA,2000,1.84678858931191,TX.VAL.FUEL.ZS.UN,Fuel exports (% of merchandise exports)
USA,2001,1.88077482714846,TX.VAL.FUEL.ZS.UN,Fuel exports (% of merchandise exports)
USA,2002,1.83394389932985,TX.VAL.FUEL.ZS.UN,Fuel exports (% of merchandise exports)
USA,2003,2.10931027144065,TX.VAL.FUEL.ZS.UN,Fuel exports (% of merchandise exports)
USA,2004,2.5706533002655,TX.VAL.FUEL.ZS.UN,Fuel exports (% of merchandise exports)
USA,2005,3.31136445717427,TX.VAL.FUEL.ZS.UN,Fuel exports (% of merchandise exports)
USA,2006,3.7372185207955,TX.VAL.FUEL.ZS.UN,Fuel exports (% of merchandise exports)
USA,2007,3.96254132636237,TX.VAL.FUEL.ZS.UN,Fuel exports (% of merchandise exports)
USA,2008,6.48428941235738,TX.VAL.FUEL.ZS.UN,Fuel exports (% of merchandise exports)
USA,2009,5.80419155097004,TX.VAL.FUEL.ZS.UN,Fuel exports (% of merchandise exports)
USA,2010,7.18456843300661,TX.VAL.FUEL.ZS.UN,Fuel exports (% of merchandise exports)
USA,2011,9.92432604469065,TX.VAL.FUEL.ZS.UN,Fuel exports (% of merchandise exports)
USA,2012,10.0636570136531,TX.VAL.FUEL.ZS.UN,Fuel exports (% of merchandise exports)
USA,2013,10.7639934435291,TX.VAL.FUEL.ZS.UN,Fuel exports (% of merchandise exports)
USA,2014,10.9856792186563,TX.VAL.FUEL.ZS.UN,Fuel exports (% of merchandise exports)
USA,2015,8.0034184342575,TX.VAL.FUEL.ZS.UN,Fuel exports (% of merchandise exports)
USA,2016,7.57865354567164,TX.VAL.FUEL.ZS.UN,Fuel exports (% of merchandise exports)
USA,2017,10.510450824598,TX.VAL.FUEL.ZS.UN,Fuel exports (% of merchandise exports)
USA,2018,13.5299938279588,TX.VAL.FUEL.ZS.UN,Fuel exports (% of merchandise exports)
USA,2019,14.1993655796366,TX.VAL.FUEL.ZS.UN,Fuel exports (% of merchandise exports)
USA,2020,12.7159907896534,TX.VAL.FUEL.ZS.UN,Fuel exports (% of merchandise exports)
USA,2021,15.9220948098952,TX.VAL.FUEL.ZS.UN,Fuel exports (% of merchandise exports)
USA,2022,21.4101656084375,TX.VAL.FUEL.ZS.UN,Fuel exports (% of merchandise exports)
USA,2023,18.6774872527635,TX.VAL.FUEL.ZS.UN,Fuel exports (% of merchandise exports)
USA,2024,18.3113039630256,TX.VAL.FUEL.ZS.UN,Fuel exports (% of merchandise exports)
USA,2025,,TX.VAL.FUEL.ZS.UN,Fuel exports (% of merchandise exports)
ZAF,1960,,TX.VAL.FUEL.ZS.UN,Fuel exports (% of merchandise exports)
ZAF,1961,,TX.VAL.FUEL.ZS.UN,Fuel exports (% of merchandise exports)
ZAF,1962,,TX.VAL.FUEL.ZS.UN,Fuel exports (% of merchandise exports)
ZAF,1963,,TX.VAL.FUEL.ZS.UN,Fuel exports (% of merchandise exports)
ZAF,1964,,TX.VAL.FUEL.ZS.UN,Fuel exports (% of merchandise exports)
ZAF,1965,,TX.VAL.FUEL.ZS.UN,Fuel exports (% of merchandise exports)
ZAF,1966,,TX.VAL.FUEL.ZS.UN,Fuel exports (% of merchandise exports)
ZAF,1967,,TX.VAL.FUEL.ZS.UN,Fuel exports (% of merchandise exports)
ZAF,1968,,TX.VAL.FUEL.ZS.UN,Fuel exports (% of merchandise exports)
ZAF,1969,,TX.VAL.FUEL.ZS.UN,Fuel exports (% of merchandise exports)
ZAF,1970,,TX.VAL.FUEL.ZS.UN,Fuel exports (% of merchandise exports)
ZAF,1971,,TX.VAL.FUEL.ZS.UN,Fuel exports (% of merchandise exports)
ZAF,1972,,TX.VAL.FUEL.ZS.UN,Fuel exports (% of merchandise exports)
ZAF,1973,,TX.VAL.FUEL.ZS.UN,Fuel exports (% of merchandise exports)
ZAF,1974,0.919419281452613,TX.VAL.FUEL.ZS.UN,Fuel exports (% of merchandise exports)
ZAF,1975,1.267275056039,TX.VAL.FUEL.ZS.UN,Fuel exports (% of merchandise exports)
ZAF,1976,2.63258103067273,TX.VAL.FUEL.ZS.UN,Fuel exports (% of merchandise exports)
ZAF,1977,4.63241350730875,TX.VAL.FUEL.ZS.UN,Fuel exports (% of merchandise exports)
ZAF,1978,4.95315310458824,TX.VAL.FUEL.ZS.UN,Fuel exports (% of merchandise exports)
ZAF,1979,5.96787009781823,TX.VAL.FUEL.ZS.UN,Fuel exports (% of merchandise exports)
ZAF,1980,3.78385383698362,TX.VAL.FUEL.ZS.UN,Fuel exports (% of merchandise exports)
ZAF,1981,6.099248400334,TX.VAL.FUEL.ZS.UN,Fuel exports (% of merchandise exports)
ZAF,1982,6.49015068653044,TX.VAL.FUEL.ZS.UN,Fuel exports (% of merchandise exports)
ZAF,1983,6.08703319776915,TX.VAL.FUEL.ZS.UN,Fuel exports (% of merchandise exports)
ZAF,1984,7.32118696210114,TX.VAL.FUEL.ZS.UN,Fuel exports (% of merchandise exports)
ZAF,1985,,TX.VAL.FUEL.ZS.UN,Fuel exports (% of merchandise exports)
ZAF,1986,,TX.VAL.FUEL.ZS.UN,Fuel exports (% of merchandise exports)
ZAF,1987,,TX.VAL.FUEL.ZS.UN,Fuel exports (% of merchandise exports)
ZAF,1988,,TX.VAL.FUEL.ZS.UN,Fuel exports (% of merchandise exports)
ZAF,1989,,TX.VAL.FUEL.ZS.UN,Fuel exports (% of merchandise exports)
ZAF,1990,,TX.VAL.FUEL.ZS.UN,Fuel exports (% of merchandise exports)
ZAF,1991,,TX.VAL.FUEL.ZS.UN,Fuel exports (% of merchandise exports)
ZAF,1992,6.92522148927818,TX.VAL.FUEL.ZS.UN,Fuel exports (% of merchandise exports)
ZAF,1993,6.81488853261277,TX.VAL.FUEL.ZS.UN,Fuel exports (% of merchandise exports)
ZAF,1994,5.43043006612616,TX.VAL.FUEL.ZS.UN,Fuel exports (% of merchandise exports)
ZAF,1995,8.9184206316124,TX.VAL.FUEL.ZS.UN,Fuel exports (% of merchandise exports)
ZAF,1996,10.8549963972705,TX.VAL.FUEL.ZS.UN,Fuel exports (% of merchandise exports)
ZAF,1997,7.31132440656591,TX.VAL.FUEL.ZS.UN,Fuel exports (% of merchandise exports)
ZAF,1998,7.65629290407284,TX.VAL.FUEL.ZS.UN,Fuel exports (% of merchandise exports)
ZAF,1999,9.83345736326208,TX.VAL.FUEL.ZS.UN,Fuel exports (% of merchandise exports)
ZAF,2000,10.1307911708615,TX.VAL.FUEL.ZS.UN,Fuel exports (% of merchandise exports)
ZAF,2001,11.723492255329,TX.VAL.FUEL.ZS.UN,Fuel exports (% of merchandise exports)
ZAF,2002,12.0727131541814,TX.VAL.FUEL.ZS.UN,Fuel exports (% of merchandise exports)
ZAF,2003,9.8173484464874,TX.VAL.FUEL.ZS.UN,Fuel exports (% of merchandise exports)
ZAF,2004,9.10044404774694,TX.VAL.FUEL.ZS.UN,Fuel exports (% of merchandise exports)
ZAF,2005,10.3556169994696,TX.VAL.FUEL.ZS.UN,Fuel exports (% of merchandise exports)
ZAF,2006,9.50001852429468,TX.VAL.FUEL.ZS.UN,Fuel exports (% of merchandise exports)
ZAF,2007,10.5565719826577,TX.VAL.FUEL.ZS.UN,Fuel exports (% of merchandise exports)
ZAF,2008,9.62652463034354,TX.VAL.FUEL.ZS.UN,Fuel exports (% of merchandise exports)
ZAF,2009,11.1812947177261,TX.VAL.FUEL.ZS.UN,Fuel exports (% of merchandise exports)
ZAF,2010,10.7102338605923,TX.VAL.FUEL.ZS.UN,Fuel exports (% of merchandise exports)
ZAF,2011,10.535512006307,TX.VAL.FUEL.ZS.UN,Fuel exports (% of merchandise exports)
ZAF,2012,11.4220012610139,TX.VAL.FUEL.ZS.UN,Fuel exports (% of merchandise exports)
ZAF,2013,10.704185952183,TX.VAL.FUEL.ZS.UN,Fuel exports (% of merchandise exports)
ZAF,2014,10.1834786043196,TX.VAL.FUEL.ZS.UN,Fuel exports (% of merchandise exports)
ZAF,2015,9.75395048126192,TX.VAL.FUEL.ZS.UN,Fuel exports (% of merchandise exports)
ZAF,2016,9.83410485960525,TX.VAL.FUEL.ZS.UN,Fuel exports (% of merchandise exports)
ZAF,2017,12.0071561154403,TX.VAL.FUEL.ZS.UN,Fuel exports (% of merchandise exports)
ZAF,2018,10.9922042428029,TX.VAL.FUEL.ZS.UN,Fuel exports (% of merchandise exports)
ZAF,2019,10.050875262098,TX.VAL.FUEL.ZS.UN,Fuel exports (% of merchandise exports)
ZAF,2020,8.10609432073402,TX.VAL.FUEL.ZS.UN,Fuel exports (% of merchandise exports)
ZAF,2021,8.68304384294431,TX.VAL.FUEL.ZS.UN,Fuel exports (% of merchandise exports)
ZAF,2022,14.3272920099043,TX.VAL.FUEL.ZS.UN,Fuel exports (% of merchandise exports)
ZAF,2023,10.7279305896972,TX.VAL.FUEL.ZS.UN,Fuel exports (% of merchandise exports)
ZAF,2024,9.60851603889865,TX.VAL.FUEL.ZS.UN,Fuel exports (% of merchandise exports)
ZAF,2025,8.21099773633968,TX.VAL.FUEL.ZS.UN,Fuel exports (% of merchandise exports)
